regime,seed,query_id,method,nDCG@10,served
uniform,0,pancreas_001,OAKG,0.6311443278613472,True
uniform,0,pancreas_001,OAKG-Union,1.0,True
uniform,0,pancreas_012,OAKG,0.1619406761776396,True
uniform,0,pancreas_012,OAKG-Union,0.21306158485699,True
uniform,0,pancreas_042,OAKG,0.0,True
uniform,0,pancreas_042,OAKG-Union,0.0,True
uniform,0,pancreas_058,OAKG,0.0,True
uniform,0,pancreas_058,OAKG-Union,0.0,True
uniform,0,pancreas_077,OAKG,0.0,True
uniform,0,pancreas_077,OAKG-Union,0.0,True
uniform,0,pancreas_080,OAKG,0.2559504294230336,True
uniform,0,pancreas_080,OAKG-Union,0.5668339904824009,True
uniform,0,pancreas_081,OAKG,0.2887478400797578,True
uniform,0,pancreas_081,OAKG-Union,0.3425479501917774,True
uniform,0,pancreas_084,OAKG,0.6402900881481707,True
uniform,0,pancreas_084,OAKG-Union,1.0,True
uniform,0,pancreas_086,OAKG,0.7693484587096083,True
uniform,0,pancreas_086,OAKG-Union,0.8515543142729491,True
uniform,0,pancreas_089,OAKG,0.4651414662331113,True
uniform,0,pancreas_089,OAKG-Union,0.7221746306981013,True
uniform,0,pancreas_091,OAKG,0.5914640815742044,True
uniform,0,pancreas_091,OAKG-Union,1.0,True
uniform,0,pancreas_092,OAKG,0.14465249243306436,True
uniform,0,pancreas_092,OAKG-Union,0.21819512777735,True
uniform,0,pancreas_094,OAKG,1.0,True
uniform,0,pancreas_094,OAKG-Union,1.0,True
uniform,0,pancreas_104,OAKG,0.08877159913727696,True
uniform,0,pancreas_104,OAKG-Union,0.14285714285714285,True
uniform,0,pancreas_110,OAKG,0.6082965289412681,True
uniform,0,pancreas_110,OAKG-Union,1.0,True
uniform,0,pancreas_113,OAKG,0.47646780250879517,True
uniform,0,pancreas_113,OAKG-Union,0.9371166382005486,True
uniform,0,pancreas_114,OAKG,0.0,True
uniform,0,pancreas_114,OAKG-Union,0.0,True
uniform,0,pancreas_117,OAKG,0.4309322110679313,True
uniform,0,pancreas_117,OAKG-Union,0.4309322110679313,True
uniform,0,pancreas_119,OAKG,0.6328124867642183,True
uniform,0,pancreas_119,OAKG-Union,0.94546789582947,True
uniform,0,pancreas_120,OAKG,0.0,True
uniform,0,pancreas_120,OAKG-Union,0.0,True
uniform,0,pancreas_124,OAKG,0.2940945979596689,True
uniform,0,pancreas_124,OAKG-Union,0.9363792118010483,True
uniform,0,pancreas_130,OAKG,0.22628921392299603,True
uniform,0,pancreas_130,OAKG-Union,0.31708532520472715,True
uniform,0,pancreas_131,OAKG,0.25204584004013636,True
uniform,0,pancreas_131,OAKG-Union,0.31708532520472715,True
uniform,0,pancreas_159,OAKG,0.15090863280404943,True
uniform,0,pancreas_159,OAKG-Union,0.15090863280404943,True
uniform,0,pancreas_169,OAKG,0.0,True
uniform,0,pancreas_169,OAKG-Union,0.0,True
uniform,0,pancreas_186,OAKG,0.1822579707486268,True
uniform,0,pancreas_186,OAKG-Union,0.31708532520472715,True
uniform,0,pancreas_193,OAKG,0.637161318481177,True
uniform,0,pancreas_193,OAKG-Union,0.637161318481177,True
uniform,0,pancreas_199,OAKG,0.0,True
uniform,0,pancreas_199,OAKG-Union,0.0,True
uniform,0,pancreas_204,OAKG,0.0,True
uniform,0,pancreas_204,OAKG-Union,0.0,True
uniform,0,pancreas_207,OAKG,0.0,True
uniform,0,pancreas_207,OAKG-Union,0.0,True
uniform,0,pancreas_213,OAKG,0.0,True
uniform,0,pancreas_213,OAKG-Union,0.0,True
uniform,0,pancreas_214,OAKG,0.0,True
uniform,0,pancreas_214,OAKG-Union,0.0,True
uniform,0,pancreas_229,OAKG,0.0,True
uniform,0,pancreas_229,OAKG-Union,0.0,True
uniform,0,pancreas_244,OAKG,0.7799082337019199,True
uniform,0,pancreas_244,OAKG-Union,1.0,True
uniform,0,pancreas_246,OAKG,0.7630946912803437,True
uniform,0,pancreas_246,OAKG-Union,1.0,True
uniform,0,pancreas_255,OAKG,0.2863459897524692,True
uniform,0,pancreas_255,OAKG-Union,0.41939799988819826,True
uniform,0,pancreas_258,OAKG,0.8389574121760601,True
uniform,0,pancreas_258,OAKG-Union,1.0,True
uniform,0,pancreas_266,OAKG,0.35659643859662626,True
uniform,0,pancreas_266,OAKG-Union,0.6261043923059076,True
uniform,0,pancreas_269,OAKG,0.15798796805449397,True
uniform,0,pancreas_269,OAKG-Union,0.24789885215535917,True
uniform,0,pancreas_280,OAKG,0.8515543142729491,True
uniform,0,pancreas_280,OAKG-Union,1.0,True
uniform,0,pancreas_283,OAKG,1.0,True
uniform,0,pancreas_283,OAKG-Union,1.0,True
uniform,0,pancreas_289,OAKG,0.0,True
uniform,0,pancreas_289,OAKG-Union,0.0,True
uniform,0,pancreas_294,OAKG,0.4220949603708208,True
uniform,0,pancreas_294,OAKG-Union,0.5637884576902256,True
uniform,0,pancreas_297,OAKG,0.0,True
uniform,0,pancreas_297,OAKG-Union,0.0,True
uniform,0,pancreas_300,OAKG,0.0,True
uniform,0,pancreas_300,OAKG-Union,0.0,True
uniform,0,pancreas_303,OAKG,0.0,True
uniform,0,pancreas_303,OAKG-Union,0.0,True
uniform,0,pancreas_304,OAKG,0.01048056029990858,True
uniform,0,pancreas_304,OAKG-Union,0.01048056029990858,True
uniform,0,pancreas_315,OAKG,0.06444408340323714,True
uniform,0,pancreas_315,OAKG-Union,0.09031040361479109,True
uniform,0,pancreas_328,OAKG,0.0,True
uniform,0,pancreas_328,OAKG-Union,0.0,True
uniform,0,pancreas_329,OAKG,0.32227224912195473,True
uniform,0,pancreas_329,OAKG-Union,0.5672274908036508,True
uniform,0,pancreas_334,OAKG,0.0,True
uniform,0,pancreas_334,OAKG-Union,0.0,True
uniform,0,pancreas_345,OAKG,0.250531570167126,True
uniform,0,pancreas_345,OAKG-Union,0.3354257508767642,True
uniform,0,pancreas_364,OAKG,0.11814306043550477,True
uniform,0,pancreas_364,OAKG-Union,0.31708532520472715,True
uniform,0,pancreas_366,OAKG,0.0,True
uniform,0,pancreas_366,OAKG-Union,0.0,True
uniform,0,pancreas_372,OAKG,0.7104770117651426,True
uniform,0,pancreas_372,OAKG-Union,1.0,True
uniform,0,pancreas_377,OAKG,0.508120027013427,True
uniform,0,pancreas_377,OAKG-Union,0.685035554235118,True
uniform,0,pancreas_386,OAKG,0.0,True
uniform,0,pancreas_386,OAKG-Union,0.0,True
uniform,0,pancreas_387,OAKG,0.030716875613565967,True
uniform,0,pancreas_387,OAKG-Union,0.14285714285714285,True
uniform,0,pancreas_391,OAKG,0.0,True
uniform,0,pancreas_391,OAKG-Union,1.0,True
uniform,0,pancreas_409,OAKG,0.0,True
uniform,0,pancreas_409,OAKG-Union,0.0,True
uniform,0,LiTs-014,OAKG,0.0,True
uniform,0,LiTs-014,OAKG-Union,0.0,True
uniform,0,LiTs-015,OAKG,0.0,True
uniform,0,LiTs-015,OAKG-Union,0.0,True
uniform,0,LiTs-021,OAKG,1.0,True
uniform,0,LiTs-021,OAKG-Union,1.0,True
uniform,0,LiTs-022,OAKG,1.0,True
uniform,0,LiTs-022,OAKG-Union,1.0,True
uniform,0,LiTs-024,OAKG,0.009088684028421674,True
uniform,0,LiTs-024,OAKG-Union,0.009088684028421674,True
uniform,0,LiTs-041,OAKG,1.0,True
uniform,0,LiTs-041,OAKG-Union,1.0,True
uniform,0,LiTs-044,OAKG,0.6489315753318466,True
uniform,0,LiTs-044,OAKG-Union,0.6489315753318466,True
uniform,0,LiTs-045,OAKG,0.2329726085570736,True
uniform,0,LiTs-045,OAKG-Union,0.2329726085570736,True
uniform,0,LiTs-046,OAKG,0.0,True
uniform,0,LiTs-046,OAKG-Union,0.0,True
uniform,0,LiTs-047,OAKG,1.0,True
uniform,0,LiTs-047,OAKG-Union,1.0,True
uniform,0,LiTs-059,OAKG,1.0,True
uniform,0,LiTs-059,OAKG-Union,1.0,True
uniform,0,LiTs-066,OAKG,1.0,True
uniform,0,LiTs-066,OAKG-Union,1.0,True
uniform,0,LiTs-067,OAKG,0.013541194909935826,True
uniform,0,LiTs-067,OAKG-Union,0.013541194909935826,True
uniform,0,LiTs-076,OAKG,0.5933607200949346,True
uniform,0,LiTs-076,OAKG-Union,0.5933607200949346,True
uniform,0,LiTs-082,OAKG,0.06943122193677727,True
uniform,0,LiTs-082,OAKG-Union,0.2200917662980802,True
uniform,0,LiTs-083,OAKG,0.14285714285714285,True
uniform,0,LiTs-083,OAKG-Union,0.14285714285714285,True
uniform,0,LiTs-086,OAKG,0.0,True
uniform,0,LiTs-086,OAKG-Union,0.314880130667631,True
uniform,0,LiTs-087,OAKG,0.19930623359011804,True
uniform,0,LiTs-087,OAKG-Union,0.0,True
uniform,0,LiTs-089,OAKG,0.0,True
uniform,0,LiTs-089,OAKG-Union,0.0,True
uniform,0,LiTs-102,OAKG,0.2625298390460707,True
uniform,0,LiTs-102,OAKG-Union,0.5473983622993501,True
uniform,0,LiTs-104,OAKG,1.0,True
uniform,0,LiTs-104,OAKG-Union,1.0,True
uniform,0,LiTs-105,OAKG,0.857980942822373,True
uniform,0,LiTs-105,OAKG-Union,1.0,True
uniform,0,LiTs-111,OAKG,0.020399306290876763,True
uniform,0,LiTs-111,OAKG-Union,0.35459765152630157,True
uniform,0,LiTs-128,OAKG,0.0,True
uniform,0,LiTs-128,OAKG-Union,0.5803013296579812,True
uniform,0,LiTs-130,OAKG,0.0,True
uniform,0,LiTs-130,OAKG-Union,1.0,True
uniform,0,FLARE22_Tr_0006,OAKG,0.0,True
uniform,0,FLARE22_Tr_0006,OAKG-Union,0.07839826897867534,True
uniform,0,FLARE22_Tr_0010,OAKG,0.0,True
uniform,0,FLARE22_Tr_0010,OAKG-Union,0.2863459897524692,True
uniform,0,FLARE22_Tr_0011,OAKG,0.0,True
uniform,0,FLARE22_Tr_0011,OAKG-Union,0.0,True
uniform,0,FLARE22_Tr_0014,OAKG,0.0,True
uniform,0,FLARE22_Tr_0014,OAKG-Union,0.07336392209936006,True
uniform,0,FLARE22_Tr_0018,OAKG,0.0,True
uniform,0,FLARE22_Tr_0018,OAKG-Union,0.2317730746678626,True
uniform,0,FLARE22_Tr_0021,OAKG,0.0,True
uniform,0,FLARE22_Tr_0021,OAKG-Union,0.0,True
uniform,0,FLARE22_Tr_0025,OAKG,0.0,True
uniform,0,FLARE22_Tr_0025,OAKG-Union,0.3120490772217807,True
uniform,0,FLARE22_Tr_0028,OAKG,0.0,True
uniform,0,FLARE22_Tr_0028,OAKG-Union,0.41115323210409144,True
uniform,0,FLARE22_Tr_0031,OAKG,0.0,True
uniform,0,FLARE22_Tr_0031,OAKG-Union,0.37859880603906126,True
uniform,0,FLARE22_Tr_0036,OAKG,0.011199752711239335,True
uniform,0,FLARE22_Tr_0036,OAKG-Union,0.14285714285714285,True
uniform,0,FLARE22_Tr_0038,OAKG,0.0,True
uniform,0,FLARE22_Tr_0038,OAKG-Union,0.2866919347890072,True
uniform,0,FLARE22_Tr_0043,OAKG,0.0,True
uniform,0,FLARE22_Tr_0043,OAKG-Union,0.0,True
uniform,0,FLARE22_Tr_0045,OAKG,0.0,True
uniform,0,FLARE22_Tr_0045,OAKG-Union,0.37521868940541137,True
uniform,0,FLARE22_Tr_0050,OAKG,0.0,True
uniform,0,FLARE22_Tr_0050,OAKG-Union,0.3660246186928026,True
uniform,0,FLARETs_0003,OAKG,0.0,True
uniform,0,FLARETs_0003,OAKG-Union,0.0,True
uniform,0,FLARETs_0006,OAKG,0.0,True
uniform,0,FLARETs_0006,OAKG-Union,0.5991460842621132,True
uniform,0,FLARETs_0021,OAKG,0.0,True
uniform,0,FLARETs_0021,OAKG-Union,0.3094454128949909,True
uniform,0,FLARETs_0023,OAKG,0.14285714285714285,True
uniform,0,FLARETs_0023,OAKG-Union,0.712936470508769,True
uniform,0,FLARETs_0024,OAKG,0.009918745990968182,True
uniform,0,FLARETs_0024,OAKG-Union,0.7508931700414944,True
uniform,0,FLARETs_0033,OAKG,0.0,True
uniform,0,FLARETs_0033,OAKG-Union,0.0,True
uniform,0,FLARETs_0034,OAKG,0.0,True
uniform,0,FLARETs_0034,OAKG-Union,0.12989283987529457,True
uniform,0,FLARETs_0035,OAKG,0.0,True
uniform,0,FLARETs_0035,OAKG-Union,0.5232512984721256,True
uniform,0,FLARETs_0036,OAKG,0.00946488906491272,True
uniform,0,FLARETs_0036,OAKG-Union,0.5814149852926773,True
uniform,0,FLARETs_0039,OAKG,0.0,True
uniform,0,FLARETs_0039,OAKG-Union,0.17405014866116933,True
uniform,0,FLARETs_0044,OAKG,0.0,True
uniform,0,FLARETs_0044,OAKG-Union,0.4988207993800992,True
uniform,0,FLARETs_0050,OAKG,0.03144168089972574,True
uniform,0,FLARETs_0050,OAKG-Union,0.2808936467062342,True
random,0,pancreas_001,OAKG,0.6311443278613472,True
random,0,pancreas_001,OAKG-Union,1.0,True
random,0,pancreas_012,OAKG,0.1866839282170291,True
random,0,pancreas_012,OAKG-Union,0.21306158485699,True
random,0,pancreas_042,OAKG,0.0,True
random,0,pancreas_042,OAKG-Union,0.0,True
random,0,pancreas_058,OAKG,0.0,True
random,0,pancreas_058,OAKG-Union,0.0,True
random,0,pancreas_077,OAKG,0.0,True
random,0,pancreas_077,OAKG-Union,0.0,True
random,0,pancreas_080,OAKG,0.2559504294230336,True
random,0,pancreas_080,OAKG-Union,0.5668339904824009,True
random,0,pancreas_081,OAKG,0.2887478400797578,True
random,0,pancreas_081,OAKG-Union,0.3425479501917774,True
random,0,pancreas_084,OAKG,0.6402900881481707,True
random,0,pancreas_084,OAKG-Union,1.0,True
random,0,pancreas_086,OAKG,0.8515543142729491,True
random,0,pancreas_086,OAKG-Union,0.8515543142729491,True
random,0,pancreas_089,OAKG,0.4651414662331113,True
random,0,pancreas_089,OAKG-Union,0.7221746306981013,True
random,0,pancreas_091,OAKG,0.5914640815742044,True
random,0,pancreas_091,OAKG-Union,1.0,True
random,0,pancreas_092,OAKG,0.14465249243306436,True
random,0,pancreas_092,OAKG-Union,0.21819512777735,True
random,0,pancreas_094,OAKG,1.0,True
random,0,pancreas_094,OAKG-Union,1.0,True
random,0,pancreas_104,OAKG,0.1181161952359677,True
random,0,pancreas_104,OAKG-Union,0.14285714285714285,True
random,0,pancreas_110,OAKG,0.6082965289412681,True
random,0,pancreas_110,OAKG-Union,1.0,True
random,0,pancreas_113,OAKG,0.47646780250879517,True
random,0,pancreas_113,OAKG-Union,0.9371166382005486,True
random,0,pancreas_114,OAKG,0.0,True
random,0,pancreas_114,OAKG-Union,0.0,True
random,0,pancreas_117,OAKG,0.4309322110679313,True
random,0,pancreas_117,OAKG-Union,0.4309322110679313,True
random,0,pancreas_119,OAKG,0.6328124867642183,True
random,0,pancreas_119,OAKG-Union,0.94546789582947,True
random,0,pancreas_120,OAKG,0.0,True
random,0,pancreas_120,OAKG-Union,0.0,True
random,0,pancreas_124,OAKG,0.2940945979596689,True
random,0,pancreas_124,OAKG-Union,0.9363792118010483,True
random,0,pancreas_130,OAKG,0.2950697036175426,True
random,0,pancreas_130,OAKG-Union,0.31708532520472715,True
random,0,pancreas_131,OAKG,0.27305408203035797,True
random,0,pancreas_131,OAKG-Union,0.31708532520472715,True
random,0,pancreas_159,OAKG,0.15090863280404943,True
random,0,pancreas_159,OAKG-Union,0.15090863280404943,True
random,0,pancreas_169,OAKG,0.0,True
random,0,pancreas_169,OAKG-Union,0.0,True
random,0,pancreas_186,OAKG,0.24729745591321764,True
random,0,pancreas_186,OAKG-Union,0.31708532520472715,True
random,0,pancreas_193,OAKG,0.637161318481177,True
random,0,pancreas_193,OAKG-Union,0.637161318481177,True
random,0,pancreas_199,OAKG,0.0,True
random,0,pancreas_199,OAKG-Union,0.0,True
random,0,pancreas_204,OAKG,0.0,True
random,0,pancreas_204,OAKG-Union,0.0,True
random,0,pancreas_207,OAKG,0.0,True
random,0,pancreas_207,OAKG-Union,0.0,True
random,0,pancreas_213,OAKG,0.0,True
random,0,pancreas_213,OAKG-Union,0.0,True
random,0,pancreas_214,OAKG,0.0,True
random,0,pancreas_214,OAKG-Union,0.0,True
random,0,pancreas_229,OAKG,0.0,True
random,0,pancreas_229,OAKG-Union,0.0,True
random,0,pancreas_244,OAKG,0.7799082337019199,True
random,0,pancreas_244,OAKG-Union,1.0,True
random,0,pancreas_246,OAKG,0.8364586133797037,True
random,0,pancreas_246,OAKG-Union,1.0,True
random,0,pancreas_255,OAKG,0.2863459897524692,True
random,0,pancreas_255,OAKG-Union,0.41939799988819826,True
random,0,pancreas_258,OAKG,0.8389574121760601,True
random,0,pancreas_258,OAKG-Union,1.0,True
random,0,pancreas_266,OAKG,0.4310032867362254,True
random,0,pancreas_266,OAKG-Union,0.6261043923059076,True
random,0,pancreas_269,OAKG,0.15798796805449397,True
random,0,pancreas_269,OAKG-Union,0.24789885215535917,True
random,0,pancreas_280,OAKG,0.8515543142729491,True
random,0,pancreas_280,OAKG-Union,1.0,True
random,0,pancreas_283,OAKG,1.0,True
random,0,pancreas_283,OAKG-Union,1.0,True
random,0,pancreas_289,OAKG,0.0,True
random,0,pancreas_289,OAKG-Union,0.0,True
random,0,pancreas_294,OAKG,0.5637884576902256,True
random,0,pancreas_294,OAKG-Union,0.5637884576902256,True
random,0,pancreas_297,OAKG,0.0,True
random,0,pancreas_297,OAKG-Union,0.0,True
random,0,pancreas_300,OAKG,0.0,True
random,0,pancreas_300,OAKG-Union,0.0,True
random,0,pancreas_303,OAKG,0.0,True
random,0,pancreas_303,OAKG-Union,0.0,True
random,0,pancreas_304,OAKG,0.01048056029990858,True
random,0,pancreas_304,OAKG-Union,0.01048056029990858,True
random,0,pancreas_315,OAKG,0.06628648667457608,True
random,0,pancreas_315,OAKG-Union,0.09031040361479109,True
random,0,pancreas_328,OAKG,0.0,True
random,0,pancreas_328,OAKG-Union,0.0,True
random,0,pancreas_329,OAKG,0.32227224912195473,True
random,0,pancreas_329,OAKG-Union,0.5672274908036508,True
random,0,pancreas_334,OAKG,0.0,True
random,0,pancreas_334,OAKG-Union,0.0,True
random,0,pancreas_345,OAKG,0.3354257508767642,True
random,0,pancreas_345,OAKG-Union,0.3354257508767642,True
random,0,pancreas_364,OAKG,0.1812505911516638,True
random,0,pancreas_364,OAKG-Union,0.31708532520472715,True
random,0,pancreas_366,OAKG,0.0,True
random,0,pancreas_366,OAKG-Union,0.0,True
random,0,pancreas_372,OAKG,0.92663607790064,True
random,0,pancreas_372,OAKG-Union,1.0,True
random,0,pancreas_377,OAKG,0.508120027013427,True
random,0,pancreas_377,OAKG-Union,0.685035554235118,True
random,0,pancreas_386,OAKG,0.0,True
random,0,pancreas_386,OAKG-Union,0.0,True
random,0,pancreas_387,OAKG,0.0420135139942384,True
random,0,pancreas_387,OAKG-Union,0.14285714285714285,True
random,0,pancreas_391,OAKG,0.0,True
random,0,pancreas_391,OAKG-Union,1.0,True
random,0,pancreas_409,OAKG,0.0,True
random,0,pancreas_409,OAKG-Union,0.0,True
random,0,LiTs-014,OAKG,0.0,True
random,0,LiTs-014,OAKG-Union,0.0,True
random,0,LiTs-015,OAKG,0.0,True
random,0,LiTs-015,OAKG-Union,0.0,True
random,0,LiTs-021,OAKG,1.0,True
random,0,LiTs-021,OAKG-Union,1.0,True
random,0,LiTs-022,OAKG,1.0,True
random,0,LiTs-022,OAKG-Union,1.0,True
random,0,LiTs-024,OAKG,0.009088684028421674,True
random,0,LiTs-024,OAKG-Union,0.009088684028421674,True
random,0,LiTs-041,OAKG,1.0,True
random,0,LiTs-041,OAKG-Union,1.0,True
random,0,LiTs-044,OAKG,0.6489315753318466,True
random,0,LiTs-044,OAKG-Union,0.6489315753318466,True
random,0,LiTs-045,OAKG,0.2329726085570736,True
random,0,LiTs-045,OAKG-Union,0.2329726085570736,True
random,0,LiTs-046,OAKG,0.0,True
random,0,LiTs-046,OAKG-Union,0.0,True
random,0,LiTs-047,OAKG,1.0,True
random,0,LiTs-047,OAKG-Union,1.0,True
random,0,LiTs-059,OAKG,1.0,True
random,0,LiTs-059,OAKG-Union,1.0,True
random,0,LiTs-066,OAKG,1.0,True
random,0,LiTs-066,OAKG-Union,1.0,True
random,0,LiTs-067,OAKG,0.013541194909935826,True
random,0,LiTs-067,OAKG-Union,0.013541194909935826,True
random,0,LiTs-076,OAKG,0.5933607200949346,True
random,0,LiTs-076,OAKG-Union,0.5933607200949346,True
random,0,LiTs-082,OAKG,0.07336392209936006,True
random,0,LiTs-082,OAKG-Union,0.2200917662980802,True
random,0,LiTs-083,OAKG,0.14285714285714285,True
random,0,LiTs-083,OAKG-Union,0.14285714285714285,True
random,0,LiTs-086,OAKG,0.06362078819895173,True
random,0,LiTs-086,OAKG-Union,0.314880130667631,True
random,0,LiTs-087,OAKG,0.2090493674905264,True
random,0,LiTs-087,OAKG-Union,0.0,True
random,0,LiTs-089,OAKG,0.0,True
random,0,LiTs-089,OAKG-Union,0.0,True
random,0,LiTs-102,OAKG,0.2787203197779838,True
random,0,LiTs-102,OAKG-Union,0.5473983622993501,True
random,0,LiTs-104,OAKG,1.0,True
random,0,LiTs-104,OAKG-Union,1.0,True
random,0,LiTs-105,OAKG,0.857980942822373,True
random,0,LiTs-105,OAKG-Union,1.0,True
random,0,LiTs-111,OAKG,0.020399306290876763,True
random,0,LiTs-111,OAKG-Union,0.35459765152630157,True
random,0,LiTs-128,OAKG,0.0,True
random,0,LiTs-128,OAKG-Union,0.5803013296579812,True
random,0,LiTs-130,OAKG,0.0,True
random,0,LiTs-130,OAKG-Union,1.0,True
random,0,FLARE22_Tr_0006,OAKG,0.0,True
random,0,FLARE22_Tr_0006,OAKG-Union,0.44326416469634355,True
random,0,FLARE22_Tr_0010,OAKG,0.0,True
random,0,FLARE22_Tr_0010,OAKG-Union,0.2520841973226125,True
random,0,FLARE22_Tr_0011,OAKG,0.04090656996463846,True
random,0,FLARE22_Tr_0011,OAKG-Union,0.2883820513943218,True
random,0,FLARE22_Tr_0014,OAKG,0.0,True
random,0,FLARE22_Tr_0014,OAKG-Union,0.09695184207200973,True
random,0,FLARE22_Tr_0018,OAKG,0.09478836436955079,True
random,0,FLARE22_Tr_0018,OAKG-Union,0.2735872697693364,True
random,0,FLARE22_Tr_0021,OAKG,0.0,True
random,0,FLARE22_Tr_0021,OAKG-Union,0.13979375764430893,True
random,0,FLARE22_Tr_0025,OAKG,0.0,True
random,0,FLARE22_Tr_0025,OAKG-Union,0.3187939258847263,True
random,0,FLARE22_Tr_0028,OAKG,0.009088684028421674,True
random,0,FLARE22_Tr_0028,OAKG-Union,0.3631075467533753,True
random,0,FLARE22_Tr_0031,OAKG,0.0,True
random,0,FLARE22_Tr_0031,OAKG-Union,0.0,True
random,0,FLARE22_Tr_0036,OAKG,0.011199752711239335,True
random,0,FLARE22_Tr_0036,OAKG-Union,0.576023152374742,True
random,0,FLARE22_Tr_0038,OAKG,0.0,True
random,0,FLARE22_Tr_0038,OAKG-Union,0.49593892046994653,True
random,0,FLARE22_Tr_0043,OAKG,0.0,True
random,0,FLARE22_Tr_0043,OAKG-Union,0.09424074641506182,True
random,0,FLARE22_Tr_0045,OAKG,0.0,True
random,0,FLARE22_Tr_0045,OAKG-Union,0.572894340643402,True
random,0,FLARE22_Tr_0050,OAKG,0.0,True
random,0,FLARE22_Tr_0050,OAKG-Union,0.3648149715813449,True
random,0,FLARETs_0003,OAKG,0.0,True
random,0,FLARETs_0003,OAKG-Union,0.06362078819895173,True
random,0,FLARETs_0006,OAKG,0.0,True
random,0,FLARETs_0006,OAKG-Union,0.15411418823937095,True
random,0,FLARETs_0021,OAKG,0.00946488906491272,True
random,0,FLARETs_0021,OAKG-Union,0.3468758403296002,True
random,0,FLARETs_0023,OAKG,0.4576752747037683,True
random,0,FLARETs_0023,OAKG-Union,0.6467719514807803,True
random,0,FLARETs_0024,OAKG,0.08900046626510755,True
random,0,FLARETs_0024,OAKG-Union,0.5084351701712879,True
random,0,FLARETs_0033,OAKG,0.0,True
random,0,FLARETs_0033,OAKG-Union,0.27584715417186634,True
random,0,FLARETs_0034,OAKG,0.0,True
random,0,FLARETs_0034,OAKG-Union,0.13213739640455793,True
random,0,FLARETs_0035,OAKG,0.0,True
random,0,FLARETs_0035,OAKG-Union,0.5174612499126158,True
random,0,FLARETs_0036,OAKG,0.5895129526105488,True
random,0,FLARETs_0036,OAKG-Union,0.48330759559720143,True
random,0,FLARETs_0039,OAKG,0.0,True
random,0,FLARETs_0039,OAKG-Union,0.4276241916114525,True
random,0,FLARETs_0044,OAKG,0.0,True
random,0,FLARETs_0044,OAKG-Union,0.09769590435411478,True
random,0,FLARETs_0050,OAKG,0.2371821855563201,True
random,0,FLARETs_0050,OAKG-Union,0.690579767017011,True
random,1,pancreas_001,OAKG,0.8389574121760601,True
random,1,pancreas_001,OAKG-Union,1.0,True
random,1,pancreas_012,OAKG,0.18584890454265313,True
random,1,pancreas_012,OAKG-Union,0.21306158485699,True
random,1,pancreas_042,OAKG,0.0,True
random,1,pancreas_042,OAKG-Union,0.0,True
random,1,pancreas_058,OAKG,0.0,True
random,1,pancreas_058,OAKG-Union,0.0,True
random,1,pancreas_077,OAKG,0.0,True
random,1,pancreas_077,OAKG-Union,0.0,True
random,1,pancreas_080,OAKG,0.32168228630480294,True
random,1,pancreas_080,OAKG-Union,0.5668339904824009,True
random,1,pancreas_081,OAKG,0.3008021793031486,True
random,1,pancreas_081,OAKG-Union,0.3425479501917774,True
random,1,pancreas_084,OAKG,0.6402900881481707,True
random,1,pancreas_084,OAKG-Union,1.0,True
random,1,pancreas_086,OAKG,0.8515543142729491,True
random,1,pancreas_086,OAKG-Union,0.8515543142729491,True
random,1,pancreas_089,OAKG,0.5640672777396768,True
random,1,pancreas_089,OAKG-Union,0.7221746306981013,True
random,1,pancreas_091,OAKG,0.6947651160602989,True
random,1,pancreas_091,OAKG-Union,1.0,True
random,1,pancreas_092,OAKG,0.14465249243306436,True
random,1,pancreas_092,OAKG-Union,0.21819512777735,True
random,1,pancreas_094,OAKG,1.0,True
random,1,pancreas_094,OAKG-Union,1.0,True
random,1,pancreas_104,OAKG,0.14285714285714285,True
random,1,pancreas_104,OAKG-Union,0.14285714285714285,True
random,1,pancreas_110,OAKG,0.8364586133797037,True
random,1,pancreas_110,OAKG-Union,1.0,True
random,1,pancreas_113,OAKG,0.8708624147461596,True
random,1,pancreas_113,OAKG-Union,0.9371166382005486,True
random,1,pancreas_114,OAKG,0.0,True
random,1,pancreas_114,OAKG-Union,0.0,True
random,1,pancreas_117,OAKG,0.4309322110679313,True
random,1,pancreas_117,OAKG-Union,0.4309322110679313,True
random,1,pancreas_119,OAKG,0.6328124867642183,True
random,1,pancreas_119,OAKG-Union,0.94546789582947,True
random,1,pancreas_120,OAKG,0.0,True
random,1,pancreas_120,OAKG-Union,0.0,True
random,1,pancreas_124,OAKG,0.2940945979596689,True
random,1,pancreas_124,OAKG-Union,0.9363792118010483,True
random,1,pancreas_130,OAKG,0.22628921392299603,True
random,1,pancreas_130,OAKG-Union,0.31708532520472715,True
random,1,pancreas_131,OAKG,0.27305408203035797,True
random,1,pancreas_131,OAKG-Union,0.31708532520472715,True
random,1,pancreas_159,OAKG,0.15090863280404943,True
random,1,pancreas_159,OAKG-Union,0.15090863280404943,True
random,1,pancreas_169,OAKG,0.0,True
random,1,pancreas_169,OAKG-Union,0.0,True
random,1,pancreas_186,OAKG,0.29382270210755734,True
random,1,pancreas_186,OAKG-Union,0.31708532520472715,True
random,1,pancreas_193,OAKG,0.637161318481177,True
random,1,pancreas_193,OAKG-Union,0.637161318481177,True
random,1,pancreas_199,OAKG,0.0,True
random,1,pancreas_199,OAKG-Union,0.0,True
random,1,pancreas_204,OAKG,0.0,True
random,1,pancreas_204,OAKG-Union,0.0,True
random,1,pancreas_207,OAKG,0.0,True
random,1,pancreas_207,OAKG-Union,0.0,True
random,1,pancreas_213,OAKG,0.0,True
random,1,pancreas_213,OAKG-Union,0.0,True
random,1,pancreas_214,OAKG,0.0,True
random,1,pancreas_214,OAKG-Union,0.0,True
random,1,pancreas_229,OAKG,0.0,True
random,1,pancreas_229,OAKG-Union,0.0,True
random,1,pancreas_244,OAKG,1.0,True
random,1,pancreas_244,OAKG-Union,1.0,True
random,1,pancreas_246,OAKG,0.7630946912803437,True
random,1,pancreas_246,OAKG-Union,1.0,True
random,1,pancreas_255,OAKG,0.3531437764338092,True
random,1,pancreas_255,OAKG-Union,0.41939799988819826,True
random,1,pancreas_258,OAKG,0.8389574121760601,True
random,1,pancreas_258,OAKG-Union,1.0,True
random,1,pancreas_266,OAKG,0.567358011267109,True
random,1,pancreas_266,OAKG-Union,0.6261043923059076,True
random,1,pancreas_269,OAKG,0.15798796805449397,True
random,1,pancreas_269,OAKG-Union,0.24789885215535917,True
random,1,pancreas_280,OAKG,0.9270201848786106,True
random,1,pancreas_280,OAKG-Union,1.0,True
random,1,pancreas_283,OAKG,1.0,True
random,1,pancreas_283,OAKG-Union,1.0,True
random,1,pancreas_289,OAKG,0.0,True
random,1,pancreas_289,OAKG-Union,0.0,True
random,1,pancreas_294,OAKG,0.4288398090337664,True
random,1,pancreas_294,OAKG-Union,0.5637884576902256,True
random,1,pancreas_297,OAKG,0.0,True
random,1,pancreas_297,OAKG-Union,0.0,True
random,1,pancreas_300,OAKG,0.0,True
random,1,pancreas_300,OAKG-Union,0.0,True
random,1,pancreas_303,OAKG,0.0,True
random,1,pancreas_303,OAKG-Union,0.0,True
random,1,pancreas_304,OAKG,0.01048056029990858,True
random,1,pancreas_304,OAKG-Union,0.01048056029990858,True
random,1,pancreas_315,OAKG,0.09031040361479109,True
random,1,pancreas_315,OAKG-Union,0.09031040361479109,True
random,1,pancreas_328,OAKG,0.0,True
random,1,pancreas_328,OAKG-Union,0.0,True
random,1,pancreas_329,OAKG,0.43735247915031006,True
random,1,pancreas_329,OAKG-Union,0.5672274908036508,True
random,1,pancreas_334,OAKG,0.0,True
random,1,pancreas_334,OAKG-Union,0.0,True
random,1,pancreas_345,OAKG,0.3354257508767642,True
random,1,pancreas_345,OAKG-Union,0.3354257508767642,True
random,1,pancreas_364,OAKG,0.20326621273884843,True
random,1,pancreas_364,OAKG-Union,0.31708532520472715,True
random,1,pancreas_366,OAKG,0.0,True
random,1,pancreas_366,OAKG-Union,0.0,True
random,1,pancreas_372,OAKG,0.92663607790064,True
random,1,pancreas_372,OAKG-Union,1.0,True
random,1,pancreas_377,OAKG,0.6533109093280358,True
random,1,pancreas_377,OAKG-Union,0.685035554235118,True
random,1,pancreas_386,OAKG,0.0,True
random,1,pancreas_386,OAKG-Union,0.0,True
random,1,pancreas_387,OAKG,0.08215342659761841,True
random,1,pancreas_387,OAKG-Union,0.14285714285714285,True
random,1,pancreas_391,OAKG,0.06625422345438904,True
random,1,pancreas_391,OAKG-Union,1.0,True
random,1,pancreas_409,OAKG,0.0,True
random,1,pancreas_409,OAKG-Union,0.0,True
random,1,LiTs-014,OAKG,0.0,True
random,1,LiTs-014,OAKG-Union,0.0,True
random,1,LiTs-015,OAKG,0.0,True
random,1,LiTs-015,OAKG-Union,0.0,True
random,1,LiTs-021,OAKG,1.0,True
random,1,LiTs-021,OAKG-Union,1.0,True
random,1,LiTs-022,OAKG,1.0,True
random,1,LiTs-022,OAKG-Union,1.0,True
random,1,LiTs-024,OAKG,0.009088684028421674,True
random,1,LiTs-024,OAKG-Union,0.009088684028421674,True
random,1,LiTs-041,OAKG,1.0,True
random,1,LiTs-041,OAKG-Union,1.0,True
random,1,LiTs-044,OAKG,0.6489315753318466,True
random,1,LiTs-044,OAKG-Union,0.6489315753318466,True
random,1,LiTs-045,OAKG,0.2329726085570736,True
random,1,LiTs-045,OAKG-Union,0.2329726085570736,True
random,1,LiTs-046,OAKG,0.0,True
random,1,LiTs-046,OAKG-Union,0.0,True
random,1,LiTs-047,OAKG,1.0,True
random,1,LiTs-047,OAKG-Union,1.0,True
random,1,LiTs-059,OAKG,1.0,True
random,1,LiTs-059,OAKG-Union,1.0,True
random,1,LiTs-066,OAKG,1.0,True
random,1,LiTs-066,OAKG-Union,1.0,True
random,1,LiTs-067,OAKG,0.013541194909935826,True
random,1,LiTs-067,OAKG-Union,0.013541194909935826,True
random,1,LiTs-076,OAKG,0.5933607200949346,True
random,1,LiTs-076,OAKG-Union,0.5933607200949346,True
random,1,LiTs-082,OAKG,0.07336392209936006,True
random,1,LiTs-082,OAKG-Union,0.2200917662980802,True
random,1,LiTs-083,OAKG,0.14285714285714285,True
random,1,LiTs-083,OAKG-Union,0.14285714285714285,True
random,1,LiTs-086,OAKG,0.06362078819895173,True
random,1,LiTs-086,OAKG-Union,0.314880130667631,True
random,1,LiTs-087,OAKG,0.1517621910780354,True
random,1,LiTs-087,OAKG-Union,0.0,True
random,1,LiTs-089,OAKG,0.0,True
random,1,LiTs-089,OAKG-Union,0.0,True
random,1,LiTs-102,OAKG,0.2625298390460707,True
random,1,LiTs-102,OAKG-Union,0.5473983622993501,True
random,1,LiTs-104,OAKG,1.0,True
random,1,LiTs-104,OAKG-Union,1.0,True
random,1,LiTs-105,OAKG,0.9337457765456111,True
random,1,LiTs-105,OAKG-Union,1.0,True
random,1,LiTs-111,OAKG,0.021680313011147916,True
random,1,LiTs-111,OAKG-Union,0.35459765152630157,True
random,1,LiTs-128,OAKG,0.0,True
random,1,LiTs-128,OAKG-Union,0.5803013296579812,True
random,1,LiTs-130,OAKG,0.0,True
random,1,LiTs-130,OAKG-Union,1.0,True
random,1,FLARE22_Tr_0006,OAKG,0.009088684028421674,True
random,1,FLARE22_Tr_0006,OAKG-Union,0.24071231447420302,True
random,1,FLARE22_Tr_0010,OAKG,0.07991178223668587,True
random,1,FLARE22_Tr_0010,OAKG-Union,0.10470711036051898,True
random,1,FLARE22_Tr_0011,OAKG,0.0,True
random,1,FLARE22_Tr_0011,OAKG-Union,0.43828689407543014,True
random,1,FLARE22_Tr_0014,OAKG,0.28371255449703187,True
random,1,FLARE22_Tr_0014,OAKG-Union,0.3660246186928026,True
random,1,FLARE22_Tr_0018,OAKG,0.06943122193677727,True
random,1,FLARE22_Tr_0018,OAKG-Union,0.5314700499698524,True
random,1,FLARE22_Tr_0021,OAKG,0.1100458831490401,True
random,1,FLARE22_Tr_0021,OAKG-Union,0.25891979123845676,True
random,1,FLARE22_Tr_0025,OAKG,0.0,True
random,1,FLARE22_Tr_0025,OAKG-Union,0.20829366581033182,True
random,1,FLARE22_Tr_0028,OAKG,0.07839826897867534,True
random,1,FLARE22_Tr_0028,OAKG-Union,0.2551731929004313,True
random,1,FLARE22_Tr_0031,OAKG,0.012163302520231572,True
random,1,FLARE22_Tr_0031,OAKG-Union,0.20827328063201608,True
random,1,FLARE22_Tr_0036,OAKG,0.011199752711239335,True
random,1,FLARE22_Tr_0036,OAKG-Union,0.6923249627100274,True
random,1,FLARE22_Tr_0038,OAKG,0.07839826897867534,True
random,1,FLARE22_Tr_0038,OAKG-Union,0.3012042966046399,True
random,1,FLARE22_Tr_0043,OAKG,0.1703041247732803,True
random,1,FLARE22_Tr_0043,OAKG-Union,0.13886244387355454,True
random,1,FLARE22_Tr_0045,OAKG,0.15178144807398064,True
random,1,FLARE22_Tr_0045,OAKG-Union,0.593037021245556,True
random,1,FLARE22_Tr_0050,OAKG,0.0,True
random,1,FLARE22_Tr_0050,OAKG-Union,0.33553519919639485,True
random,1,FLARETs_0003,OAKG,0.0,True
random,1,FLARETs_0003,OAKG-Union,0.13698471029831177,True
random,1,FLARETs_0006,OAKG,0.650139084191054,True
random,1,FLARETs_0006,OAKG-Union,0.43413529976820153,True
random,1,FLARETs_0021,OAKG,0.0257044974301674,True
random,1,FLARETs_0021,OAKG-Union,0.34142634827156987,True
random,1,FLARETs_0023,OAKG,0.3934821489612599,True
random,1,FLARETs_0023,OAKG-Union,0.07839826897867534,True
random,1,FLARETs_0024,OAKG,0.7698117803799819,True
random,1,FLARETs_0024,OAKG-Union,0.5421340812899599,True
random,1,FLARETs_0033,OAKG,0.13886244387355454,True
random,1,FLARETs_0033,OAKG-Union,0.5309999066793252,True
random,1,FLARETs_0034,OAKG,0.22941939980780457,True
random,1,FLARETs_0034,OAKG-Union,0.21766053349412307,True
random,1,FLARETs_0035,OAKG,0.2528410271851774,True
random,1,FLARETs_0035,OAKG-Union,0.6300426811446147,True
random,1,FLARETs_0036,OAKG,0.01572084044986287,True
random,1,FLARETs_0036,OAKG-Union,0.483958459305121,True
random,1,FLARETs_0039,OAKG,0.0,True
random,1,FLARETs_0039,OAKG-Union,0.17662477568573415,True
random,1,FLARETs_0044,OAKG,0.06943122193677727,True
random,1,FLARETs_0044,OAKG-Union,0.2777139915118163,True
random,1,FLARETs_0050,OAKG,0.41675682362707506,True
random,1,FLARETs_0050,OAKG-Union,0.2869876741162093,True
random,2,pancreas_001,OAKG,0.8389574121760601,True
random,2,pancreas_001,OAKG-Union,1.0,True
random,2,pancreas_012,OAKG,0.19288836654114433,True
random,2,pancreas_012,OAKG-Union,0.21306158485699,True
random,2,pancreas_042,OAKG,0.0,True
random,2,pancreas_042,OAKG-Union,0.0,True
random,2,pancreas_058,OAKG,0.0,True
random,2,pancreas_058,OAKG-Union,0.0,True
random,2,pancreas_077,OAKG,0.0,True
random,2,pancreas_077,OAKG-Union,0.0,True
random,2,pancreas_080,OAKG,0.4360868951082189,True
random,2,pancreas_080,OAKG-Union,0.5668339904824009,True
random,2,pancreas_081,OAKG,0.3098908633315703,True
random,2,pancreas_081,OAKG-Union,0.3425479501917774,True
random,2,pancreas_084,OAKG,0.6402900881481707,True
random,2,pancreas_084,OAKG-Union,1.0,True
random,2,pancreas_086,OAKG,0.8515543142729491,True
random,2,pancreas_086,OAKG-Union,0.8515543142729491,True
random,2,pancreas_089,OAKG,0.5874475375718161,True
random,2,pancreas_089,OAKG-Union,0.7221746306981013,True
random,2,pancreas_091,OAKG,1.0,True
random,2,pancreas_091,OAKG-Union,1.0,True
random,2,pancreas_092,OAKG,0.14465249243306436,True
random,2,pancreas_092,OAKG-Union,0.21819512777735,True
random,2,pancreas_094,OAKG,1.0,True
random,2,pancreas_094,OAKG-Union,1.0,True
random,2,pancreas_104,OAKG,0.11141546195741714,True
random,2,pancreas_104,OAKG-Union,0.14285714285714285,True
random,2,pancreas_110,OAKG,0.914856882358379,True
random,2,pancreas_110,OAKG-Union,1.0,True
random,2,pancreas_113,OAKG,0.9371166382005486,True
random,2,pancreas_113,OAKG-Union,0.9371166382005486,True
random,2,pancreas_114,OAKG,0.0,True
random,2,pancreas_114,OAKG-Union,0.0,True
random,2,pancreas_117,OAKG,0.4309322110679313,True
random,2,pancreas_117,OAKG-Union,0.4309322110679313,True
random,2,pancreas_119,OAKG,0.94546789582947,True
random,2,pancreas_119,OAKG-Union,0.94546789582947,True
random,2,pancreas_120,OAKG,0.0,True
random,2,pancreas_120,OAKG-Union,0.0,True
random,2,pancreas_124,OAKG,0.5309999066793252,True
random,2,pancreas_124,OAKG-Union,0.9363792118010483,True
random,2,pancreas_130,OAKG,0.24729745591321764,True
random,2,pancreas_130,OAKG-Union,0.31708532520472715,True
random,2,pancreas_131,OAKG,0.2969121068888815,True
random,2,pancreas_131,OAKG-Union,0.31708532520472715,True
random,2,pancreas_159,OAKG,0.15090863280404943,True
random,2,pancreas_159,OAKG-Union,0.15090863280404943,True
random,2,pancreas_169,OAKG,0.0,True
random,2,pancreas_169,OAKG-Union,0.0,True
random,2,pancreas_186,OAKG,0.22528183432603302,True
random,2,pancreas_186,OAKG-Union,0.31708532520472715,True
random,2,pancreas_193,OAKG,0.637161318481177,True
random,2,pancreas_193,OAKG-Union,0.637161318481177,True
random,2,pancreas_199,OAKG,0.0,True
random,2,pancreas_199,OAKG-Union,0.0,True
random,2,pancreas_204,OAKG,0.0,True
random,2,pancreas_204,OAKG-Union,0.0,True
random,2,pancreas_207,OAKG,0.0,True
random,2,pancreas_207,OAKG-Union,0.0,True
random,2,pancreas_213,OAKG,0.0,True
random,2,pancreas_213,OAKG-Union,0.0,True
random,2,pancreas_214,OAKG,0.0,True
random,2,pancreas_214,OAKG-Union,0.0,True
random,2,pancreas_229,OAKG,0.0,True
random,2,pancreas_229,OAKG-Union,0.0,True
random,2,pancreas_244,OAKG,1.0,True
random,2,pancreas_244,OAKG-Union,1.0,True
random,2,pancreas_246,OAKG,0.914856882358379,True
random,2,pancreas_246,OAKG-Union,1.0,True
random,2,pancreas_255,OAKG,0.3531437764338092,True
random,2,pancreas_255,OAKG-Union,0.41939799988819826,True
random,2,pancreas_258,OAKG,1.0,True
random,2,pancreas_258,OAKG-Union,1.0,True
random,2,pancreas_266,OAKG,0.45731212811806904,True
random,2,pancreas_266,OAKG-Union,0.6261043923059076,True
random,2,pancreas_269,OAKG,0.24789885215535917,True
random,2,pancreas_269,OAKG-Union,0.24789885215535917,True
random,2,pancreas_280,OAKG,1.0,True
random,2,pancreas_280,OAKG-Union,1.0,True
random,2,pancreas_283,OAKG,1.0,True
random,2,pancreas_283,OAKG-Union,1.0,True
random,2,pancreas_289,OAKG,0.0,True
random,2,pancreas_289,OAKG-Union,0.0,True
random,2,pancreas_294,OAKG,0.4288398090337664,True
random,2,pancreas_294,OAKG-Union,0.5637884576902256,True
random,2,pancreas_297,OAKG,0.0,True
random,2,pancreas_297,OAKG-Union,0.0,True
random,2,pancreas_300,OAKG,0.0,True
random,2,pancreas_300,OAKG-Union,0.0,True
random,2,pancreas_303,OAKG,0.0,True
random,2,pancreas_303,OAKG-Union,0.0,True
random,2,pancreas_304,OAKG,0.01048056029990858,True
random,2,pancreas_304,OAKG-Union,0.01048056029990858,True
random,2,pancreas_315,OAKG,0.06788280419199717,True
random,2,pancreas_315,OAKG-Union,0.09031040361479109,True
random,2,pancreas_328,OAKG,0.0,True
random,2,pancreas_328,OAKG-Union,0.0,True
random,2,pancreas_329,OAKG,0.3858930373209064,True
random,2,pancreas_329,OAKG-Union,0.5672274908036508,True
random,2,pancreas_334,OAKG,0.0,True
random,2,pancreas_334,OAKG-Union,0.0,True
random,2,pancreas_345,OAKG,0.250531570167126,True
random,2,pancreas_345,OAKG-Union,0.3354257508767642,True
random,2,pancreas_364,OAKG,0.20326621273884843,True
random,2,pancreas_364,OAKG-Union,0.31708532520472715,True
random,2,pancreas_366,OAKG,0.0,True
random,2,pancreas_366,OAKG-Union,0.0,True
random,2,pancreas_372,OAKG,0.7104770117651426,True
random,2,pancreas_372,OAKG-Union,1.0,True
random,2,pancreas_377,OAKG,0.6533109093280358,True
random,2,pancreas_377,OAKG-Union,0.685035554235118,True
random,2,pancreas_386,OAKG,0.0,True
random,2,pancreas_386,OAKG-Union,0.0,True
random,2,pancreas_387,OAKG,0.07803677506554495,True
random,2,pancreas_387,OAKG-Union,0.14285714285714285,True
random,2,pancreas_391,OAKG,0.14201905717762706,True
random,2,pancreas_391,OAKG-Union,1.0,True
random,2,pancreas_409,OAKG,0.0,True
random,2,pancreas_409,OAKG-Union,0.0,True
random,2,LiTs-014,OAKG,0.0,True
random,2,LiTs-014,OAKG-Union,0.0,True
random,2,LiTs-015,OAKG,0.0,True
random,2,LiTs-015,OAKG-Union,0.0,True
random,2,LiTs-021,OAKG,1.0,True
random,2,LiTs-021,OAKG-Union,1.0,True
random,2,LiTs-022,OAKG,1.0,True
random,2,LiTs-022,OAKG-Union,1.0,True
random,2,LiTs-024,OAKG,0.009088684028421674,True
random,2,LiTs-024,OAKG-Union,0.009088684028421674,True
random,2,LiTs-041,OAKG,1.0,True
random,2,LiTs-041,OAKG-Union,1.0,True
random,2,LiTs-044,OAKG,0.6489315753318466,True
random,2,LiTs-044,OAKG-Union,0.6489315753318466,True
random,2,LiTs-045,OAKG,0.2329726085570736,True
random,2,LiTs-045,OAKG-Union,0.2329726085570736,True
random,2,LiTs-046,OAKG,0.0,True
random,2,LiTs-046,OAKG-Union,0.0,True
random,2,LiTs-047,OAKG,1.0,True
random,2,LiTs-047,OAKG-Union,1.0,True
random,2,LiTs-059,OAKG,1.0,True
random,2,LiTs-059,OAKG-Union,1.0,True
random,2,LiTs-066,OAKG,1.0,True
random,2,LiTs-066,OAKG-Union,1.0,True
random,2,LiTs-067,OAKG,0.013541194909935826,True
random,2,LiTs-067,OAKG-Union,0.013541194909935826,True
random,2,LiTs-076,OAKG,0.5933607200949346,True
random,2,LiTs-076,OAKG-Union,0.5933607200949346,True
random,2,LiTs-082,OAKG,0.1100458831490401,True
random,2,LiTs-082,OAKG-Union,0.2200917662980802,True
random,2,LiTs-083,OAKG,0.14285714285714285,True
random,2,LiTs-083,OAKG-Union,0.14285714285714285,True
random,2,LiTs-086,OAKG,0.06943122193677727,True
random,2,LiTs-086,OAKG-Union,0.314880130667631,True
random,2,LiTs-087,OAKG,0.22716217481924805,True
random,2,LiTs-087,OAKG-Union,0.0,True
random,2,LiTs-089,OAKG,0.0,True
random,2,LiTs-089,OAKG-Union,0.0,True
random,2,LiTs-102,OAKG,0.40040903448484383,True
random,2,LiTs-102,OAKG-Union,0.5473983622993501,True
random,2,LiTs-104,OAKG,1.0,True
random,2,LiTs-104,OAKG-Union,1.0,True
random,2,LiTs-105,OAKG,1.0,True
random,2,LiTs-105,OAKG-Union,1.0,True
random,2,LiTs-111,OAKG,0.13109827654346132,True
random,2,LiTs-111,OAKG-Union,0.35459765152630157,True
random,2,LiTs-128,OAKG,0.0,True
random,2,LiTs-128,OAKG-Union,0.5803013296579812,True
random,2,LiTs-130,OAKG,0.06362078819895173,True
random,2,LiTs-130,OAKG-Union,1.0,True
random,2,FLARE22_Tr_0006,OAKG,0.08428542997510377,True
random,2,FLARE22_Tr_0006,OAKG-Union,0.34180072382873317,True
random,2,FLARE22_Tr_0010,OAKG,0.3098237776884626,True
random,2,FLARE22_Tr_0010,OAKG-Union,0.43829583882044937,True
random,2,FLARE22_Tr_0011,OAKG,0.0,True
random,2,FLARE22_Tr_0011,OAKG-Union,0.1951890007906611,True
random,2,FLARE22_Tr_0014,OAKG,0.0,True
random,2,FLARE22_Tr_0014,OAKG-Union,0.21813805151894805,True
random,2,FLARE22_Tr_0018,OAKG,0.5919268187287084,True
random,2,FLARE22_Tr_0018,OAKG-Union,0.17807103245987904,True
random,2,FLARE22_Tr_0021,OAKG,0.2712729632919882,True
random,2,FLARE22_Tr_0021,OAKG-Union,0.5468988731642694,True
random,2,FLARE22_Tr_0025,OAKG,0.133052010135729,True
random,2,FLARE22_Tr_0025,OAKG-Union,0.2032389337527008,True
random,2,FLARE22_Tr_0028,OAKG,0.0,True
random,2,FLARE22_Tr_0028,OAKG-Union,0.3198777255663695,True
random,2,FLARE22_Tr_0031,OAKG,0.1100458831490401,True
random,2,FLARE22_Tr_0031,OAKG-Union,0.18601602047812402,True
random,2,FLARE22_Tr_0036,OAKG,0.4027081704348961,True
random,2,FLARE22_Tr_0036,OAKG-Union,0.7518374386558365,True
random,2,FLARE22_Tr_0038,OAKG,0.0,True
random,2,FLARE22_Tr_0038,OAKG-Union,0.14279514403613733,True
random,2,FLARE22_Tr_0043,OAKG,0.31372990458394495,True
random,2,FLARE22_Tr_0043,OAKG-Union,0.3732322018162777,True
random,2,FLARE22_Tr_0045,OAKG,0.6458239297230697,True
random,2,FLARE22_Tr_0045,OAKG-Union,0.6528077997513614,True
random,2,FLARE22_Tr_0050,OAKG,0.09478836436955079,True
random,2,FLARE22_Tr_0050,OAKG-Union,0.1493430041734631,True
random,2,FLARETs_0003,OAKG,0.01572084044986287,True
random,2,FLARETs_0003,OAKG-Union,0.19930623359011804,True
random,2,FLARETs_0006,OAKG,0.8066054519559155,True
random,2,FLARETs_0006,OAKG-Union,0.38821624553143347,True
random,2,FLARETs_0021,OAKG,0.011199752711239335,True
random,2,FLARETs_0021,OAKG-Union,0.2907320755836621,True
random,2,FLARETs_0023,OAKG,0.6224304191028766,True
random,2,FLARETs_0023,OAKG-Union,0.19207571057903228,True
random,2,FLARETs_0024,OAKG,0.6209546335102746,True
random,2,FLARETs_0024,OAKG-Union,0.8156987463186042,True
random,2,FLARETs_0033,OAKG,0.0,True
random,2,FLARETs_0033,OAKG-Union,0.37183505243062814,True
random,2,FLARETs_0034,OAKG,0.07336392209936006,True
random,2,FLARETs_0034,OAKG-Union,0.04191954049313611,True
random,2,FLARETs_0035,OAKG,0.4042383682811875,True
random,2,FLARETs_0035,OAKG-Union,0.37148910739409025,True
random,2,FLARETs_0036,OAKG,0.020288436739661006,True
random,2,FLARETs_0036,OAKG-Union,0.4311551947161753,True
random,2,FLARETs_0039,OAKG,0.160073660800656,True
random,2,FLARETs_0039,OAKG-Union,0.3721002581181708,True
random,2,FLARETs_0044,OAKG,0.4118319727396407,True
random,2,FLARETs_0044,OAKG-Union,0.0,True
random,2,FLARETs_0050,OAKG,0.15006219658479386,True
random,2,FLARETs_0050,OAKG-Union,0.32773481836363566,True
random,3,pancreas_001,OAKG,1.0,True
random,3,pancreas_001,OAKG-Union,1.0,True
random,3,pancreas_012,OAKG,0.19188098694418135,True
random,3,pancreas_012,OAKG-Union,0.21306158485699,True
random,3,pancreas_042,OAKG,0.0,True
random,3,pancreas_042,OAKG-Union,0.0,True
random,3,pancreas_058,OAKG,0.0,True
random,3,pancreas_058,OAKG-Union,0.0,True
random,3,pancreas_077,OAKG,0.0,True
random,3,pancreas_077,OAKG-Union,0.0,True
random,3,pancreas_080,OAKG,0.5668339904824009,True
random,3,pancreas_080,OAKG-Union,0.5668339904824009,True
random,3,pancreas_081,OAKG,0.3425479501917774,True
random,3,pancreas_081,OAKG-Union,0.3425479501917774,True
random,3,pancreas_084,OAKG,1.0,True
random,3,pancreas_084,OAKG-Union,1.0,True
random,3,pancreas_086,OAKG,0.8515543142729491,True
random,3,pancreas_086,OAKG-Union,0.8515543142729491,True
random,3,pancreas_089,OAKG,0.6056855863073728,True
random,3,pancreas_089,OAKG-Union,0.7221746306981013,True
random,3,pancreas_091,OAKG,1.0,True
random,3,pancreas_091,OAKG-Union,1.0,True
random,3,pancreas_092,OAKG,0.21819512777735,True
random,3,pancreas_092,OAKG-Union,0.21819512777735,True
random,3,pancreas_094,OAKG,1.0,True
random,3,pancreas_094,OAKG-Union,1.0,True
random,3,pancreas_104,OAKG,0.1306938403369113,True
random,3,pancreas_104,OAKG-Union,0.14285714285714285,True
random,3,pancreas_110,OAKG,0.9363792118010483,True
random,3,pancreas_110,OAKG-Union,1.0,True
random,3,pancreas_113,OAKG,0.9371166382005486,True
random,3,pancreas_113,OAKG-Union,0.9371166382005486,True
random,3,pancreas_114,OAKG,0.0,True
random,3,pancreas_114,OAKG-Union,0.0,True
random,3,pancreas_117,OAKG,0.4309322110679313,True
random,3,pancreas_117,OAKG-Union,0.4309322110679313,True
random,3,pancreas_119,OAKG,0.8113499146016455,True
random,3,pancreas_119,OAKG-Union,0.94546789582947,True
random,3,pancreas_120,OAKG,0.0,True
random,3,pancreas_120,OAKG-Union,0.0,True
random,3,pancreas_124,OAKG,0.8611375561264455,True
random,3,pancreas_124,OAKG-Union,0.9363792118010483,True
random,3,pancreas_130,OAKG,0.31708532520472715,True
random,3,pancreas_130,OAKG-Union,0.31708532520472715,True
random,3,pancreas_131,OAKG,0.27305408203035797,True
random,3,pancreas_131,OAKG-Union,0.31708532520472715,True
random,3,pancreas_159,OAKG,0.15090863280404943,True
random,3,pancreas_159,OAKG-Union,0.15090863280404943,True
random,3,pancreas_169,OAKG,0.0,True
random,3,pancreas_169,OAKG-Union,0.0,True
random,3,pancreas_186,OAKG,0.20326621273884843,True
random,3,pancreas_186,OAKG-Union,0.31708532520472715,True
random,3,pancreas_193,OAKG,0.637161318481177,True
random,3,pancreas_193,OAKG-Union,0.637161318481177,True
random,3,pancreas_199,OAKG,0.0,True
random,3,pancreas_199,OAKG-Union,0.0,True
random,3,pancreas_204,OAKG,0.0,True
random,3,pancreas_204,OAKG-Union,0.0,True
random,3,pancreas_207,OAKG,0.0,True
random,3,pancreas_207,OAKG-Union,0.0,True
random,3,pancreas_213,OAKG,0.0,True
random,3,pancreas_213,OAKG-Union,0.0,True
random,3,pancreas_214,OAKG,0.0,True
random,3,pancreas_214,OAKG-Union,0.0,True
random,3,pancreas_229,OAKG,0.0,True
random,3,pancreas_229,OAKG-Union,0.0,True
random,3,pancreas_244,OAKG,1.0,True
random,3,pancreas_244,OAKG-Union,1.0,True
random,3,pancreas_246,OAKG,1.0,True
random,3,pancreas_246,OAKG-Union,1.0,True
random,3,pancreas_255,OAKG,0.41939799988819826,True
random,3,pancreas_255,OAKG-Union,0.41939799988819826,True
random,3,pancreas_258,OAKG,0.9305687780632227,True
random,3,pancreas_258,OAKG-Union,1.0,True
random,3,pancreas_266,OAKG,0.4073285135230984,True
random,3,pancreas_266,OAKG-Union,0.6261043923059076,True
random,3,pancreas_269,OAKG,0.20143027330840504,True
random,3,pancreas_269,OAKG-Union,0.24789885215535917,True
random,3,pancreas_280,OAKG,1.0,True
random,3,pancreas_280,OAKG-Union,1.0,True
random,3,pancreas_283,OAKG,1.0,True
random,3,pancreas_283,OAKG-Union,1.0,True
random,3,pancreas_289,OAKG,0.0,True
random,3,pancreas_289,OAKG-Union,0.0,True
random,3,pancreas_294,OAKG,0.5541432109622958,True
random,3,pancreas_294,OAKG-Union,0.5637884576902256,True
random,3,pancreas_297,OAKG,0.0,True
random,3,pancreas_297,OAKG-Union,0.0,True
random,3,pancreas_300,OAKG,0.0,True
random,3,pancreas_300,OAKG-Union,0.0,True
random,3,pancreas_303,OAKG,0.0,True
random,3,pancreas_303,OAKG-Union,0.0,True
random,3,pancreas_304,OAKG,0.01048056029990858,True
random,3,pancreas_304,OAKG-Union,0.01048056029990858,True
random,3,pancreas_315,OAKG,0.09031040361479109,True
random,3,pancreas_315,OAKG-Union,0.09031040361479109,True
random,3,pancreas_328,OAKG,0.0,True
random,3,pancreas_328,OAKG-Union,0.0,True
random,3,pancreas_329,OAKG,0.5672274908036508,True
random,3,pancreas_329,OAKG-Union,0.5672274908036508,True
random,3,pancreas_334,OAKG,0.0,True
random,3,pancreas_334,OAKG-Union,0.0,True
random,3,pancreas_345,OAKG,0.3354257508767642,True
random,3,pancreas_345,OAKG-Union,0.3354257508767642,True
random,3,pancreas_364,OAKG,0.1812505911516638,True
random,3,pancreas_364,OAKG-Union,0.31708532520472715,True
random,3,pancreas_366,OAKG,0.0,True
random,3,pancreas_366,OAKG-Union,0.0,True
random,3,pancreas_372,OAKG,1.0,True
random,3,pancreas_372,OAKG-Union,1.0,True
random,3,pancreas_377,OAKG,0.685035554235118,True
random,3,pancreas_377,OAKG-Union,0.685035554235118,True
random,3,pancreas_386,OAKG,0.0,True
random,3,pancreas_386,OAKG-Union,0.0,True
random,3,pancreas_387,OAKG,0.1230196508752065,True
random,3,pancreas_387,OAKG-Union,0.14285714285714285,True
random,3,pancreas_391,OAKG,0.34210137762625537,True
random,3,pancreas_391,OAKG-Union,1.0,True
random,3,pancreas_409,OAKG,0.0,True
random,3,pancreas_409,OAKG-Union,0.0,True
random,3,LiTs-014,OAKG,0.0,True
random,3,LiTs-014,OAKG-Union,0.0,True
random,3,LiTs-015,OAKG,0.0,True
random,3,LiTs-015,OAKG-Union,0.0,True
random,3,LiTs-021,OAKG,1.0,True
random,3,LiTs-021,OAKG-Union,1.0,True
random,3,LiTs-022,OAKG,1.0,True
random,3,LiTs-022,OAKG-Union,1.0,True
random,3,LiTs-024,OAKG,0.009088684028421674,True
random,3,LiTs-024,OAKG-Union,0.009088684028421674,True
random,3,LiTs-041,OAKG,1.0,True
random,3,LiTs-041,OAKG-Union,1.0,True
random,3,LiTs-044,OAKG,0.6489315753318466,True
random,3,LiTs-044,OAKG-Union,0.6489315753318466,True
random,3,LiTs-045,OAKG,0.2329726085570736,True
random,3,LiTs-045,OAKG-Union,0.2329726085570736,True
random,3,LiTs-046,OAKG,0.0,True
random,3,LiTs-046,OAKG-Union,0.0,True
random,3,LiTs-047,OAKG,1.0,True
random,3,LiTs-047,OAKG-Union,1.0,True
random,3,LiTs-059,OAKG,1.0,True
random,3,LiTs-059,OAKG-Union,1.0,True
random,3,LiTs-066,OAKG,1.0,True
random,3,LiTs-066,OAKG-Union,1.0,True
random,3,LiTs-067,OAKG,0.013541194909935826,True
random,3,LiTs-067,OAKG-Union,0.013541194909935826,True
random,3,LiTs-076,OAKG,0.5933607200949346,True
random,3,LiTs-076,OAKG-Union,0.5933607200949346,True
random,3,LiTs-082,OAKG,0.13886244387355454,True
random,3,LiTs-082,OAKG-Union,0.2200917662980802,True
random,3,LiTs-083,OAKG,0.14285714285714285,True
random,3,LiTs-083,OAKG-Union,0.14285714285714285,True
random,3,LiTs-086,OAKG,0.16421958630632807,True
random,3,LiTs-086,OAKG-Union,0.314880130667631,True
random,3,LiTs-087,OAKG,0.06625422345438904,True
random,3,LiTs-087,OAKG-Union,0.22476126319537013,True
random,3,LiTs-089,OAKG,0.0,True
random,3,LiTs-089,OAKG-Union,0.0,True
random,3,LiTs-102,OAKG,0.46934254825794314,True
random,3,LiTs-102,OAKG-Union,0.5473983622993501,True
random,3,LiTs-104,OAKG,1.0,True
random,3,LiTs-104,OAKG-Union,1.0,True
random,3,LiTs-105,OAKG,1.0,True
random,3,LiTs-105,OAKG-Union,0.857980942822373,True
random,3,LiTs-111,OAKG,0.2521751073628412,True
random,3,LiTs-111,OAKG-Union,0.35459765152630157,True
random,3,LiTs-128,OAKG,0.2415114629958137,True
random,3,LiTs-128,OAKG-Union,0.5803013296579812,True
random,3,LiTs-130,OAKG,0.30887207873939243,True
random,3,LiTs-130,OAKG-Union,1.0,True
random,3,FLARE22_Tr_0006,OAKG,0.2090588564335493,True
random,3,FLARE22_Tr_0006,OAKG-Union,0.2090588564335493,True
random,3,FLARE22_Tr_0010,OAKG,0.17366667134799182,True
random,3,FLARE22_Tr_0010,OAKG-Union,0.646138683827429,True
random,3,FLARE22_Tr_0011,OAKG,0.0,True
random,3,FLARE22_Tr_0011,OAKG-Union,0.0,True
random,3,FLARE22_Tr_0014,OAKG,0.2682491024469036,True
random,3,FLARE22_Tr_0014,OAKG-Union,0.2682491024469036,True
random,3,FLARE22_Tr_0018,OAKG,0.41209602876309137,True
random,3,FLARE22_Tr_0018,OAKG-Union,0.5651506488264089,True
random,3,FLARE22_Tr_0021,OAKG,0.23909919631747004,True
random,3,FLARE22_Tr_0021,OAKG-Union,0.23909919631747004,True
random,3,FLARE22_Tr_0025,OAKG,0.24355227021012352,True
random,3,FLARE22_Tr_0025,OAKG-Union,0.24355227021012352,True
random,3,FLARE22_Tr_0028,OAKG,0.5092735524444503,True
random,3,FLARE22_Tr_0028,OAKG-Union,0.5092735524444503,True
random,3,FLARE22_Tr_0031,OAKG,0.38730167481210276,True
random,3,FLARE22_Tr_0031,OAKG-Union,0.38730167481210276,True
random,3,FLARE22_Tr_0036,OAKG,0.4190904992473897,True
random,3,FLARE22_Tr_0036,OAKG-Union,0.4190904992473897,True
random,3,FLARE22_Tr_0038,OAKG,0.5919268187287084,True
random,3,FLARE22_Tr_0038,OAKG-Union,0.7720617383222417,True
random,3,FLARE22_Tr_0043,OAKG,0.0,True
random,3,FLARE22_Tr_0043,OAKG-Union,0.0,True
random,3,FLARE22_Tr_0045,OAKG,0.619345147588638,True
random,3,FLARE22_Tr_0045,OAKG-Union,0.619345147588638,True
random,3,FLARE22_Tr_0050,OAKG,0.40853248950665205,True
random,3,FLARE22_Tr_0050,OAKG-Union,0.4968721903913844,True
random,3,FLARETs_0003,OAKG,0.0,True
random,3,FLARETs_0003,OAKG-Union,0.0,True
random,3,FLARETs_0006,OAKG,0.4786071213299869,True
random,3,FLARETs_0006,OAKG-Union,0.4786071213299869,True
random,3,FLARETs_0021,OAKG,0.32102353039970194,True
random,3,FLARETs_0021,OAKG-Union,0.32102353039970194,True
random,3,FLARETs_0023,OAKG,0.3930891617548409,True
random,3,FLARETs_0023,OAKG-Union,0.26321415010150007,True
random,3,FLARETs_0024,OAKG,0.4554950789124097,True
random,3,FLARETs_0024,OAKG-Union,0.4554950789124097,True
random,3,FLARETs_0033,OAKG,0.0,True
random,3,FLARETs_0033,OAKG-Union,0.0,True
random,3,FLARETs_0034,OAKG,0.0,True
random,3,FLARETs_0034,OAKG-Union,0.15868265183154093,True
random,3,FLARETs_0035,OAKG,0.22212782793993277,True
random,3,FLARETs_0035,OAKG-Union,0.22212782793993277,True
random,3,FLARETs_0036,OAKG,0.39991859859785234,True
random,3,FLARETs_0036,OAKG-Union,0.4536122000519218,True
random,3,FLARETs_0039,OAKG,0.35211150491489773,True
random,3,FLARETs_0039,OAKG-Union,0.35211150491489773,True
random,3,FLARETs_0044,OAKG,0.17630010660342915,True
random,3,FLARETs_0044,OAKG-Union,0.6516516157338137,True
random,3,FLARETs_0050,OAKG,0.6806364964764378,True
random,3,FLARETs_0050,OAKG-Union,0.6806364964764378,True
dataset_style,0,pancreas_001,OAKG,0.6311443278613472,True
dataset_style,0,pancreas_001,OAKG-Union,1.0,True
dataset_style,0,pancreas_012,OAKG,0.1619406761776396,True
dataset_style,0,pancreas_012,OAKG-Union,0.21306158485699,True
dataset_style,0,pancreas_042,OAKG,0.0,True
dataset_style,0,pancreas_042,OAKG-Union,0.0,True
dataset_style,0,pancreas_058,OAKG,0.0,True
dataset_style,0,pancreas_058,OAKG-Union,0.0,True
dataset_style,0,pancreas_077,OAKG,0.0,True
dataset_style,0,pancreas_077,OAKG-Union,0.0,True
dataset_style,0,pancreas_080,OAKG,0.2559504294230336,True
dataset_style,0,pancreas_080,OAKG-Union,0.5668339904824009,True
dataset_style,0,pancreas_081,OAKG,0.2887478400797578,True
dataset_style,0,pancreas_081,OAKG-Union,0.3425479501917774,True
dataset_style,0,pancreas_084,OAKG,0.6402900881481707,True
dataset_style,0,pancreas_084,OAKG-Union,1.0,True
dataset_style,0,pancreas_086,OAKG,0.7693484587096083,True
dataset_style,0,pancreas_086,OAKG-Union,0.8515543142729491,True
dataset_style,0,pancreas_089,OAKG,0.4651414662331113,True
dataset_style,0,pancreas_089,OAKG-Union,0.7221746306981013,True
dataset_style,0,pancreas_091,OAKG,0.5914640815742044,True
dataset_style,0,pancreas_091,OAKG-Union,1.0,True
dataset_style,0,pancreas_092,OAKG,0.14465249243306436,True
dataset_style,0,pancreas_092,OAKG-Union,0.21819512777735,True
dataset_style,0,pancreas_094,OAKG,1.0,True
dataset_style,0,pancreas_094,OAKG-Union,1.0,True
dataset_style,0,pancreas_104,OAKG,0.08877159913727696,True
dataset_style,0,pancreas_104,OAKG-Union,0.14285714285714285,True
dataset_style,0,pancreas_110,OAKG,0.6082965289412681,True
dataset_style,0,pancreas_110,OAKG-Union,1.0,True
dataset_style,0,pancreas_113,OAKG,0.47646780250879517,True
dataset_style,0,pancreas_113,OAKG-Union,0.9371166382005486,True
dataset_style,0,pancreas_114,OAKG,0.0,True
dataset_style,0,pancreas_114,OAKG-Union,0.0,True
dataset_style,0,pancreas_117,OAKG,0.4309322110679313,True
dataset_style,0,pancreas_117,OAKG-Union,0.4309322110679313,True
dataset_style,0,pancreas_119,OAKG,0.6328124867642183,True
dataset_style,0,pancreas_119,OAKG-Union,0.94546789582947,True
dataset_style,0,pancreas_120,OAKG,0.0,True
dataset_style,0,pancreas_120,OAKG-Union,0.0,True
dataset_style,0,pancreas_124,OAKG,0.2940945979596689,True
dataset_style,0,pancreas_124,OAKG-Union,0.9363792118010483,True
dataset_style,0,pancreas_130,OAKG,0.22628921392299603,True
dataset_style,0,pancreas_130,OAKG-Union,0.31708532520472715,True
dataset_style,0,pancreas_131,OAKG,0.25204584004013636,True
dataset_style,0,pancreas_131,OAKG-Union,0.31708532520472715,True
dataset_style,0,pancreas_159,OAKG,0.15090863280404943,True
dataset_style,0,pancreas_159,OAKG-Union,0.15090863280404943,True
dataset_style,0,pancreas_169,OAKG,0.0,True
dataset_style,0,pancreas_169,OAKG-Union,0.0,True
dataset_style,0,pancreas_186,OAKG,0.1822579707486268,True
dataset_style,0,pancreas_186,OAKG-Union,0.31708532520472715,True
dataset_style,0,pancreas_193,OAKG,0.637161318481177,True
dataset_style,0,pancreas_193,OAKG-Union,0.637161318481177,True
dataset_style,0,pancreas_199,OAKG,0.0,True
dataset_style,0,pancreas_199,OAKG-Union,0.0,True
dataset_style,0,pancreas_204,OAKG,0.0,True
dataset_style,0,pancreas_204,OAKG-Union,0.0,True
dataset_style,0,pancreas_207,OAKG,0.0,True
dataset_style,0,pancreas_207,OAKG-Union,0.0,True
dataset_style,0,pancreas_213,OAKG,0.0,True
dataset_style,0,pancreas_213,OAKG-Union,0.0,True
dataset_style,0,pancreas_214,OAKG,0.0,True
dataset_style,0,pancreas_214,OAKG-Union,0.0,True
dataset_style,0,pancreas_229,OAKG,0.0,True
dataset_style,0,pancreas_229,OAKG-Union,0.0,True
dataset_style,0,pancreas_244,OAKG,0.7799082337019199,True
dataset_style,0,pancreas_244,OAKG-Union,1.0,True
dataset_style,0,pancreas_246,OAKG,0.7630946912803437,True
dataset_style,0,pancreas_246,OAKG-Union,1.0,True
dataset_style,0,pancreas_255,OAKG,0.2863459897524692,True
dataset_style,0,pancreas_255,OAKG-Union,0.41939799988819826,True
dataset_style,0,pancreas_258,OAKG,0.8389574121760601,True
dataset_style,0,pancreas_258,OAKG-Union,1.0,True
dataset_style,0,pancreas_266,OAKG,0.35659643859662626,True
dataset_style,0,pancreas_266,OAKG-Union,0.6261043923059076,True
dataset_style,0,pancreas_269,OAKG,0.15798796805449397,True
dataset_style,0,pancreas_269,OAKG-Union,0.24789885215535917,True
dataset_style,0,pancreas_280,OAKG,0.8515543142729491,True
dataset_style,0,pancreas_280,OAKG-Union,1.0,True
dataset_style,0,pancreas_283,OAKG,1.0,True
dataset_style,0,pancreas_283,OAKG-Union,1.0,True
dataset_style,0,pancreas_289,OAKG,0.0,True
dataset_style,0,pancreas_289,OAKG-Union,0.0,True
dataset_style,0,pancreas_294,OAKG,0.4220949603708208,True
dataset_style,0,pancreas_294,OAKG-Union,0.5637884576902256,True
dataset_style,0,pancreas_297,OAKG,0.0,True
dataset_style,0,pancreas_297,OAKG-Union,0.0,True
dataset_style,0,pancreas_300,OAKG,0.0,True
dataset_style,0,pancreas_300,OAKG-Union,0.0,True
dataset_style,0,pancreas_303,OAKG,0.0,True
dataset_style,0,pancreas_303,OAKG-Union,0.0,True
dataset_style,0,pancreas_304,OAKG,0.01048056029990858,True
dataset_style,0,pancreas_304,OAKG-Union,0.01048056029990858,True
dataset_style,0,pancreas_315,OAKG,0.06444408340323714,True
dataset_style,0,pancreas_315,OAKG-Union,0.09031040361479109,True
dataset_style,0,pancreas_328,OAKG,0.0,True
dataset_style,0,pancreas_328,OAKG-Union,0.0,True
dataset_style,0,pancreas_329,OAKG,0.32227224912195473,True
dataset_style,0,pancreas_329,OAKG-Union,0.5672274908036508,True
dataset_style,0,pancreas_334,OAKG,0.0,True
dataset_style,0,pancreas_334,OAKG-Union,0.0,True
dataset_style,0,pancreas_345,OAKG,0.250531570167126,True
dataset_style,0,pancreas_345,OAKG-Union,0.3354257508767642,True
dataset_style,0,pancreas_364,OAKG,0.11814306043550477,True
dataset_style,0,pancreas_364,OAKG-Union,0.31708532520472715,True
dataset_style,0,pancreas_366,OAKG,0.0,True
dataset_style,0,pancreas_366,OAKG-Union,0.0,True
dataset_style,0,pancreas_372,OAKG,0.7104770117651426,True
dataset_style,0,pancreas_372,OAKG-Union,1.0,True
dataset_style,0,pancreas_377,OAKG,0.508120027013427,True
dataset_style,0,pancreas_377,OAKG-Union,0.685035554235118,True
dataset_style,0,pancreas_386,OAKG,0.0,True
dataset_style,0,pancreas_386,OAKG-Union,0.0,True
dataset_style,0,pancreas_387,OAKG,0.030716875613565967,True
dataset_style,0,pancreas_387,OAKG-Union,0.14285714285714285,True
dataset_style,0,pancreas_391,OAKG,0.0,True
dataset_style,0,pancreas_391,OAKG-Union,1.0,True
dataset_style,0,pancreas_409,OAKG,0.0,True
dataset_style,0,pancreas_409,OAKG-Union,0.0,True
dataset_style,0,LiTs-014,OAKG,0.0,False
dataset_style,0,LiTs-014,OAKG-Union,0.0,True
dataset_style,0,LiTs-015,OAKG,0.0,False
dataset_style,0,LiTs-015,OAKG-Union,0.0,True
dataset_style,0,LiTs-021,OAKG,0.0,False
dataset_style,0,LiTs-021,OAKG-Union,0.0,True
dataset_style,0,LiTs-022,OAKG,0.0,False
dataset_style,0,LiTs-022,OAKG-Union,0.0,True
dataset_style,0,LiTs-024,OAKG,0.0,False
dataset_style,0,LiTs-024,OAKG-Union,0.0,True
dataset_style,0,LiTs-041,OAKG,0.0,False
dataset_style,0,LiTs-041,OAKG-Union,0.0,True
dataset_style,0,LiTs-044,OAKG,0.0,False
dataset_style,0,LiTs-044,OAKG-Union,0.0,True
dataset_style,0,LiTs-045,OAKG,0.0,False
dataset_style,0,LiTs-045,OAKG-Union,0.0,True
dataset_style,0,LiTs-046,OAKG,0.0,False
dataset_style,0,LiTs-046,OAKG-Union,0.0,True
dataset_style,0,LiTs-047,OAKG,0.0,False
dataset_style,0,LiTs-047,OAKG-Union,0.0,True
dataset_style,0,LiTs-059,OAKG,0.0,False
dataset_style,0,LiTs-059,OAKG-Union,0.0,True
dataset_style,0,LiTs-066,OAKG,0.0,False
dataset_style,0,LiTs-066,OAKG-Union,0.0,True
dataset_style,0,LiTs-067,OAKG,0.0,False
dataset_style,0,LiTs-067,OAKG-Union,0.0,True
dataset_style,0,LiTs-076,OAKG,0.0,False
dataset_style,0,LiTs-076,OAKG-Union,0.0,True
dataset_style,0,LiTs-082,OAKG,0.0,False
dataset_style,0,LiTs-082,OAKG-Union,0.0,True
dataset_style,0,LiTs-083,OAKG,0.0,False
dataset_style,0,LiTs-083,OAKG-Union,0.0,True
dataset_style,0,LiTs-086,OAKG,0.0,False
dataset_style,0,LiTs-086,OAKG-Union,0.0,True
dataset_style,0,LiTs-087,OAKG,0.0,False
dataset_style,0,LiTs-087,OAKG-Union,1.0,True
dataset_style,0,LiTs-089,OAKG,0.0,False
dataset_style,0,LiTs-089,OAKG-Union,0.0,True
dataset_style,0,LiTs-102,OAKG,0.0,False
dataset_style,0,LiTs-102,OAKG-Union,0.0,True
dataset_style,0,LiTs-104,OAKG,0.0,False
dataset_style,0,LiTs-104,OAKG-Union,0.0,True
dataset_style,0,LiTs-105,OAKG,0.0,False
dataset_style,0,LiTs-105,OAKG-Union,0.0,True
dataset_style,0,LiTs-111,OAKG,0.0,False
dataset_style,0,LiTs-111,OAKG-Union,0.0,True
dataset_style,0,LiTs-128,OAKG,0.0,False
dataset_style,0,LiTs-128,OAKG-Union,0.0,True
dataset_style,0,LiTs-130,OAKG,0.0,False
dataset_style,0,LiTs-130,OAKG-Union,0.0,True
dataset_style,0,FLARE22_Tr_0006,OAKG,0.02892617601035804,True
dataset_style,0,FLARE22_Tr_0006,OAKG-Union,0.1221009926258493,True
dataset_style,0,FLARE22_Tr_0010,OAKG,0.16104258782393982,True
dataset_style,0,FLARE22_Tr_0010,OAKG-Union,0.454844221257918,True
dataset_style,0,FLARE22_Tr_0011,OAKG,0.0,True
dataset_style,0,FLARE22_Tr_0011,OAKG-Union,0.0,True
dataset_style,0,FLARE22_Tr_0014,OAKG,0.314880130667631,True
dataset_style,0,FLARE22_Tr_0014,OAKG-Union,0.4729327934832576,True
dataset_style,0,FLARE22_Tr_0018,OAKG,0.07336392209936006,True
dataset_style,0,FLARE22_Tr_0018,OAKG-Union,0.501710064083969,True
dataset_style,0,FLARE22_Tr_0021,OAKG,0.013541194909935826,True
dataset_style,0,FLARE22_Tr_0021,OAKG-Union,0.04999525399306014,True
dataset_style,0,FLARE22_Tr_0025,OAKG,0.22400556151517556,True
dataset_style,0,FLARE22_Tr_0025,OAKG-Union,0.8200685179888282,True
dataset_style,0,FLARE22_Tr_0028,OAKG,0.023459940900904006,True
dataset_style,0,FLARE22_Tr_0028,OAKG-Union,0.10446607778187211,True
dataset_style,0,FLARE22_Tr_0031,OAKG,0.0,True
dataset_style,0,FLARE22_Tr_0031,OAKG-Union,0.07745397616562838,True
dataset_style,0,FLARE22_Tr_0036,OAKG,0.009918745990968182,True
dataset_style,0,FLARE22_Tr_0036,OAKG-Union,0.08973514894626922,True
dataset_style,0,FLARE22_Tr_0038,OAKG,0.0,True
dataset_style,0,FLARE22_Tr_0038,OAKG-Union,0.07336392209936006,True
dataset_style,0,FLARE22_Tr_0043,OAKG,0.085143117641621,True
dataset_style,0,FLARE22_Tr_0043,OAKG-Union,0.38568649858417914,True
dataset_style,0,FLARE22_Tr_0045,OAKG,0.022082048511199753,True
dataset_style,0,FLARE22_Tr_0045,OAKG-Union,0.14285714285714285,True
dataset_style,0,FLARE22_Tr_0050,OAKG,0.0,True
dataset_style,0,FLARE22_Tr_0050,OAKG-Union,0.0,True
dataset_style,0,FLARETs_0003,OAKG,0.13886244387355454,True
dataset_style,0,FLARETs_0003,OAKG-Union,0.2975457424637085,True
dataset_style,0,FLARETs_0006,OAKG,0.09478836436955079,True
dataset_style,0,FLARETs_0006,OAKG-Union,0.17142505268466288,True
dataset_style,0,FLARETs_0021,OAKG,0.07336392209936006,True
dataset_style,0,FLARETs_0021,OAKG-Union,0.4678288534683457,True
dataset_style,0,FLARETs_0023,OAKG,0.2786364164872878,True
dataset_style,0,FLARETs_0023,OAKG-Union,0.6823124126787855,True
dataset_style,0,FLARETs_0024,OAKG,0.09279427716824817,True
dataset_style,0,FLARETs_0024,OAKG-Union,0.5749094967400459,True
dataset_style,0,FLARETs_0033,OAKG,0.0,True
dataset_style,0,FLARETs_0033,OAKG-Union,0.07336392209936006,True
dataset_style,0,FLARETs_0034,OAKG,0.07745397616562838,True
dataset_style,0,FLARETs_0034,OAKG-Union,0.12988337513097648,True
dataset_style,0,FLARETs_0035,OAKG,0.0,True
dataset_style,0,FLARETs_0035,OAKG-Union,0.3469511918686965,True
dataset_style,0,FLARETs_0036,OAKG,0.06625422345438904,True
dataset_style,0,FLARETs_0036,OAKG-Union,0.610446253192092,True
dataset_style,0,FLARETs_0039,OAKG,0.0,True
dataset_style,0,FLARETs_0039,OAKG-Union,0.0,True
dataset_style,0,FLARETs_0044,OAKG,0.17630010660342915,True
dataset_style,0,FLARETs_0044,OAKG-Union,0.8630152897016883,True
dataset_style,0,FLARETs_0050,OAKG,0.10086395809148387,True
dataset_style,0,FLARETs_0050,OAKG-Union,0.4107392416184683,True
dataset_style,1,pancreas_001,OAKG,0.0,False
dataset_style,1,pancreas_001,OAKG-Union,0.0,True
dataset_style,1,pancreas_012,OAKG,0.0,False
dataset_style,1,pancreas_012,OAKG-Union,0.0,True
dataset_style,1,pancreas_042,OAKG,0.0,False
dataset_style,1,pancreas_042,OAKG-Union,0.0,True
dataset_style,1,pancreas_058,OAKG,0.0,False
dataset_style,1,pancreas_058,OAKG-Union,0.0,True
dataset_style,1,pancreas_077,OAKG,0.0,False
dataset_style,1,pancreas_077,OAKG-Union,0.0,True
dataset_style,1,pancreas_080,OAKG,0.0,False
dataset_style,1,pancreas_080,OAKG-Union,0.0,True
dataset_style,1,pancreas_081,OAKG,0.0,False
dataset_style,1,pancreas_081,OAKG-Union,0.0,True
dataset_style,1,pancreas_084,OAKG,0.0,False
dataset_style,1,pancreas_084,OAKG-Union,0.0,True
dataset_style,1,pancreas_086,OAKG,0.0,False
dataset_style,1,pancreas_086,OAKG-Union,0.0,True
dataset_style,1,pancreas_089,OAKG,0.0,False
dataset_style,1,pancreas_089,OAKG-Union,0.0,True
dataset_style,1,pancreas_091,OAKG,0.0,False
dataset_style,1,pancreas_091,OAKG-Union,0.0,True
dataset_style,1,pancreas_092,OAKG,0.0,False
dataset_style,1,pancreas_092,OAKG-Union,0.0,True
dataset_style,1,pancreas_094,OAKG,0.0,False
dataset_style,1,pancreas_094,OAKG-Union,0.0,True
dataset_style,1,pancreas_104,OAKG,0.0,False
dataset_style,1,pancreas_104,OAKG-Union,0.0,True
dataset_style,1,pancreas_110,OAKG,0.0,False
dataset_style,1,pancreas_110,OAKG-Union,0.0,True
dataset_style,1,pancreas_113,OAKG,0.0,False
dataset_style,1,pancreas_113,OAKG-Union,0.0,True
dataset_style,1,pancreas_114,OAKG,0.0,False
dataset_style,1,pancreas_114,OAKG-Union,0.0,True
dataset_style,1,pancreas_117,OAKG,0.0,False
dataset_style,1,pancreas_117,OAKG-Union,0.0,True
dataset_style,1,pancreas_119,OAKG,0.0,False
dataset_style,1,pancreas_119,OAKG-Union,0.0,True
dataset_style,1,pancreas_120,OAKG,0.0,False
dataset_style,1,pancreas_120,OAKG-Union,0.0,True
dataset_style,1,pancreas_124,OAKG,0.0,False
dataset_style,1,pancreas_124,OAKG-Union,0.0,True
dataset_style,1,pancreas_130,OAKG,0.0,False
dataset_style,1,pancreas_130,OAKG-Union,0.0,True
dataset_style,1,pancreas_131,OAKG,0.0,False
dataset_style,1,pancreas_131,OAKG-Union,0.0,True
dataset_style,1,pancreas_159,OAKG,0.0,False
dataset_style,1,pancreas_159,OAKG-Union,0.0,True
dataset_style,1,pancreas_169,OAKG,0.0,False
dataset_style,1,pancreas_169,OAKG-Union,0.0,True
dataset_style,1,pancreas_186,OAKG,0.0,False
dataset_style,1,pancreas_186,OAKG-Union,0.0,True
dataset_style,1,pancreas_193,OAKG,0.0,False
dataset_style,1,pancreas_193,OAKG-Union,0.0,True
dataset_style,1,pancreas_199,OAKG,0.0,False
dataset_style,1,pancreas_199,OAKG-Union,0.0,True
dataset_style,1,pancreas_204,OAKG,0.0,False
dataset_style,1,pancreas_204,OAKG-Union,0.0,True
dataset_style,1,pancreas_207,OAKG,0.0,False
dataset_style,1,pancreas_207,OAKG-Union,0.0,True
dataset_style,1,pancreas_213,OAKG,0.0,False
dataset_style,1,pancreas_213,OAKG-Union,0.0,True
dataset_style,1,pancreas_214,OAKG,0.0,False
dataset_style,1,pancreas_214,OAKG-Union,0.0,True
dataset_style,1,pancreas_229,OAKG,0.0,False
dataset_style,1,pancreas_229,OAKG-Union,0.0,True
dataset_style,1,pancreas_244,OAKG,0.0,False
dataset_style,1,pancreas_244,OAKG-Union,0.0,True
dataset_style,1,pancreas_246,OAKG,0.0,False
dataset_style,1,pancreas_246,OAKG-Union,0.0,True
dataset_style,1,pancreas_255,OAKG,0.0,False
dataset_style,1,pancreas_255,OAKG-Union,0.0,True
dataset_style,1,pancreas_258,OAKG,0.0,False
dataset_style,1,pancreas_258,OAKG-Union,0.0,True
dataset_style,1,pancreas_266,OAKG,0.0,False
dataset_style,1,pancreas_266,OAKG-Union,0.0,True
dataset_style,1,pancreas_269,OAKG,0.0,False
dataset_style,1,pancreas_269,OAKG-Union,0.0,True
dataset_style,1,pancreas_280,OAKG,0.0,False
dataset_style,1,pancreas_280,OAKG-Union,0.0,True
dataset_style,1,pancreas_283,OAKG,0.0,False
dataset_style,1,pancreas_283,OAKG-Union,0.0,True
dataset_style,1,pancreas_289,OAKG,0.0,False
dataset_style,1,pancreas_289,OAKG-Union,0.0,True
dataset_style,1,pancreas_294,OAKG,0.0,False
dataset_style,1,pancreas_294,OAKG-Union,0.0,True
dataset_style,1,pancreas_297,OAKG,0.0,False
dataset_style,1,pancreas_297,OAKG-Union,0.0,True
dataset_style,1,pancreas_300,OAKG,0.0,False
dataset_style,1,pancreas_300,OAKG-Union,0.0,True
dataset_style,1,pancreas_303,OAKG,0.0,False
dataset_style,1,pancreas_303,OAKG-Union,0.0,True
dataset_style,1,pancreas_304,OAKG,0.0,False
dataset_style,1,pancreas_304,OAKG-Union,0.0,True
dataset_style,1,pancreas_315,OAKG,0.0,False
dataset_style,1,pancreas_315,OAKG-Union,0.0,True
dataset_style,1,pancreas_328,OAKG,0.0,False
dataset_style,1,pancreas_328,OAKG-Union,0.0,True
dataset_style,1,pancreas_329,OAKG,0.0,False
dataset_style,1,pancreas_329,OAKG-Union,0.0,True
dataset_style,1,pancreas_334,OAKG,0.0,False
dataset_style,1,pancreas_334,OAKG-Union,0.0,True
dataset_style,1,pancreas_345,OAKG,0.0,False
dataset_style,1,pancreas_345,OAKG-Union,0.0,True
dataset_style,1,pancreas_364,OAKG,0.0,False
dataset_style,1,pancreas_364,OAKG-Union,0.0,True
dataset_style,1,pancreas_366,OAKG,0.0,False
dataset_style,1,pancreas_366,OAKG-Union,0.0,True
dataset_style,1,pancreas_372,OAKG,0.0,False
dataset_style,1,pancreas_372,OAKG-Union,0.0,True
dataset_style,1,pancreas_377,OAKG,0.0,False
dataset_style,1,pancreas_377,OAKG-Union,0.0,True
dataset_style,1,pancreas_386,OAKG,0.0,False
dataset_style,1,pancreas_386,OAKG-Union,0.0,True
dataset_style,1,pancreas_387,OAKG,0.0,False
dataset_style,1,pancreas_387,OAKG-Union,0.0,True
dataset_style,1,pancreas_391,OAKG,0.0,False
dataset_style,1,pancreas_391,OAKG-Union,0.0,True
dataset_style,1,pancreas_409,OAKG,0.0,False
dataset_style,1,pancreas_409,OAKG-Union,0.0,True
dataset_style,1,LiTs-014,OAKG,0.0,True
dataset_style,1,LiTs-014,OAKG-Union,0.0,True
dataset_style,1,LiTs-015,OAKG,0.0,True
dataset_style,1,LiTs-015,OAKG-Union,0.0,True
dataset_style,1,LiTs-021,OAKG,1.0,True
dataset_style,1,LiTs-021,OAKG-Union,1.0,True
dataset_style,1,LiTs-022,OAKG,1.0,True
dataset_style,1,LiTs-022,OAKG-Union,1.0,True
dataset_style,1,LiTs-024,OAKG,0.009088684028421674,True
dataset_style,1,LiTs-024,OAKG-Union,0.009088684028421674,True
dataset_style,1,LiTs-041,OAKG,1.0,True
dataset_style,1,LiTs-041,OAKG-Union,1.0,True
dataset_style,1,LiTs-044,OAKG,0.6489315753318466,True
dataset_style,1,LiTs-044,OAKG-Union,0.6489315753318466,True
dataset_style,1,LiTs-045,OAKG,0.2329726085570736,True
dataset_style,1,LiTs-045,OAKG-Union,0.2329726085570736,True
dataset_style,1,LiTs-046,OAKG,0.0,True
dataset_style,1,LiTs-046,OAKG-Union,0.0,True
dataset_style,1,LiTs-047,OAKG,1.0,True
dataset_style,1,LiTs-047,OAKG-Union,1.0,True
dataset_style,1,LiTs-059,OAKG,1.0,True
dataset_style,1,LiTs-059,OAKG-Union,1.0,True
dataset_style,1,LiTs-066,OAKG,1.0,True
dataset_style,1,LiTs-066,OAKG-Union,1.0,True
dataset_style,1,LiTs-067,OAKG,0.013541194909935826,True
dataset_style,1,LiTs-067,OAKG-Union,0.013541194909935826,True
dataset_style,1,LiTs-076,OAKG,0.5933607200949346,True
dataset_style,1,LiTs-076,OAKG-Union,0.5933607200949346,True
dataset_style,1,LiTs-082,OAKG,0.06943122193677727,True
dataset_style,1,LiTs-082,OAKG-Union,0.2200917662980802,True
dataset_style,1,LiTs-083,OAKG,0.14285714285714285,True
dataset_style,1,LiTs-083,OAKG-Union,0.14285714285714285,True
dataset_style,1,LiTs-086,OAKG,0.0,True
dataset_style,1,LiTs-086,OAKG-Union,0.314880130667631,True
dataset_style,1,LiTs-087,OAKG,0.19930623359011804,True
dataset_style,1,LiTs-087,OAKG-Union,0.2915590498767101,True
dataset_style,1,LiTs-089,OAKG,0.0,True
dataset_style,1,LiTs-089,OAKG-Union,0.0,True
dataset_style,1,LiTs-102,OAKG,0.2625298390460707,True
dataset_style,1,LiTs-102,OAKG-Union,0.5473983622993501,True
dataset_style,1,LiTs-104,OAKG,1.0,True
dataset_style,1,LiTs-104,OAKG-Union,1.0,True
dataset_style,1,LiTs-105,OAKG,0.857980942822373,True
dataset_style,1,LiTs-105,OAKG-Union,0.5541432109622959,True
dataset_style,1,LiTs-111,OAKG,0.020399306290876763,True
dataset_style,1,LiTs-111,OAKG-Union,0.35459765152630157,True
dataset_style,1,LiTs-128,OAKG,0.0,True
dataset_style,1,LiTs-128,OAKG-Union,0.5803013296579812,True
dataset_style,1,LiTs-130,OAKG,0.0,True
dataset_style,1,LiTs-130,OAKG-Union,1.0,True
dataset_style,1,FLARE22_Tr_0006,OAKG,0.10995264211990553,True
dataset_style,1,FLARE22_Tr_0006,OAKG-Union,0.1877115336153516,True
dataset_style,1,FLARE22_Tr_0010,OAKG,0.1799314820111718,True
dataset_style,1,FLARE22_Tr_0010,OAKG-Union,0.1799314820111718,True
dataset_style,1,FLARE22_Tr_0011,OAKG,0.1874332157513391,True
dataset_style,1,FLARE22_Tr_0011,OAKG-Union,0.1874332157513391,True
dataset_style,1,FLARE22_Tr_0014,OAKG,0.22211853869678244,True
dataset_style,1,FLARE22_Tr_0014,OAKG-Union,0.22211853869678244,True
dataset_style,1,FLARE22_Tr_0018,OAKG,0.46805099097797404,True
dataset_style,1,FLARE22_Tr_0018,OAKG-Union,0.5320479842134168,True
dataset_style,1,FLARE22_Tr_0021,OAKG,0.46945447024602927,True
dataset_style,1,FLARE22_Tr_0021,OAKG-Union,0.49828993591603116,True
dataset_style,1,FLARE22_Tr_0025,OAKG,0.0,True
dataset_style,1,FLARE22_Tr_0025,OAKG-Union,0.0,True
dataset_style,1,FLARE22_Tr_0028,OAKG,0.4886192541691046,True
dataset_style,1,FLARE22_Tr_0028,OAKG-Union,0.4886192541691046,True
dataset_style,1,FLARE22_Tr_0031,OAKG,0.23129151900931952,True
dataset_style,1,FLARE22_Tr_0031,OAKG-Union,0.23129151900931952,True
dataset_style,1,FLARE22_Tr_0036,OAKG,0.44618334843015683,True
dataset_style,1,FLARE22_Tr_0036,OAKG-Union,0.5223144363431128,True
dataset_style,1,FLARE22_Tr_0038,OAKG,0.7849818707050383,True
dataset_style,1,FLARE22_Tr_0038,OAKG-Union,0.84860265890399,True
dataset_style,1,FLARE22_Tr_0043,OAKG,0.0,True
dataset_style,1,FLARE22_Tr_0043,OAKG-Union,0.0,True
dataset_style,1,FLARE22_Tr_0045,OAKG,0.6846389223884004,True
dataset_style,1,FLARE22_Tr_0045,OAKG-Union,0.7441513983342095,True
dataset_style,1,FLARE22_Tr_0050,OAKG,0.7035822153345346,True
dataset_style,1,FLARE22_Tr_0050,OAKG-Union,0.7190431474097222,True
dataset_style,1,FLARETs_0003,OAKG,0.10626161634382852,True
dataset_style,1,FLARETs_0003,OAKG-Union,0.10682343065276893,True
dataset_style,1,FLARETs_0006,OAKG,0.3540765750978017,True
dataset_style,1,FLARETs_0006,OAKG-Union,0.3540765750978017,True
dataset_style,1,FLARETs_0021,OAKG,0.023363055231470906,True
dataset_style,1,FLARETs_0021,OAKG-Union,0.023363055231470906,True
dataset_style,1,FLARETs_0023,OAKG,0.4602022752410892,True
dataset_style,1,FLARETs_0023,OAKG-Union,0.4602022752410892,True
dataset_style,1,FLARETs_0024,OAKG,1.0,True
dataset_style,1,FLARETs_0024,OAKG-Union,1.0,True
dataset_style,1,FLARETs_0033,OAKG,0.0,True
dataset_style,1,FLARETs_0033,OAKG-Union,0.0,True
dataset_style,1,FLARETs_0034,OAKG,0.08926871391871365,True
dataset_style,1,FLARETs_0034,OAKG-Union,0.10229009810971809,True
dataset_style,1,FLARETs_0035,OAKG,0.15457433957839828,True
dataset_style,1,FLARETs_0035,OAKG-Union,0.15457433957839828,True
dataset_style,1,FLARETs_0036,OAKG,0.5158084819368932,True
dataset_style,1,FLARETs_0036,OAKG-Union,0.5290562080503977,True
dataset_style,1,FLARETs_0039,OAKG,0.3169926600350617,True
dataset_style,1,FLARETs_0039,OAKG-Union,0.3169926600350617,True
dataset_style,1,FLARETs_0044,OAKG,0.49463965556280104,True
dataset_style,1,FLARETs_0044,OAKG-Union,0.5653701424067238,True
dataset_style,1,FLARETs_0050,OAKG,0.4258322709546746,True
dataset_style,1,FLARETs_0050,OAKG-Union,0.45053218014711555,True
dataset_style,2,pancreas_001,OAKG,0.0,False
dataset_style,2,pancreas_001,OAKG-Union,0.0,True
dataset_style,2,pancreas_012,OAKG,0.0,False
dataset_style,2,pancreas_012,OAKG-Union,0.0,True
dataset_style,2,pancreas_042,OAKG,0.0,False
dataset_style,2,pancreas_042,OAKG-Union,0.0,True
dataset_style,2,pancreas_058,OAKG,0.0,False
dataset_style,2,pancreas_058,OAKG-Union,0.0,True
dataset_style,2,pancreas_077,OAKG,0.0,False
dataset_style,2,pancreas_077,OAKG-Union,0.0,True
dataset_style,2,pancreas_080,OAKG,0.0,False
dataset_style,2,pancreas_080,OAKG-Union,0.0,True
dataset_style,2,pancreas_081,OAKG,0.0,False
dataset_style,2,pancreas_081,OAKG-Union,0.0,True
dataset_style,2,pancreas_084,OAKG,0.0,False
dataset_style,2,pancreas_084,OAKG-Union,0.0,True
dataset_style,2,pancreas_086,OAKG,0.0,False
dataset_style,2,pancreas_086,OAKG-Union,0.0,True
dataset_style,2,pancreas_089,OAKG,0.0,False
dataset_style,2,pancreas_089,OAKG-Union,0.0,True
dataset_style,2,pancreas_091,OAKG,0.0,False
dataset_style,2,pancreas_091,OAKG-Union,0.0,True
dataset_style,2,pancreas_092,OAKG,0.0,False
dataset_style,2,pancreas_092,OAKG-Union,0.0,True
dataset_style,2,pancreas_094,OAKG,0.0,False
dataset_style,2,pancreas_094,OAKG-Union,0.0,True
dataset_style,2,pancreas_104,OAKG,0.0,False
dataset_style,2,pancreas_104,OAKG-Union,0.0,True
dataset_style,2,pancreas_110,OAKG,0.0,False
dataset_style,2,pancreas_110,OAKG-Union,0.0,True
dataset_style,2,pancreas_113,OAKG,0.0,False
dataset_style,2,pancreas_113,OAKG-Union,0.0,True
dataset_style,2,pancreas_114,OAKG,0.0,False
dataset_style,2,pancreas_114,OAKG-Union,0.0,True
dataset_style,2,pancreas_117,OAKG,0.0,False
dataset_style,2,pancreas_117,OAKG-Union,0.2198052186168211,True
dataset_style,2,pancreas_119,OAKG,0.0,False
dataset_style,2,pancreas_119,OAKG-Union,0.072867018779756,True
dataset_style,2,pancreas_120,OAKG,0.0,False
dataset_style,2,pancreas_120,OAKG-Union,0.0,True
dataset_style,2,pancreas_124,OAKG,0.0,False
dataset_style,2,pancreas_124,OAKG-Union,0.0,True
dataset_style,2,pancreas_130,OAKG,0.0,False
dataset_style,2,pancreas_130,OAKG-Union,0.0,True
dataset_style,2,pancreas_131,OAKG,0.0,False
dataset_style,2,pancreas_131,OAKG-Union,0.0,True
dataset_style,2,pancreas_159,OAKG,0.0,False
dataset_style,2,pancreas_159,OAKG-Union,0.0,True
dataset_style,2,pancreas_169,OAKG,0.0,False
dataset_style,2,pancreas_169,OAKG-Union,0.0,True
dataset_style,2,pancreas_186,OAKG,0.0,False
dataset_style,2,pancreas_186,OAKG-Union,0.0,True
dataset_style,2,pancreas_193,OAKG,0.0,False
dataset_style,2,pancreas_193,OAKG-Union,0.0,True
dataset_style,2,pancreas_199,OAKG,0.0,False
dataset_style,2,pancreas_199,OAKG-Union,0.0,True
dataset_style,2,pancreas_204,OAKG,0.0,False
dataset_style,2,pancreas_204,OAKG-Union,0.2198052186168211,True
dataset_style,2,pancreas_207,OAKG,0.0,False
dataset_style,2,pancreas_207,OAKG-Union,0.0,True
dataset_style,2,pancreas_213,OAKG,0.0,False
dataset_style,2,pancreas_213,OAKG-Union,0.072867018779756,True
dataset_style,2,pancreas_214,OAKG,0.0,False
dataset_style,2,pancreas_214,OAKG-Union,0.072867018779756,True
dataset_style,2,pancreas_229,OAKG,0.0,False
dataset_style,2,pancreas_229,OAKG-Union,0.0,True
dataset_style,2,pancreas_244,OAKG,0.0,False
dataset_style,2,pancreas_244,OAKG-Union,0.0,True
dataset_style,2,pancreas_246,OAKG,0.0,False
dataset_style,2,pancreas_246,OAKG-Union,0.0,True
dataset_style,2,pancreas_255,OAKG,0.0,False
dataset_style,2,pancreas_255,OAKG-Union,0.0,True
dataset_style,2,pancreas_258,OAKG,0.0,False
dataset_style,2,pancreas_258,OAKG-Union,0.0,True
dataset_style,2,pancreas_266,OAKG,0.0,False
dataset_style,2,pancreas_266,OAKG-Union,0.0,True
dataset_style,2,pancreas_269,OAKG,0.0,False
dataset_style,2,pancreas_269,OAKG-Union,0.0,True
dataset_style,2,pancreas_280,OAKG,0.0,False
dataset_style,2,pancreas_280,OAKG-Union,0.072867018779756,True
dataset_style,2,pancreas_283,OAKG,0.0,False
dataset_style,2,pancreas_283,OAKG-Union,0.0,True
dataset_style,2,pancreas_289,OAKG,0.0,False
dataset_style,2,pancreas_289,OAKG-Union,0.072867018779756,True
dataset_style,2,pancreas_294,OAKG,0.0,False
dataset_style,2,pancreas_294,OAKG-Union,0.0,True
dataset_style,2,pancreas_297,OAKG,0.0,False
dataset_style,2,pancreas_297,OAKG-Union,0.072867018779756,True
dataset_style,2,pancreas_300,OAKG,0.0,False
dataset_style,2,pancreas_300,OAKG-Union,0.072867018779756,True
dataset_style,2,pancreas_303,OAKG,0.0,False
dataset_style,2,pancreas_303,OAKG-Union,0.072867018779756,True
dataset_style,2,pancreas_304,OAKG,0.0,False
dataset_style,2,pancreas_304,OAKG-Union,0.0,True
dataset_style,2,pancreas_315,OAKG,0.0,False
dataset_style,2,pancreas_315,OAKG-Union,0.0,True
dataset_style,2,pancreas_328,OAKG,0.0,False
dataset_style,2,pancreas_328,OAKG-Union,0.0,True
dataset_style,2,pancreas_329,OAKG,0.0,False
dataset_style,2,pancreas_329,OAKG-Union,0.0,True
dataset_style,2,pancreas_334,OAKG,0.0,False
dataset_style,2,pancreas_334,OAKG-Union,0.0,True
dataset_style,2,pancreas_345,OAKG,0.0,False
dataset_style,2,pancreas_345,OAKG-Union,0.0,True
dataset_style,2,pancreas_364,OAKG,0.0,False
dataset_style,2,pancreas_364,OAKG-Union,0.0,True
dataset_style,2,pancreas_366,OAKG,0.0,False
dataset_style,2,pancreas_366,OAKG-Union,0.0,True
dataset_style,2,pancreas_372,OAKG,0.0,False
dataset_style,2,pancreas_372,OAKG-Union,0.0,True
dataset_style,2,pancreas_377,OAKG,0.0,False
dataset_style,2,pancreas_377,OAKG-Union,0.0,True
dataset_style,2,pancreas_386,OAKG,0.0,False
dataset_style,2,pancreas_386,OAKG-Union,0.0,True
dataset_style,2,pancreas_387,OAKG,0.0,False
dataset_style,2,pancreas_387,OAKG-Union,0.0,True
dataset_style,2,pancreas_391,OAKG,0.0,False
dataset_style,2,pancreas_391,OAKG-Union,0.0,True
dataset_style,2,pancreas_409,OAKG,0.0,False
dataset_style,2,pancreas_409,OAKG-Union,0.0,True
dataset_style,2,LiTs-014,OAKG,0.0,False
dataset_style,2,LiTs-014,OAKG-Union,0.0,True
dataset_style,2,LiTs-015,OAKG,0.0,False
dataset_style,2,LiTs-015,OAKG-Union,0.0,True
dataset_style,2,LiTs-021,OAKG,0.0,False
dataset_style,2,LiTs-021,OAKG-Union,0.0,True
dataset_style,2,LiTs-022,OAKG,0.0,False
dataset_style,2,LiTs-022,OAKG-Union,0.0,True
dataset_style,2,LiTs-024,OAKG,0.0,False
dataset_style,2,LiTs-024,OAKG-Union,0.0,True
dataset_style,2,LiTs-041,OAKG,0.0,False
dataset_style,2,LiTs-041,OAKG-Union,0.0,True
dataset_style,2,LiTs-044,OAKG,0.0,False
dataset_style,2,LiTs-044,OAKG-Union,0.0,True
dataset_style,2,LiTs-045,OAKG,0.0,False
dataset_style,2,LiTs-045,OAKG-Union,0.0,True
dataset_style,2,LiTs-046,OAKG,0.0,False
dataset_style,2,LiTs-046,OAKG-Union,0.13237658255723428,True
dataset_style,2,LiTs-047,OAKG,0.0,False
dataset_style,2,LiTs-047,OAKG-Union,0.0,True
dataset_style,2,LiTs-059,OAKG,0.0,False
dataset_style,2,LiTs-059,OAKG-Union,0.0,True
dataset_style,2,LiTs-066,OAKG,0.0,False
dataset_style,2,LiTs-066,OAKG-Union,0.0,True
dataset_style,2,LiTs-067,OAKG,0.0,False
dataset_style,2,LiTs-067,OAKG-Union,0.0,True
dataset_style,2,LiTs-076,OAKG,0.0,False
dataset_style,2,LiTs-076,OAKG-Union,0.0,True
dataset_style,2,LiTs-082,OAKG,0.0,False
dataset_style,2,LiTs-082,OAKG-Union,0.0,True
dataset_style,2,LiTs-083,OAKG,0.0,False
dataset_style,2,LiTs-083,OAKG-Union,0.0,True
dataset_style,2,LiTs-086,OAKG,0.0,False
dataset_style,2,LiTs-086,OAKG-Union,0.0,True
dataset_style,2,LiTs-087,OAKG,0.0,False
dataset_style,2,LiTs-087,OAKG-Union,0.92663607790064,True
dataset_style,2,LiTs-089,OAKG,0.0,False
dataset_style,2,LiTs-089,OAKG-Union,0.0,True
dataset_style,2,LiTs-102,OAKG,0.0,False
dataset_style,2,LiTs-102,OAKG-Union,0.13237658255723428,True
dataset_style,2,LiTs-104,OAKG,0.0,False
dataset_style,2,LiTs-104,OAKG-Union,0.0,True
dataset_style,2,LiTs-105,OAKG,0.0,False
dataset_style,2,LiTs-105,OAKG-Union,0.0,True
dataset_style,2,LiTs-111,OAKG,0.0,False
dataset_style,2,LiTs-111,OAKG-Union,0.0,True
dataset_style,2,LiTs-128,OAKG,0.0,False
dataset_style,2,LiTs-128,OAKG-Union,0.0,True
dataset_style,2,LiTs-130,OAKG,0.0,False
dataset_style,2,LiTs-130,OAKG-Union,0.0,True
dataset_style,2,FLARE22_Tr_0006,OAKG,0.0,True
dataset_style,2,FLARE22_Tr_0006,OAKG-Union,0.0,True
dataset_style,2,FLARE22_Tr_0010,OAKG,0.0,True
dataset_style,2,FLARE22_Tr_0010,OAKG-Union,0.0,True
dataset_style,2,FLARE22_Tr_0011,OAKG,0.0,True
dataset_style,2,FLARE22_Tr_0011,OAKG-Union,0.0,True
dataset_style,2,FLARE22_Tr_0014,OAKG,0.0,True
dataset_style,2,FLARE22_Tr_0014,OAKG-Union,0.0,True
dataset_style,2,FLARE22_Tr_0018,OAKG,0.5986685662372884,True
dataset_style,2,FLARE22_Tr_0018,OAKG-Union,0.5986685662372884,True
dataset_style,2,FLARE22_Tr_0021,OAKG,0.23129151900931952,True
dataset_style,2,FLARE22_Tr_0021,OAKG-Union,0.23129151900931952,True
dataset_style,2,FLARE22_Tr_0025,OAKG,0.0,True
dataset_style,2,FLARE22_Tr_0025,OAKG-Union,0.0,True
dataset_style,2,FLARE22_Tr_0028,OAKG,0.7102013050728733,True
dataset_style,2,FLARE22_Tr_0028,OAKG-Union,0.7102013050728733,True
dataset_style,2,FLARE22_Tr_0031,OAKG,0.47351674127544474,True
dataset_style,2,FLARE22_Tr_0031,OAKG-Union,0.47351674127544474,True
dataset_style,2,FLARE22_Tr_0036,OAKG,0.30287300400935524,True
dataset_style,2,FLARE22_Tr_0036,OAKG-Union,0.30287300400935524,True
dataset_style,2,FLARE22_Tr_0038,OAKG,0.16104258782393982,True
dataset_style,2,FLARE22_Tr_0038,OAKG-Union,0.16104258782393982,True
dataset_style,2,FLARE22_Tr_0043,OAKG,0.5657846903958406,True
dataset_style,2,FLARE22_Tr_0043,OAKG-Union,0.5657846903958406,True
dataset_style,2,FLARE22_Tr_0045,OAKG,0.7054028359495896,True
dataset_style,2,FLARE22_Tr_0045,OAKG-Union,0.7054028359495896,True
dataset_style,2,FLARE22_Tr_0050,OAKG,0.6855736832465842,True
dataset_style,2,FLARE22_Tr_0050,OAKG-Union,0.6855736832465842,True
dataset_style,2,FLARETs_0003,OAKG,0.0,True
dataset_style,2,FLARETs_0003,OAKG-Union,0.0,True
dataset_style,2,FLARETs_0006,OAKG,0.575276866697012,True
dataset_style,2,FLARETs_0006,OAKG-Union,0.575276866697012,True
dataset_style,2,FLARETs_0021,OAKG,0.06164886363035493,True
dataset_style,2,FLARETs_0021,OAKG-Union,0.06164886363035493,True
dataset_style,2,FLARETs_0023,OAKG,0.4996824485815997,True
dataset_style,2,FLARETs_0023,OAKG-Union,0.4996824485815997,True
dataset_style,2,FLARETs_0024,OAKG,0.6158160909033892,True
dataset_style,2,FLARETs_0024,OAKG-Union,0.6158160909033892,True
dataset_style,2,FLARETs_0033,OAKG,0.0,True
dataset_style,2,FLARETs_0033,OAKG-Union,0.0,True
dataset_style,2,FLARETs_0034,OAKG,0.06661106739480585,True
dataset_style,2,FLARETs_0034,OAKG-Union,0.06661106739480585,True
dataset_style,2,FLARETs_0035,OAKG,1.0,True
dataset_style,2,FLARETs_0035,OAKG-Union,1.0,True
dataset_style,2,FLARETs_0036,OAKG,0.6696460005818794,True
dataset_style,2,FLARETs_0036,OAKG-Union,0.6696460005818794,True
dataset_style,2,FLARETs_0039,OAKG,0.27341242793219495,True
dataset_style,2,FLARETs_0039,OAKG-Union,0.27341242793219495,True
dataset_style,2,FLARETs_0044,OAKG,0.6923249627100274,True
dataset_style,2,FLARETs_0044,OAKG-Union,0.03144168089972574,True
dataset_style,2,FLARETs_0050,OAKG,0.7375097341566099,True
dataset_style,2,FLARETs_0050,OAKG-Union,0.7375097341566099,True
dataset_style,3,pancreas_001,OAKG,0.6311443278613472,True
dataset_style,3,pancreas_001,OAKG-Union,1.0,True
dataset_style,3,pancreas_012,OAKG,0.1619406761776396,True
dataset_style,3,pancreas_012,OAKG-Union,0.21306158485699,True
dataset_style,3,pancreas_042,OAKG,0.0,True
dataset_style,3,pancreas_042,OAKG-Union,0.0,True
dataset_style,3,pancreas_058,OAKG,0.0,True
dataset_style,3,pancreas_058,OAKG-Union,0.0,True
dataset_style,3,pancreas_077,OAKG,0.0,True
dataset_style,3,pancreas_077,OAKG-Union,0.0,True
dataset_style,3,pancreas_080,OAKG,0.2559504294230336,True
dataset_style,3,pancreas_080,OAKG-Union,0.5668339904824009,True
dataset_style,3,pancreas_081,OAKG,0.2887478400797578,True
dataset_style,3,pancreas_081,OAKG-Union,0.3425479501917774,True
dataset_style,3,pancreas_084,OAKG,0.6402900881481707,True
dataset_style,3,pancreas_084,OAKG-Union,1.0,True
dataset_style,3,pancreas_086,OAKG,0.7693484587096083,True
dataset_style,3,pancreas_086,OAKG-Union,0.8515543142729491,True
dataset_style,3,pancreas_089,OAKG,0.4651414662331113,True
dataset_style,3,pancreas_089,OAKG-Union,0.7221746306981013,True
dataset_style,3,pancreas_091,OAKG,0.5914640815742044,True
dataset_style,3,pancreas_091,OAKG-Union,1.0,True
dataset_style,3,pancreas_092,OAKG,0.14465249243306436,True
dataset_style,3,pancreas_092,OAKG-Union,0.21819512777735,True
dataset_style,3,pancreas_094,OAKG,1.0,True
dataset_style,3,pancreas_094,OAKG-Union,1.0,True
dataset_style,3,pancreas_104,OAKG,0.08877159913727696,True
dataset_style,3,pancreas_104,OAKG-Union,0.14285714285714285,True
dataset_style,3,pancreas_110,OAKG,0.6082965289412681,True
dataset_style,3,pancreas_110,OAKG-Union,1.0,True
dataset_style,3,pancreas_113,OAKG,0.47646780250879517,True
dataset_style,3,pancreas_113,OAKG-Union,0.9371166382005486,True
dataset_style,3,pancreas_114,OAKG,0.0,True
dataset_style,3,pancreas_114,OAKG-Union,0.0,True
dataset_style,3,pancreas_117,OAKG,0.4309322110679313,True
dataset_style,3,pancreas_117,OAKG-Union,0.4309322110679313,True
dataset_style,3,pancreas_119,OAKG,0.6328124867642183,True
dataset_style,3,pancreas_119,OAKG-Union,0.94546789582947,True
dataset_style,3,pancreas_120,OAKG,0.0,True
dataset_style,3,pancreas_120,OAKG-Union,0.0,True
dataset_style,3,pancreas_124,OAKG,0.2940945979596689,True
dataset_style,3,pancreas_124,OAKG-Union,0.9363792118010483,True
dataset_style,3,pancreas_130,OAKG,0.22628921392299603,True
dataset_style,3,pancreas_130,OAKG-Union,0.31708532520472715,True
dataset_style,3,pancreas_131,OAKG,0.25204584004013636,True
dataset_style,3,pancreas_131,OAKG-Union,0.31708532520472715,True
dataset_style,3,pancreas_159,OAKG,0.15090863280404943,True
dataset_style,3,pancreas_159,OAKG-Union,0.15090863280404943,True
dataset_style,3,pancreas_169,OAKG,0.0,True
dataset_style,3,pancreas_169,OAKG-Union,0.0,True
dataset_style,3,pancreas_186,OAKG,0.1822579707486268,True
dataset_style,3,pancreas_186,OAKG-Union,0.31708532520472715,True
dataset_style,3,pancreas_193,OAKG,0.637161318481177,True
dataset_style,3,pancreas_193,OAKG-Union,0.637161318481177,True
dataset_style,3,pancreas_199,OAKG,0.0,True
dataset_style,3,pancreas_199,OAKG-Union,0.0,True
dataset_style,3,pancreas_204,OAKG,0.0,True
dataset_style,3,pancreas_204,OAKG-Union,0.0,True
dataset_style,3,pancreas_207,OAKG,0.0,True
dataset_style,3,pancreas_207,OAKG-Union,0.0,True
dataset_style,3,pancreas_213,OAKG,0.0,True
dataset_style,3,pancreas_213,OAKG-Union,0.0,True
dataset_style,3,pancreas_214,OAKG,0.0,True
dataset_style,3,pancreas_214,OAKG-Union,0.0,True
dataset_style,3,pancreas_229,OAKG,0.0,True
dataset_style,3,pancreas_229,OAKG-Union,0.0,True
dataset_style,3,pancreas_244,OAKG,0.7799082337019199,True
dataset_style,3,pancreas_244,OAKG-Union,1.0,True
dataset_style,3,pancreas_246,OAKG,0.7630946912803437,True
dataset_style,3,pancreas_246,OAKG-Union,1.0,True
dataset_style,3,pancreas_255,OAKG,0.2863459897524692,True
dataset_style,3,pancreas_255,OAKG-Union,0.41939799988819826,True
dataset_style,3,pancreas_258,OAKG,0.8389574121760601,True
dataset_style,3,pancreas_258,OAKG-Union,1.0,True
dataset_style,3,pancreas_266,OAKG,0.35659643859662626,True
dataset_style,3,pancreas_266,OAKG-Union,0.6261043923059076,True
dataset_style,3,pancreas_269,OAKG,0.15798796805449397,True
dataset_style,3,pancreas_269,OAKG-Union,0.24789885215535917,True
dataset_style,3,pancreas_280,OAKG,0.8515543142729491,True
dataset_style,3,pancreas_280,OAKG-Union,1.0,True
dataset_style,3,pancreas_283,OAKG,1.0,True
dataset_style,3,pancreas_283,OAKG-Union,1.0,True
dataset_style,3,pancreas_289,OAKG,0.0,True
dataset_style,3,pancreas_289,OAKG-Union,0.0,True
dataset_style,3,pancreas_294,OAKG,0.4220949603708208,True
dataset_style,3,pancreas_294,OAKG-Union,0.5637884576902256,True
dataset_style,3,pancreas_297,OAKG,0.0,True
dataset_style,3,pancreas_297,OAKG-Union,0.0,True
dataset_style,3,pancreas_300,OAKG,0.0,True
dataset_style,3,pancreas_300,OAKG-Union,0.0,True
dataset_style,3,pancreas_303,OAKG,0.0,True
dataset_style,3,pancreas_303,OAKG-Union,0.0,True
dataset_style,3,pancreas_304,OAKG,0.01048056029990858,True
dataset_style,3,pancreas_304,OAKG-Union,0.01048056029990858,True
dataset_style,3,pancreas_315,OAKG,0.06444408340323714,True
dataset_style,3,pancreas_315,OAKG-Union,0.09031040361479109,True
dataset_style,3,pancreas_328,OAKG,0.0,True
dataset_style,3,pancreas_328,OAKG-Union,0.0,True
dataset_style,3,pancreas_329,OAKG,0.32227224912195473,True
dataset_style,3,pancreas_329,OAKG-Union,0.5672274908036508,True
dataset_style,3,pancreas_334,OAKG,0.0,True
dataset_style,3,pancreas_334,OAKG-Union,0.0,True
dataset_style,3,pancreas_345,OAKG,0.250531570167126,True
dataset_style,3,pancreas_345,OAKG-Union,0.3354257508767642,True
dataset_style,3,pancreas_364,OAKG,0.11814306043550477,True
dataset_style,3,pancreas_364,OAKG-Union,0.31708532520472715,True
dataset_style,3,pancreas_366,OAKG,0.0,True
dataset_style,3,pancreas_366,OAKG-Union,0.0,True
dataset_style,3,pancreas_372,OAKG,0.7104770117651426,True
dataset_style,3,pancreas_372,OAKG-Union,1.0,True
dataset_style,3,pancreas_377,OAKG,0.508120027013427,True
dataset_style,3,pancreas_377,OAKG-Union,0.685035554235118,True
dataset_style,3,pancreas_386,OAKG,0.0,True
dataset_style,3,pancreas_386,OAKG-Union,0.0,True
dataset_style,3,pancreas_387,OAKG,0.030716875613565967,True
dataset_style,3,pancreas_387,OAKG-Union,0.14285714285714285,True
dataset_style,3,pancreas_391,OAKG,0.0,True
dataset_style,3,pancreas_391,OAKG-Union,1.0,True
dataset_style,3,pancreas_409,OAKG,0.0,True
dataset_style,3,pancreas_409,OAKG-Union,0.0,True
dataset_style,3,LiTs-014,OAKG,0.0,True
dataset_style,3,LiTs-014,OAKG-Union,0.0,True
dataset_style,3,LiTs-015,OAKG,0.0,True
dataset_style,3,LiTs-015,OAKG-Union,0.0,True
dataset_style,3,LiTs-021,OAKG,1.0,True
dataset_style,3,LiTs-021,OAKG-Union,1.0,True
dataset_style,3,LiTs-022,OAKG,1.0,True
dataset_style,3,LiTs-022,OAKG-Union,1.0,True
dataset_style,3,LiTs-024,OAKG,0.009088684028421674,True
dataset_style,3,LiTs-024,OAKG-Union,0.009088684028421674,True
dataset_style,3,LiTs-041,OAKG,1.0,True
dataset_style,3,LiTs-041,OAKG-Union,1.0,True
dataset_style,3,LiTs-044,OAKG,0.6489315753318466,True
dataset_style,3,LiTs-044,OAKG-Union,0.6489315753318466,True
dataset_style,3,LiTs-045,OAKG,0.2329726085570736,True
dataset_style,3,LiTs-045,OAKG-Union,0.2329726085570736,True
dataset_style,3,LiTs-046,OAKG,0.0,True
dataset_style,3,LiTs-046,OAKG-Union,0.0,True
dataset_style,3,LiTs-047,OAKG,1.0,True
dataset_style,3,LiTs-047,OAKG-Union,1.0,True
dataset_style,3,LiTs-059,OAKG,1.0,True
dataset_style,3,LiTs-059,OAKG-Union,1.0,True
dataset_style,3,LiTs-066,OAKG,1.0,True
dataset_style,3,LiTs-066,OAKG-Union,1.0,True
dataset_style,3,LiTs-067,OAKG,0.013541194909935826,True
dataset_style,3,LiTs-067,OAKG-Union,0.013541194909935826,True
dataset_style,3,LiTs-076,OAKG,0.5933607200949346,True
dataset_style,3,LiTs-076,OAKG-Union,0.5933607200949346,True
dataset_style,3,LiTs-082,OAKG,0.06943122193677727,True
dataset_style,3,LiTs-082,OAKG-Union,0.2200917662980802,True
dataset_style,3,LiTs-083,OAKG,0.14285714285714285,True
dataset_style,3,LiTs-083,OAKG-Union,0.14285714285714285,True
dataset_style,3,LiTs-086,OAKG,0.0,True
dataset_style,3,LiTs-086,OAKG-Union,0.314880130667631,True
dataset_style,3,LiTs-087,OAKG,0.19930623359011804,True
dataset_style,3,LiTs-087,OAKG-Union,0.0,True
dataset_style,3,LiTs-089,OAKG,0.0,True
dataset_style,3,LiTs-089,OAKG-Union,0.0,True
dataset_style,3,LiTs-102,OAKG,0.2625298390460707,True
dataset_style,3,LiTs-102,OAKG-Union,0.5473983622993501,True
dataset_style,3,LiTs-104,OAKG,1.0,True
dataset_style,3,LiTs-104,OAKG-Union,1.0,True
dataset_style,3,LiTs-105,OAKG,0.857980942822373,True
dataset_style,3,LiTs-105,OAKG-Union,1.0,True
dataset_style,3,LiTs-111,OAKG,0.020399306290876763,True
dataset_style,3,LiTs-111,OAKG-Union,0.35459765152630157,True
dataset_style,3,LiTs-128,OAKG,0.0,True
dataset_style,3,LiTs-128,OAKG-Union,0.5803013296579812,True
dataset_style,3,LiTs-130,OAKG,0.0,True
dataset_style,3,LiTs-130,OAKG-Union,1.0,True
dataset_style,3,FLARE22_Tr_0006,OAKG,0.0,True
dataset_style,3,FLARE22_Tr_0006,OAKG-Union,0.07839826897867534,True
dataset_style,3,FLARE22_Tr_0010,OAKG,0.0,True
dataset_style,3,FLARE22_Tr_0010,OAKG-Union,0.2863459897524692,True
dataset_style,3,FLARE22_Tr_0011,OAKG,0.0,True
dataset_style,3,FLARE22_Tr_0011,OAKG-Union,0.0,True
dataset_style,3,FLARE22_Tr_0014,OAKG,0.0,True
dataset_style,3,FLARE22_Tr_0014,OAKG-Union,0.07336392209936006,True
dataset_style,3,FLARE22_Tr_0018,OAKG,0.0,True
dataset_style,3,FLARE22_Tr_0018,OAKG-Union,0.2317730746678626,True
dataset_style,3,FLARE22_Tr_0021,OAKG,0.0,True
dataset_style,3,FLARE22_Tr_0021,OAKG-Union,0.0,True
dataset_style,3,FLARE22_Tr_0025,OAKG,0.0,True
dataset_style,3,FLARE22_Tr_0025,OAKG-Union,0.3120490772217807,True
dataset_style,3,FLARE22_Tr_0028,OAKG,0.0,True
dataset_style,3,FLARE22_Tr_0028,OAKG-Union,0.41115323210409144,True
dataset_style,3,FLARE22_Tr_0031,OAKG,0.0,True
dataset_style,3,FLARE22_Tr_0031,OAKG-Union,0.37859880603906126,True
dataset_style,3,FLARE22_Tr_0036,OAKG,0.011199752711239335,True
dataset_style,3,FLARE22_Tr_0036,OAKG-Union,0.14285714285714285,True
dataset_style,3,FLARE22_Tr_0038,OAKG,0.0,True
dataset_style,3,FLARE22_Tr_0038,OAKG-Union,0.2866919347890072,True
dataset_style,3,FLARE22_Tr_0043,OAKG,0.0,True
dataset_style,3,FLARE22_Tr_0043,OAKG-Union,0.0,True
dataset_style,3,FLARE22_Tr_0045,OAKG,0.0,True
dataset_style,3,FLARE22_Tr_0045,OAKG-Union,0.37521868940541137,True
dataset_style,3,FLARE22_Tr_0050,OAKG,0.0,True
dataset_style,3,FLARE22_Tr_0050,OAKG-Union,0.3660246186928026,True
dataset_style,3,FLARETs_0003,OAKG,0.0,True
dataset_style,3,FLARETs_0003,OAKG-Union,0.0,True
dataset_style,3,FLARETs_0006,OAKG,0.0,True
dataset_style,3,FLARETs_0006,OAKG-Union,0.5991460842621132,True
dataset_style,3,FLARETs_0021,OAKG,0.0,True
dataset_style,3,FLARETs_0021,OAKG-Union,0.3094454128949909,True
dataset_style,3,FLARETs_0023,OAKG,0.14285714285714285,True
dataset_style,3,FLARETs_0023,OAKG-Union,0.712936470508769,True
dataset_style,3,FLARETs_0024,OAKG,0.009918745990968182,True
dataset_style,3,FLARETs_0024,OAKG-Union,0.7508931700414944,True
dataset_style,3,FLARETs_0033,OAKG,0.0,True
dataset_style,3,FLARETs_0033,OAKG-Union,0.0,True
dataset_style,3,FLARETs_0034,OAKG,0.0,True
dataset_style,3,FLARETs_0034,OAKG-Union,0.12989283987529457,True
dataset_style,3,FLARETs_0035,OAKG,0.0,True
dataset_style,3,FLARETs_0035,OAKG-Union,0.5232512984721256,True
dataset_style,3,FLARETs_0036,OAKG,0.00946488906491272,True
dataset_style,3,FLARETs_0036,OAKG-Union,0.5814149852926773,True
dataset_style,3,FLARETs_0039,OAKG,0.0,True
dataset_style,3,FLARETs_0039,OAKG-Union,0.17405014866116933,True
dataset_style,3,FLARETs_0044,OAKG,0.0,True
dataset_style,3,FLARETs_0044,OAKG-Union,0.4988207993800992,True
dataset_style,3,FLARETs_0050,OAKG,0.03144168089972574,True
dataset_style,3,FLARETs_0050,OAKG-Union,0.2808936467062342,True
asymmetric,0,pancreas_001,OAKG,1.0,True
asymmetric,0,pancreas_001,OAKG-Union,1.0,True
asymmetric,0,pancreas_012,OAKG,0.21590490388439632,True
asymmetric,0,pancreas_012,OAKG-Union,0.2689637614929664,True
asymmetric,0,pancreas_042,OAKG,0.0,True
asymmetric,0,pancreas_042,OAKG-Union,0.0,True
asymmetric,0,pancreas_058,OAKG,0.0,True
asymmetric,0,pancreas_058,OAKG-Union,0.0,True
asymmetric,0,pancreas_077,OAKG,0.0,True
asymmetric,0,pancreas_077,OAKG-Union,0.0,True
asymmetric,0,pancreas_080,OAKG,0.3385239772345905,True
asymmetric,0,pancreas_080,OAKG-Union,0.5616115445848195,True
asymmetric,0,pancreas_081,OAKG,0.3193736236302772,True
asymmetric,0,pancreas_081,OAKG-Union,0.427577466647691,True
asymmetric,0,pancreas_084,OAKG,1.0,True
asymmetric,0,pancreas_084,OAKG-Union,1.0,True
asymmetric,0,pancreas_086,OAKG,0.6690317255791939,True
asymmetric,0,pancreas_086,OAKG-Union,0.7893731469655374,True
asymmetric,0,pancreas_089,OAKG,0.44275728839355477,True
asymmetric,0,pancreas_089,OAKG-Union,0.4554950789124097,True
asymmetric,0,pancreas_091,OAKG,0.469736890055382,True
asymmetric,0,pancreas_091,OAKG-Union,0.5965377185773229,True
asymmetric,0,pancreas_092,OAKG,0.46035860613699897,True
asymmetric,0,pancreas_092,OAKG-Union,0.46035860613699897,True
asymmetric,0,pancreas_094,OAKG,0.8389574121760601,True
asymmetric,0,pancreas_094,OAKG-Union,1.0,True
asymmetric,0,pancreas_104,OAKG,0.42807368992805106,True
asymmetric,0,pancreas_104,OAKG-Union,0.5408211196853558,True
asymmetric,0,pancreas_110,OAKG,0.6947651160602989,True
asymmetric,0,pancreas_110,OAKG-Union,1.0,True
asymmetric,0,pancreas_113,OAKG,0.47946706946150885,True
asymmetric,0,pancreas_113,OAKG-Union,0.7731826662336242,True
asymmetric,0,pancreas_114,OAKG,0.0,True
asymmetric,0,pancreas_114,OAKG-Union,0.0,True
asymmetric,0,pancreas_117,OAKG,0.4309322110679313,True
asymmetric,0,pancreas_117,OAKG-Union,0.4309322110679313,True
asymmetric,0,pancreas_119,OAKG,0.654175187351991,True
asymmetric,0,pancreas_119,OAKG-Union,0.654175187351991,True
asymmetric,0,pancreas_120,OAKG,0.0,True
asymmetric,0,pancreas_120,OAKG-Union,0.0,True
asymmetric,0,pancreas_124,OAKG,0.67175898907361,True
asymmetric,0,pancreas_124,OAKG-Union,0.67175898907361,True
asymmetric,0,pancreas_130,OAKG,0.22628921392299603,True
asymmetric,0,pancreas_130,OAKG-Union,0.31708532520472715,True
asymmetric,0,pancreas_131,OAKG,0.2551937574126347,True
asymmetric,0,pancreas_131,OAKG-Union,0.31708532520472715,True
asymmetric,0,pancreas_159,OAKG,0.07839826897867534,True
asymmetric,0,pancreas_159,OAKG-Union,0.14465249243306436,True
asymmetric,0,pancreas_169,OAKG,0.0,True
asymmetric,0,pancreas_169,OAKG-Union,0.0,True
asymmetric,0,pancreas_186,OAKG,0.19917589220145682,True
asymmetric,0,pancreas_186,OAKG-Union,0.31708532520472715,True
asymmetric,0,pancreas_193,OAKG,0.2938535653810219,True
asymmetric,0,pancreas_193,OAKG-Union,0.3765744191624098,True
asymmetric,0,pancreas_199,OAKG,0.0,True
asymmetric,0,pancreas_199,OAKG-Union,0.0,True
asymmetric,0,pancreas_204,OAKG,0.0,True
asymmetric,0,pancreas_204,OAKG-Union,0.0,True
asymmetric,0,pancreas_207,OAKG,0.0,True
asymmetric,0,pancreas_207,OAKG-Union,0.0,True
asymmetric,0,pancreas_213,OAKG,0.0,True
asymmetric,0,pancreas_213,OAKG-Union,0.0,True
asymmetric,0,pancreas_214,OAKG,0.3012042966046399,True
asymmetric,0,pancreas_214,OAKG-Union,0.41638241380547375,True
asymmetric,0,pancreas_229,OAKG,0.0,True
asymmetric,0,pancreas_229,OAKG-Union,0.0,True
asymmetric,0,pancreas_244,OAKG,1.0,True
asymmetric,0,pancreas_244,OAKG-Union,1.0,True
asymmetric,0,pancreas_246,OAKG,0.5944550747392169,True
asymmetric,0,pancreas_246,OAKG-Union,0.7240423949810295,True
asymmetric,0,pancreas_255,OAKG,0.39639187290150935,True
asymmetric,0,pancreas_255,OAKG-Union,0.4697557950008694,True
asymmetric,0,pancreas_258,OAKG,0.933745776545611,True
asymmetric,0,pancreas_258,OAKG-Union,1.0,True
asymmetric,0,pancreas_266,OAKG,0.35857343506385425,True
asymmetric,0,pancreas_266,OAKG-Union,0.583024471214314,True
asymmetric,0,pancreas_269,OAKG,0.12479236042493656,True
asymmetric,0,pancreas_269,OAKG-Union,0.14496557874078222,True
asymmetric,0,pancreas_280,OAKG,0.918752830540385,True
asymmetric,0,pancreas_280,OAKG-Union,1.0,True
asymmetric,0,pancreas_283,OAKG,0.8899541168509599,True
asymmetric,0,pancreas_283,OAKG-Union,1.0,True
asymmetric,0,pancreas_289,OAKG,0.0,True
asymmetric,0,pancreas_289,OAKG-Union,0.0,True
asymmetric,0,pancreas_294,OAKG,0.4252084336260238,True
asymmetric,0,pancreas_294,OAKG-Union,0.5067837010870874,True
asymmetric,0,pancreas_297,OAKG,0.0,True
asymmetric,0,pancreas_297,OAKG-Union,0.0,True
asymmetric,0,pancreas_300,OAKG,0.06362078819895173,True
asymmetric,0,pancreas_300,OAKG-Union,0.07336392209936006,True
asymmetric,0,pancreas_303,OAKG,0.0,True
asymmetric,0,pancreas_303,OAKG-Union,0.0,True
asymmetric,0,pancreas_304,OAKG,0.0454741662544366,True
asymmetric,0,pancreas_304,OAKG-Union,0.0454741662544366,True
asymmetric,0,pancreas_315,OAKG,0.15574604526922914,True
asymmetric,0,pancreas_315,OAKG-Union,0.180016047963362,True
asymmetric,0,pancreas_328,OAKG,0.0,True
asymmetric,0,pancreas_328,OAKG-Union,0.0,True
asymmetric,0,pancreas_329,OAKG,0.7471589728148226,True
asymmetric,0,pancreas_329,OAKG-Union,0.7846170207230129,True
asymmetric,0,pancreas_334,OAKG,0.0,True
asymmetric,0,pancreas_334,OAKG-Union,0.0,True
asymmetric,0,pancreas_345,OAKG,0.41880691160565925,True
asymmetric,0,pancreas_345,OAKG-Union,0.5084351701712879,True
asymmetric,0,pancreas_364,OAKG,0.21240352126746287,True
asymmetric,0,pancreas_364,OAKG-Union,0.31708532520472715,True
asymmetric,0,pancreas_366,OAKG,0.0,True
asymmetric,0,pancreas_366,OAKG-Union,0.0,True
asymmetric,0,pancreas_372,OAKG,0.7827392871477702,True
asymmetric,0,pancreas_372,OAKG-Union,1.0,True
asymmetric,0,pancreas_377,OAKG,0.5618536187071219,True
asymmetric,0,pancreas_377,OAKG-Union,0.5618536187071219,True
asymmetric,0,pancreas_386,OAKG,0.0,True
asymmetric,0,pancreas_386,OAKG-Union,0.0,True
asymmetric,0,pancreas_387,OAKG,0.0824892859470591,True
asymmetric,0,pancreas_387,OAKG-Union,0.14285714285714285,True
asymmetric,0,pancreas_391,OAKG,0.17630010660342915,True
asymmetric,0,pancreas_391,OAKG-Union,1.0,True
asymmetric,0,pancreas_409,OAKG,0.0,True
asymmetric,0,pancreas_409,OAKG-Union,0.0,True
asymmetric,0,LiTs-014,OAKG,0.0,True
asymmetric,0,LiTs-014,OAKG-Union,0.0,True
asymmetric,0,LiTs-015,OAKG,0.0,True
asymmetric,0,LiTs-015,OAKG-Union,0.0,True
asymmetric,0,LiTs-021,OAKG,1.0,True
asymmetric,0,LiTs-021,OAKG-Union,1.0,True
asymmetric,0,LiTs-022,OAKG,1.0,True
asymmetric,0,LiTs-022,OAKG-Union,1.0,True
asymmetric,0,LiTs-024,OAKG,0.009088684028421674,True
asymmetric,0,LiTs-024,OAKG-Union,0.009088684028421674,True
asymmetric,0,LiTs-041,OAKG,1.0,True
asymmetric,0,LiTs-041,OAKG-Union,1.0,True
asymmetric,0,LiTs-044,OAKG,0.6489315753318466,True
asymmetric,0,LiTs-044,OAKG-Union,0.6489315753318466,True
asymmetric,0,LiTs-045,OAKG,0.2329726085570736,True
asymmetric,0,LiTs-045,OAKG-Union,0.2329726085570736,True
asymmetric,0,LiTs-046,OAKG,0.0,True
asymmetric,0,LiTs-046,OAKG-Union,0.0,True
asymmetric,0,LiTs-047,OAKG,1.0,True
asymmetric,0,LiTs-047,OAKG-Union,1.0,True
asymmetric,0,LiTs-059,OAKG,1.0,True
asymmetric,0,LiTs-059,OAKG-Union,1.0,True
asymmetric,0,LiTs-066,OAKG,1.0,True
asymmetric,0,LiTs-066,OAKG-Union,1.0,True
asymmetric,0,LiTs-067,OAKG,0.013541194909935826,True
asymmetric,0,LiTs-067,OAKG-Union,0.013541194909935826,True
asymmetric,0,LiTs-076,OAKG,0.5933607200949346,True
asymmetric,0,LiTs-076,OAKG-Union,0.5933607200949346,True
asymmetric,0,LiTs-082,OAKG,0.06943122193677727,True
asymmetric,0,LiTs-082,OAKG-Union,0.2200917662980802,True
asymmetric,0,LiTs-083,OAKG,0.14285714285714285,True
asymmetric,0,LiTs-083,OAKG-Union,0.14285714285714285,True
asymmetric,0,LiTs-086,OAKG,0.0,True
asymmetric,0,LiTs-086,OAKG-Union,0.314880130667631,True
asymmetric,0,LiTs-087,OAKG,0.19930623359011804,True
asymmetric,0,LiTs-087,OAKG-Union,0.3062386434839552,True
asymmetric,0,LiTs-089,OAKG,0.0,True
asymmetric,0,LiTs-089,OAKG-Union,0.0,True
asymmetric,0,LiTs-102,OAKG,0.2625298390460707,True
asymmetric,0,LiTs-102,OAKG-Union,0.5473983622993501,True
asymmetric,0,LiTs-104,OAKG,1.0,True
asymmetric,0,LiTs-104,OAKG-Union,1.0,True
asymmetric,0,LiTs-105,OAKG,0.857980942822373,True
asymmetric,0,LiTs-105,OAKG-Union,0.6203974344166849,True
asymmetric,0,LiTs-111,OAKG,0.020399306290876763,True
asymmetric,0,LiTs-111,OAKG-Union,0.35459765152630157,True
asymmetric,0,LiTs-128,OAKG,0.0,True
asymmetric,0,LiTs-128,OAKG-Union,0.5803013296579812,True
asymmetric,0,LiTs-130,OAKG,0.0,True
asymmetric,0,LiTs-130,OAKG-Union,1.0,True
asymmetric,0,FLARE22_Tr_0006,OAKG,0.022629878938357502,True
asymmetric,0,FLARE22_Tr_0006,OAKG-Union,0.2172607128522299,True
asymmetric,0,FLARE22_Tr_0010,OAKG,0.17318663334822615,True
asymmetric,0,FLARE22_Tr_0010,OAKG-Union,0.3486912225404547,True
asymmetric,0,FLARE22_Tr_0011,OAKG,0.20427768481908276,True
asymmetric,0,FLARE22_Tr_0011,OAKG-Union,0.0,True
asymmetric,0,FLARE22_Tr_0014,OAKG,0.3248784643516786,True
asymmetric,0,FLARE22_Tr_0014,OAKG-Union,0.085143117641621,True
asymmetric,0,FLARE22_Tr_0018,OAKG,0.5119396479715049,True
asymmetric,0,FLARE22_Tr_0018,OAKG-Union,0.27520664516982196,True
asymmetric,0,FLARE22_Tr_0021,OAKG,0.314880130667631,True
asymmetric,0,FLARE22_Tr_0021,OAKG-Union,0.11525686512669099,True
asymmetric,0,FLARE22_Tr_0025,OAKG,0.0,True
asymmetric,0,FLARE22_Tr_0025,OAKG-Union,0.5388856921828066,True
asymmetric,0,FLARE22_Tr_0028,OAKG,0.22717945884319807,True
asymmetric,0,FLARE22_Tr_0028,OAKG-Union,0.34172662050158126,True
asymmetric,0,FLARE22_Tr_0031,OAKG,0.23581260674794305,True
asymmetric,0,FLARE22_Tr_0031,OAKG-Union,0.48788640635284003,True
asymmetric,0,FLARE22_Tr_0036,OAKG,0.35789546834438546,True
asymmetric,0,FLARE22_Tr_0036,OAKG-Union,0.24680899859620778,True
asymmetric,0,FLARE22_Tr_0038,OAKG,0.6216966993238303,True
asymmetric,0,FLARE22_Tr_0038,OAKG-Union,0.4260276605334035,True
asymmetric,0,FLARE22_Tr_0043,OAKG,0.0,True
asymmetric,0,FLARE22_Tr_0043,OAKG-Union,0.25009954313760513,True
asymmetric,0,FLARE22_Tr_0045,OAKG,0.5423342142392547,True
asymmetric,0,FLARE22_Tr_0045,OAKG-Union,0.3842604594840367,True
asymmetric,0,FLARE22_Tr_0050,OAKG,0.6989173403818838,True
asymmetric,0,FLARE22_Tr_0050,OAKG-Union,0.1605427568847025,True
asymmetric,0,FLARETs_0003,OAKG,0.024021755209844408,True
asymmetric,0,FLARETs_0003,OAKG-Union,0.1465932050456648,True
asymmetric,0,FLARETs_0006,OAKG,0.0,True
asymmetric,0,FLARETs_0006,OAKG-Union,0.5205795968954912,True
asymmetric,0,FLARETs_0021,OAKG,0.022629878938357502,True
asymmetric,0,FLARETs_0021,OAKG-Union,0.09421147244146325,True
asymmetric,0,FLARETs_0023,OAKG,0.4203249974164863,True
asymmetric,0,FLARETs_0023,OAKG-Union,0.49201555084303894,True
asymmetric,0,FLARETs_0024,OAKG,0.7799082337019199,True
asymmetric,0,FLARETs_0024,OAKG-Union,0.5019296816186565,True
asymmetric,0,FLARETs_0033,OAKG,0.0,True
asymmetric,0,FLARETs_0033,OAKG-Union,0.3129834921469008,True
asymmetric,0,FLARETs_0034,OAKG,0.013541194909935826,True
asymmetric,0,FLARETs_0034,OAKG-Union,0.35024455152947126,True
asymmetric,0,FLARETs_0035,OAKG,0.24966402870278917,True
asymmetric,0,FLARETs_0035,OAKG-Union,0.1100458831490401,True
asymmetric,0,FLARETs_0036,OAKG,0.2877842902707656,True
asymmetric,0,FLARETs_0036,OAKG-Union,0.6527725436451962,True
asymmetric,0,FLARETs_0039,OAKG,0.24803479473199813,True
asymmetric,0,FLARETs_0039,OAKG-Union,0.037802888961062625,True
asymmetric,0,FLARETs_0044,OAKG,0.49463965556280104,True
asymmetric,0,FLARETs_0044,OAKG-Union,0.335514269732117,True
asymmetric,0,FLARETs_0050,OAKG,0.40237233005377054,True
asymmetric,0,FLARETs_0050,OAKG-Union,0.4572577476154111,True
asymmetric,1,pancreas_001,OAKG,0.0,False
asymmetric,1,pancreas_001,OAKG-Union,0.9363792118010483,True
asymmetric,1,pancreas_012,OAKG,0.0,False
asymmetric,1,pancreas_012,OAKG-Union,0.08390718937927714,True
asymmetric,1,pancreas_042,OAKG,0.0,False
asymmetric,1,pancreas_042,OAKG-Union,0.0,True
asymmetric,1,pancreas_058,OAKG,0.0,False
asymmetric,1,pancreas_058,OAKG-Union,0.0,True
asymmetric,1,pancreas_077,OAKG,0.0,False
asymmetric,1,pancreas_077,OAKG-Union,0.0,True
asymmetric,1,pancreas_080,OAKG,0.0,False
asymmetric,1,pancreas_080,OAKG-Union,0.36058579259509693,True
asymmetric,1,pancreas_081,OAKG,0.0,False
asymmetric,1,pancreas_081,OAKG-Union,0.36058579259509693,True
asymmetric,1,pancreas_084,OAKG,0.0,False
asymmetric,1,pancreas_084,OAKG-Union,0.9363792118010483,True
asymmetric,1,pancreas_086,OAKG,0.0,False
asymmetric,1,pancreas_086,OAKG-Union,0.3548044937411435,True
asymmetric,1,pancreas_089,OAKG,0.0,False
asymmetric,1,pancreas_089,OAKG-Union,0.36058579259509693,True
asymmetric,1,pancreas_091,OAKG,0.0,False
asymmetric,1,pancreas_091,OAKG-Union,0.037802888961062625,True
asymmetric,1,pancreas_092,OAKG,0.0,False
asymmetric,1,pancreas_092,OAKG-Union,0.26462022272743835,True
asymmetric,1,pancreas_094,OAKG,0.0,False
asymmetric,1,pancreas_094,OAKG-Union,0.9363792118010483,True
asymmetric,1,pancreas_104,OAKG,0.0,False
asymmetric,1,pancreas_104,OAKG-Union,0.3548044937411435,True
asymmetric,1,pancreas_110,OAKG,0.0,False
asymmetric,1,pancreas_110,OAKG-Union,0.9363792118010483,True
asymmetric,1,pancreas_113,OAKG,0.0,False
asymmetric,1,pancreas_113,OAKG-Union,0.36058579259509693,True
asymmetric,1,pancreas_114,OAKG,0.0,False
asymmetric,1,pancreas_114,OAKG-Union,0.0,True
asymmetric,1,pancreas_117,OAKG,0.0,False
asymmetric,1,pancreas_117,OAKG-Union,0.02855107900578866,True
asymmetric,1,pancreas_119,OAKG,0.0,False
asymmetric,1,pancreas_119,OAKG-Union,0.00946488906491272,True
asymmetric,1,pancreas_120,OAKG,0.0,False
asymmetric,1,pancreas_120,OAKG-Union,0.0,True
asymmetric,1,pancreas_124,OAKG,0.0,False
asymmetric,1,pancreas_124,OAKG-Union,0.03836470327000302,True
asymmetric,1,pancreas_130,OAKG,0.0,False
asymmetric,1,pancreas_130,OAKG-Union,0.2969121068888815,True
asymmetric,1,pancreas_131,OAKG,0.0,False
asymmetric,1,pancreas_131,OAKG-Union,0.2969121068888815,True
asymmetric,1,pancreas_159,OAKG,0.0,False
asymmetric,1,pancreas_159,OAKG-Union,0.037802888961062625,True
asymmetric,1,pancreas_169,OAKG,0.0,False
asymmetric,1,pancreas_169,OAKG-Union,0.0,True
asymmetric,1,pancreas_186,OAKG,0.0,False
asymmetric,1,pancreas_186,OAKG-Union,0.2969121068888815,True
asymmetric,1,pancreas_193,OAKG,0.0,False
asymmetric,1,pancreas_193,OAKG-Union,0.36058579259509693,True
asymmetric,1,pancreas_199,OAKG,0.0,False
asymmetric,1,pancreas_199,OAKG-Union,0.0,True
asymmetric,1,pancreas_204,OAKG,0.0,False
asymmetric,1,pancreas_204,OAKG-Union,0.02855107900578866,True
asymmetric,1,pancreas_207,OAKG,0.0,False
asymmetric,1,pancreas_207,OAKG-Union,0.0,True
asymmetric,1,pancreas_213,OAKG,0.0,False
asymmetric,1,pancreas_213,OAKG-Union,0.06625422345438904,True
asymmetric,1,pancreas_214,OAKG,0.0,False
asymmetric,1,pancreas_214,OAKG-Union,0.06625422345438904,True
asymmetric,1,pancreas_229,OAKG,0.0,False
asymmetric,1,pancreas_229,OAKG-Union,0.0,True
asymmetric,1,pancreas_244,OAKG,0.0,False
asymmetric,1,pancreas_244,OAKG-Union,0.9363792118010483,True
asymmetric,1,pancreas_246,OAKG,0.0,False
asymmetric,1,pancreas_246,OAKG-Union,0.19055779321819752,True
asymmetric,1,pancreas_255,OAKG,0.0,False
asymmetric,1,pancreas_255,OAKG-Union,0.2578753740644927,True
asymmetric,1,pancreas_258,OAKG,0.0,False
asymmetric,1,pancreas_258,OAKG-Union,0.19055779321819752,True
asymmetric,1,pancreas_266,OAKG,0.0,False
asymmetric,1,pancreas_266,OAKG-Union,0.36058579259509693,True
asymmetric,1,pancreas_269,OAKG,0.0,False
asymmetric,1,pancreas_269,OAKG-Union,0.08390718937927714,True
asymmetric,1,pancreas_280,OAKG,0.0,False
asymmetric,1,pancreas_280,OAKG-Union,0.06625422345438904,True
asymmetric,1,pancreas_283,OAKG,0.0,False
asymmetric,1,pancreas_283,OAKG-Union,0.9363792118010483,True
asymmetric,1,pancreas_289,OAKG,0.0,False
asymmetric,1,pancreas_289,OAKG-Union,0.00946488906491272,True
asymmetric,1,pancreas_294,OAKG,0.0,False
asymmetric,1,pancreas_294,OAKG-Union,0.26462022272743835,True
asymmetric,1,pancreas_297,OAKG,0.0,False
asymmetric,1,pancreas_297,OAKG-Union,0.06625422345438904,True
asymmetric,1,pancreas_300,OAKG,0.0,False
asymmetric,1,pancreas_300,OAKG-Union,0.06625422345438904,True
asymmetric,1,pancreas_303,OAKG,0.0,False
asymmetric,1,pancreas_303,OAKG-Union,0.06625422345438904,True
asymmetric,1,pancreas_304,OAKG,0.0,False
asymmetric,1,pancreas_304,OAKG-Union,0.03683933915207039,True
asymmetric,1,pancreas_315,OAKG,0.0,False
asymmetric,1,pancreas_315,OAKG-Union,0.08390718937927714,True
asymmetric,1,pancreas_328,OAKG,0.0,False
asymmetric,1,pancreas_328,OAKG-Union,0.0,True
asymmetric,1,pancreas_329,OAKG,0.0,False
asymmetric,1,pancreas_329,OAKG-Union,0.26462022272743835,True
asymmetric,1,pancreas_334,OAKG,0.0,False
asymmetric,1,pancreas_334,OAKG-Union,0.0,True
asymmetric,1,pancreas_345,OAKG,0.0,False
asymmetric,1,pancreas_345,OAKG-Union,0.3548044937411435,True
asymmetric,1,pancreas_364,OAKG,0.0,False
asymmetric,1,pancreas_364,OAKG-Union,0.2969121068888815,True
asymmetric,1,pancreas_366,OAKG,0.0,False
asymmetric,1,pancreas_366,OAKG-Union,0.0,True
asymmetric,1,pancreas_372,OAKG,0.0,False
asymmetric,1,pancreas_372,OAKG-Union,0.19055779321819752,True
asymmetric,1,pancreas_377,OAKG,0.0,False
asymmetric,1,pancreas_377,OAKG-Union,0.36827183291672383,True
asymmetric,1,pancreas_386,OAKG,0.0,False
asymmetric,1,pancreas_386,OAKG-Union,0.0,True
asymmetric,1,pancreas_387,OAKG,0.0,False
asymmetric,1,pancreas_387,OAKG-Union,0.19055779321819752,True
asymmetric,1,pancreas_391,OAKG,0.0,False
asymmetric,1,pancreas_391,OAKG-Union,0.9363792118010483,True
asymmetric,1,pancreas_409,OAKG,0.0,False
asymmetric,1,pancreas_409,OAKG-Union,0.0,True
asymmetric,1,LiTs-014,OAKG,0.0,True
asymmetric,1,LiTs-014,OAKG-Union,0.0,True
asymmetric,1,LiTs-015,OAKG,0.0,True
asymmetric,1,LiTs-015,OAKG-Union,0.0,True
asymmetric,1,LiTs-021,OAKG,1.0,True
asymmetric,1,LiTs-021,OAKG-Union,1.0,True
asymmetric,1,LiTs-022,OAKG,1.0,True
asymmetric,1,LiTs-022,OAKG-Union,1.0,True
asymmetric,1,LiTs-024,OAKG,0.009088684028421674,True
asymmetric,1,LiTs-024,OAKG-Union,0.009088684028421674,True
asymmetric,1,LiTs-041,OAKG,1.0,True
asymmetric,1,LiTs-041,OAKG-Union,1.0,True
asymmetric,1,LiTs-044,OAKG,0.6489315753318466,True
asymmetric,1,LiTs-044,OAKG-Union,0.6489315753318466,True
asymmetric,1,LiTs-045,OAKG,0.2329726085570736,True
asymmetric,1,LiTs-045,OAKG-Union,0.2329726085570736,True
asymmetric,1,LiTs-046,OAKG,0.0,True
asymmetric,1,LiTs-046,OAKG-Union,0.0,True
asymmetric,1,LiTs-047,OAKG,1.0,True
asymmetric,1,LiTs-047,OAKG-Union,1.0,True
asymmetric,1,LiTs-059,OAKG,1.0,True
asymmetric,1,LiTs-059,OAKG-Union,1.0,True
asymmetric,1,LiTs-066,OAKG,1.0,True
asymmetric,1,LiTs-066,OAKG-Union,1.0,True
asymmetric,1,LiTs-067,OAKG,0.013541194909935826,True
asymmetric,1,LiTs-067,OAKG-Union,0.013541194909935826,True
asymmetric,1,LiTs-076,OAKG,0.5933607200949346,True
asymmetric,1,LiTs-076,OAKG-Union,0.5933607200949346,True
asymmetric,1,LiTs-082,OAKG,0.06943122193677727,True
asymmetric,1,LiTs-082,OAKG-Union,0.2200917662980802,True
asymmetric,1,LiTs-083,OAKG,0.14285714285714285,True
asymmetric,1,LiTs-083,OAKG-Union,0.14285714285714285,True
asymmetric,1,LiTs-086,OAKG,0.0,True
asymmetric,1,LiTs-086,OAKG-Union,0.314880130667631,True
asymmetric,1,LiTs-087,OAKG,0.19930623359011804,True
asymmetric,1,LiTs-087,OAKG-Union,0.29802729812225165,True
asymmetric,1,LiTs-089,OAKG,0.0,True
asymmetric,1,LiTs-089,OAKG-Union,0.0,True
asymmetric,1,LiTs-102,OAKG,0.2625298390460707,True
asymmetric,1,LiTs-102,OAKG-Union,0.5473983622993501,True
asymmetric,1,LiTs-104,OAKG,1.0,True
asymmetric,1,LiTs-104,OAKG-Union,1.0,True
asymmetric,1,LiTs-105,OAKG,0.857980942822373,True
asymmetric,1,LiTs-105,OAKG-Union,0.7728378251807521,True
asymmetric,1,LiTs-111,OAKG,0.020399306290876763,True
asymmetric,1,LiTs-111,OAKG-Union,0.35459765152630157,True
asymmetric,1,LiTs-128,OAKG,0.0,True
asymmetric,1,LiTs-128,OAKG-Union,0.5803013296579812,True
asymmetric,1,LiTs-130,OAKG,0.0,True
asymmetric,1,LiTs-130,OAKG-Union,1.0,True
asymmetric,1,FLARE22_Tr_0006,OAKG,0.10995264211990553,True
asymmetric,1,FLARE22_Tr_0006,OAKG-Union,0.40002324830925196,True
asymmetric,1,FLARE22_Tr_0010,OAKG,0.1799314820111718,True
asymmetric,1,FLARE22_Tr_0010,OAKG-Union,0.15773989762748994,True
asymmetric,1,FLARE22_Tr_0011,OAKG,0.1874332157513391,True
asymmetric,1,FLARE22_Tr_0011,OAKG-Union,0.03144168089972574,True
asymmetric,1,FLARE22_Tr_0014,OAKG,0.22211853869678244,True
asymmetric,1,FLARE22_Tr_0014,OAKG-Union,0.01572084044986287,True
asymmetric,1,FLARE22_Tr_0018,OAKG,0.46805099097797404,True
asymmetric,1,FLARE22_Tr_0018,OAKG-Union,0.29106738468167115,True
asymmetric,1,FLARE22_Tr_0021,OAKG,0.46945447024602927,True
asymmetric,1,FLARE22_Tr_0021,OAKG-Union,0.46794137569213035,True
asymmetric,1,FLARE22_Tr_0025,OAKG,0.0,True
asymmetric,1,FLARE22_Tr_0025,OAKG-Union,0.06943122193677727,True
asymmetric,1,FLARE22_Tr_0028,OAKG,0.4886192541691046,True
asymmetric,1,FLARE22_Tr_0028,OAKG-Union,0.4761507819969704,True
asymmetric,1,FLARE22_Tr_0031,OAKG,0.23129151900931952,True
asymmetric,1,FLARE22_Tr_0031,OAKG-Union,0.15457433957839828,True
asymmetric,1,FLARE22_Tr_0036,OAKG,0.44618334843015683,True
asymmetric,1,FLARE22_Tr_0036,OAKG-Union,0.3726190042491968,True
asymmetric,1,FLARE22_Tr_0038,OAKG,0.7849818707050383,True
asymmetric,1,FLARE22_Tr_0038,OAKG-Union,0.6835381846158709,True
asymmetric,1,FLARE22_Tr_0043,OAKG,0.0,True
asymmetric,1,FLARE22_Tr_0043,OAKG-Union,0.08245260612778173,True
asymmetric,1,FLARE22_Tr_0045,OAKG,0.6846389223884004,True
asymmetric,1,FLARE22_Tr_0045,OAKG-Union,0.530618780022238,True
asymmetric,1,FLARE22_Tr_0050,OAKG,0.7035822153345346,True
asymmetric,1,FLARE22_Tr_0050,OAKG-Union,0.18954428443415675,True
asymmetric,1,FLARETs_0003,OAKG,0.10626161634382852,True
asymmetric,1,FLARETs_0003,OAKG-Union,0.14832733293846728,True
asymmetric,1,FLARETs_0006,OAKG,0.3540765750978017,True
asymmetric,1,FLARETs_0006,OAKG-Union,0.5492902584961094,True
asymmetric,1,FLARETs_0021,OAKG,0.023363055231470906,True
asymmetric,1,FLARETs_0021,OAKG-Union,0.04385924719178077,True
asymmetric,1,FLARETs_0023,OAKG,0.4602022752410892,True
asymmetric,1,FLARETs_0023,OAKG-Union,0.29849003527675555,True
asymmetric,1,FLARETs_0024,OAKG,1.0,True
asymmetric,1,FLARETs_0024,OAKG-Union,0.7129165838480307,True
asymmetric,1,FLARETs_0033,OAKG,0.0,True
asymmetric,1,FLARETs_0033,OAKG-Union,0.0,True
asymmetric,1,FLARETs_0034,OAKG,0.08926871391871365,True
asymmetric,1,FLARETs_0034,OAKG-Union,0.27215399537392876,True
asymmetric,1,FLARETs_0035,OAKG,0.15457433957839828,True
asymmetric,1,FLARETs_0035,OAKG-Union,0.0,True
asymmetric,1,FLARETs_0036,OAKG,0.5158084819368932,True
asymmetric,1,FLARETs_0036,OAKG-Union,0.48947013593529726,True
asymmetric,1,FLARETs_0039,OAKG,0.3169926600350617,True
asymmetric,1,FLARETs_0039,OAKG-Union,0.18572848639947806,True
asymmetric,1,FLARETs_0044,OAKG,0.49463965556280104,True
asymmetric,1,FLARETs_0044,OAKG-Union,0.23485624491127208,True
asymmetric,1,FLARETs_0050,OAKG,0.4258322709546746,True
asymmetric,1,FLARETs_0050,OAKG-Union,0.16299381436924254,True
