regime,seed,query_id,method,nDCG@10
uniform,0,pancreas_001,OAKG,1.0
uniform,0,pancreas_001,OAKG-Union,1.0
uniform,0,pancreas_012,OAKG,0.21306158485699
uniform,0,pancreas_012,OAKG-Union,0.21306158485699
uniform,0,pancreas_042,OAKG,0.0
uniform,0,pancreas_042,OAKG-Union,0.0
uniform,0,pancreas_058,OAKG,0.0
uniform,0,pancreas_058,OAKG-Union,0.0
uniform,0,pancreas_077,OAKG,0.0
uniform,0,pancreas_077,OAKG-Union,0.0
uniform,0,pancreas_080,OAKG,0.5668339904824009
uniform,0,pancreas_080,OAKG-Union,0.5668339904824009
uniform,0,pancreas_081,OAKG,0.3425479501917774
uniform,0,pancreas_081,OAKG-Union,0.3425479501917774
uniform,0,pancreas_084,OAKG,1.0
uniform,0,pancreas_084,OAKG-Union,1.0
uniform,0,pancreas_086,OAKG,0.8515543142729491
uniform,0,pancreas_086,OAKG-Union,0.8515543142729491
uniform,0,pancreas_089,OAKG,0.7221746306981013
uniform,0,pancreas_089,OAKG-Union,0.7221746306981013
uniform,0,pancreas_091,OAKG,1.0
uniform,0,pancreas_091,OAKG-Union,1.0
uniform,0,pancreas_092,OAKG,0.21819512777735
uniform,0,pancreas_092,OAKG-Union,0.21819512777735
uniform,0,pancreas_094,OAKG,1.0
uniform,0,pancreas_094,OAKG-Union,1.0
uniform,0,pancreas_104,OAKG,0.14285714285714285
uniform,0,pancreas_104,OAKG-Union,0.14285714285714285
uniform,0,pancreas_110,OAKG,1.0
uniform,0,pancreas_110,OAKG-Union,1.0
uniform,0,pancreas_113,OAKG,0.9371166382005486
uniform,0,pancreas_113,OAKG-Union,0.9371166382005486
uniform,0,pancreas_114,OAKG,0.0
uniform,0,pancreas_114,OAKG-Union,0.0
uniform,0,pancreas_117,OAKG,0.4309322110679313
uniform,0,pancreas_117,OAKG-Union,0.4309322110679313
uniform,0,pancreas_119,OAKG,0.94546789582947
uniform,0,pancreas_119,OAKG-Union,0.94546789582947
uniform,0,pancreas_120,OAKG,0.0
uniform,0,pancreas_120,OAKG-Union,0.0
uniform,0,pancreas_124,OAKG,0.9363792118010483
uniform,0,pancreas_124,OAKG-Union,0.9363792118010483
uniform,0,pancreas_130,OAKG,0.31708532520472715
uniform,0,pancreas_130,OAKG-Union,0.31708532520472715
uniform,0,pancreas_131,OAKG,0.31708532520472715
uniform,0,pancreas_131,OAKG-Union,0.31708532520472715
uniform,0,pancreas_159,OAKG,0.15090863280404943
uniform,0,pancreas_159,OAKG-Union,0.15090863280404943
uniform,0,pancreas_169,OAKG,0.0
uniform,0,pancreas_169,OAKG-Union,0.0
uniform,0,pancreas_186,OAKG,0.31708532520472715
uniform,0,pancreas_186,OAKG-Union,0.31708532520472715
uniform,0,pancreas_193,OAKG,0.637161318481177
uniform,0,pancreas_193,OAKG-Union,0.637161318481177
uniform,0,pancreas_199,OAKG,0.0
uniform,0,pancreas_199,OAKG-Union,0.0
uniform,0,pancreas_204,OAKG,0.0
uniform,0,pancreas_204,OAKG-Union,0.0
uniform,0,pancreas_207,OAKG,0.0
uniform,0,pancreas_207,OAKG-Union,0.0
uniform,0,pancreas_213,OAKG,0.0
uniform,0,pancreas_213,OAKG-Union,0.0
uniform,0,pancreas_214,OAKG,0.0
uniform,0,pancreas_214,OAKG-Union,0.0
uniform,0,pancreas_229,OAKG,0.0
uniform,0,pancreas_229,OAKG-Union,0.0
uniform,0,pancreas_244,OAKG,1.0
uniform,0,pancreas_244,OAKG-Union,1.0
uniform,0,pancreas_246,OAKG,1.0
uniform,0,pancreas_246,OAKG-Union,1.0
uniform,0,pancreas_255,OAKG,0.41939799988819826
uniform,0,pancreas_255,OAKG-Union,0.41939799988819826
uniform,0,pancreas_258,OAKG,1.0
uniform,0,pancreas_258,OAKG-Union,1.0
uniform,0,pancreas_266,OAKG,0.6261043923059076
uniform,0,pancreas_266,OAKG-Union,0.6261043923059076
uniform,0,pancreas_269,OAKG,0.24789885215535917
uniform,0,pancreas_269,OAKG-Union,0.24789885215535917
uniform,0,pancreas_280,OAKG,1.0
uniform,0,pancreas_280,OAKG-Union,1.0
uniform,0,pancreas_283,OAKG,1.0
uniform,0,pancreas_283,OAKG-Union,1.0
uniform,0,pancreas_289,OAKG,0.0
uniform,0,pancreas_289,OAKG-Union,0.0
uniform,0,pancreas_294,OAKG,0.5637884576902256
uniform,0,pancreas_294,OAKG-Union,0.5637884576902256
uniform,0,pancreas_297,OAKG,0.0
uniform,0,pancreas_297,OAKG-Union,0.0
uniform,0,pancreas_300,OAKG,0.0
uniform,0,pancreas_300,OAKG-Union,0.0
uniform,0,pancreas_303,OAKG,0.0
uniform,0,pancreas_303,OAKG-Union,0.0
uniform,0,pancreas_304,OAKG,0.01048056029990858
uniform,0,pancreas_304,OAKG-Union,0.01048056029990858
uniform,0,pancreas_315,OAKG,0.09031040361479109
uniform,0,pancreas_315,OAKG-Union,0.09031040361479109
uniform,0,pancreas_328,OAKG,0.0
uniform,0,pancreas_328,OAKG-Union,0.0
uniform,0,pancreas_329,OAKG,0.5672274908036508
uniform,0,pancreas_329,OAKG-Union,0.5672274908036508
uniform,0,pancreas_334,OAKG,0.0
uniform,0,pancreas_334,OAKG-Union,0.0
uniform,0,pancreas_345,OAKG,0.3354257508767642
uniform,0,pancreas_345,OAKG-Union,0.3354257508767642
uniform,0,pancreas_364,OAKG,0.31708532520472715
uniform,0,pancreas_364,OAKG-Union,0.31708532520472715
uniform,0,pancreas_366,OAKG,0.0
uniform,0,pancreas_366,OAKG-Union,0.0
uniform,0,pancreas_372,OAKG,1.0
uniform,0,pancreas_372,OAKG-Union,1.0
uniform,0,pancreas_377,OAKG,0.685035554235118
uniform,0,pancreas_377,OAKG-Union,0.685035554235118
uniform,0,pancreas_386,OAKG,0.0
uniform,0,pancreas_386,OAKG-Union,0.0
uniform,0,pancreas_387,OAKG,0.14285714285714285
uniform,0,pancreas_387,OAKG-Union,0.14285714285714285
uniform,0,pancreas_391,OAKG,1.0
uniform,0,pancreas_391,OAKG-Union,1.0
uniform,0,pancreas_409,OAKG,0.0
uniform,0,pancreas_409,OAKG-Union,0.0
uniform,0,LiTs-014,OAKG,0.0
uniform,0,LiTs-014,OAKG-Union,0.0
uniform,0,LiTs-015,OAKG,0.0
uniform,0,LiTs-015,OAKG-Union,0.0
uniform,0,LiTs-021,OAKG,1.0
uniform,0,LiTs-021,OAKG-Union,1.0
uniform,0,LiTs-022,OAKG,1.0
uniform,0,LiTs-022,OAKG-Union,1.0
uniform,0,LiTs-024,OAKG,0.009088684028421674
uniform,0,LiTs-024,OAKG-Union,0.009088684028421674
uniform,0,LiTs-041,OAKG,1.0
uniform,0,LiTs-041,OAKG-Union,1.0
uniform,0,LiTs-044,OAKG,0.6489315753318466
uniform,0,LiTs-044,OAKG-Union,0.6489315753318466
uniform,0,LiTs-045,OAKG,0.2329726085570736
uniform,0,LiTs-045,OAKG-Union,0.2329726085570736
uniform,0,LiTs-046,OAKG,0.0
uniform,0,LiTs-046,OAKG-Union,0.0
uniform,0,LiTs-047,OAKG,1.0
uniform,0,LiTs-047,OAKG-Union,1.0
uniform,0,LiTs-059,OAKG,1.0
uniform,0,LiTs-059,OAKG-Union,1.0
uniform,0,LiTs-066,OAKG,1.0
uniform,0,LiTs-066,OAKG-Union,1.0
uniform,0,LiTs-067,OAKG,0.013541194909935826
uniform,0,LiTs-067,OAKG-Union,0.013541194909935826
uniform,0,LiTs-076,OAKG,0.5933607200949346
uniform,0,LiTs-076,OAKG-Union,0.5933607200949346
uniform,0,LiTs-082,OAKG,0.2200917662980802
uniform,0,LiTs-082,OAKG-Union,0.2200917662980802
uniform,0,LiTs-083,OAKG,0.14285714285714285
uniform,0,LiTs-083,OAKG-Union,0.14285714285714285
uniform,0,LiTs-086,OAKG,0.314880130667631
uniform,0,LiTs-086,OAKG-Union,0.314880130667631
uniform,0,LiTs-087,OAKG,0.0
uniform,0,LiTs-087,OAKG-Union,0.0
uniform,0,LiTs-089,OAKG,0.0
uniform,0,LiTs-089,OAKG-Union,0.0
uniform,0,LiTs-102,OAKG,0.5473983622993501
uniform,0,LiTs-102,OAKG-Union,0.5473983622993501
uniform,0,LiTs-104,OAKG,1.0
uniform,0,LiTs-104,OAKG-Union,1.0
uniform,0,LiTs-105,OAKG,1.0
uniform,0,LiTs-105,OAKG-Union,1.0
uniform,0,LiTs-111,OAKG,0.35459765152630157
uniform,0,LiTs-111,OAKG-Union,0.35459765152630157
uniform,0,LiTs-128,OAKG,0.5803013296579812
uniform,0,LiTs-128,OAKG-Union,0.5803013296579812
uniform,0,LiTs-130,OAKG,1.0
uniform,0,LiTs-130,OAKG-Union,1.0
uniform,0,FLARE22_Tr_0006,OAKG,0.07839826897867534
uniform,0,FLARE22_Tr_0006,OAKG-Union,0.07839826897867534
uniform,0,FLARE22_Tr_0010,OAKG,0.2863459897524692
uniform,0,FLARE22_Tr_0010,OAKG-Union,0.2863459897524692
uniform,0,FLARE22_Tr_0011,OAKG,0.0
uniform,0,FLARE22_Tr_0011,OAKG-Union,0.0
uniform,0,FLARE22_Tr_0014,OAKG,0.07336392209936006
uniform,0,FLARE22_Tr_0014,OAKG-Union,0.07336392209936006
uniform,0,FLARE22_Tr_0018,OAKG,0.2317730746678626
uniform,0,FLARE22_Tr_0018,OAKG-Union,0.2317730746678626
uniform,0,FLARE22_Tr_0021,OAKG,0.0
uniform,0,FLARE22_Tr_0021,OAKG-Union,0.0
uniform,0,FLARE22_Tr_0025,OAKG,0.3120490772217807
uniform,0,FLARE22_Tr_0025,OAKG-Union,0.3120490772217807
uniform,0,FLARE22_Tr_0028,OAKG,0.41115323210409144
uniform,0,FLARE22_Tr_0028,OAKG-Union,0.41115323210409144
uniform,0,FLARE22_Tr_0031,OAKG,0.37859880603906126
uniform,0,FLARE22_Tr_0031,OAKG-Union,0.37859880603906126
uniform,0,FLARE22_Tr_0036,OAKG,0.14285714285714285
uniform,0,FLARE22_Tr_0036,OAKG-Union,0.14285714285714285
uniform,0,FLARE22_Tr_0038,OAKG,0.2866919347890072
uniform,0,FLARE22_Tr_0038,OAKG-Union,0.2866919347890072
uniform,0,FLARE22_Tr_0043,OAKG,0.0
uniform,0,FLARE22_Tr_0043,OAKG-Union,0.0
uniform,0,FLARE22_Tr_0045,OAKG,0.37521868940541137
uniform,0,FLARE22_Tr_0045,OAKG-Union,0.37521868940541137
uniform,0,FLARE22_Tr_0050,OAKG,0.3660246186928026
uniform,0,FLARE22_Tr_0050,OAKG-Union,0.3660246186928026
uniform,0,FLARETs_0003,OAKG,0.0
uniform,0,FLARETs_0003,OAKG-Union,0.0
uniform,0,FLARETs_0006,OAKG,0.5991460842621132
uniform,0,FLARETs_0006,OAKG-Union,0.5991460842621132
uniform,0,FLARETs_0021,OAKG,0.3094454128949909
uniform,0,FLARETs_0021,OAKG-Union,0.3094454128949909
uniform,0,FLARETs_0023,OAKG,0.712936470508769
uniform,0,FLARETs_0023,OAKG-Union,0.712936470508769
uniform,0,FLARETs_0024,OAKG,0.7508931700414944
uniform,0,FLARETs_0024,OAKG-Union,0.7508931700414944
uniform,0,FLARETs_0033,OAKG,0.0
uniform,0,FLARETs_0033,OAKG-Union,0.0
uniform,0,FLARETs_0034,OAKG,0.12989283987529457
uniform,0,FLARETs_0034,OAKG-Union,0.12989283987529457
uniform,0,FLARETs_0035,OAKG,0.5232512984721256
uniform,0,FLARETs_0035,OAKG-Union,0.5232512984721256
uniform,0,FLARETs_0036,OAKG,0.5814149852926773
uniform,0,FLARETs_0036,OAKG-Union,0.5814149852926773
uniform,0,FLARETs_0039,OAKG,0.17405014866116933
uniform,0,FLARETs_0039,OAKG-Union,0.17405014866116933
uniform,0,FLARETs_0044,OAKG,0.5841877397823976
uniform,0,FLARETs_0044,OAKG-Union,0.4988207993800992
uniform,0,FLARETs_0050,OAKG,0.2808936467062342
uniform,0,FLARETs_0050,OAKG-Union,0.2808936467062342
random,0,pancreas_001,OAKG,1.0
random,0,pancreas_001,OAKG-Union,1.0
random,0,pancreas_012,OAKG,0.21306158485699
random,0,pancreas_012,OAKG-Union,0.21306158485699
random,0,pancreas_042,OAKG,0.0
random,0,pancreas_042,OAKG-Union,0.0
random,0,pancreas_058,OAKG,0.0
random,0,pancreas_058,OAKG-Union,0.0
random,0,pancreas_077,OAKG,0.0
random,0,pancreas_077,OAKG-Union,0.0
random,0,pancreas_080,OAKG,0.5668339904824009
random,0,pancreas_080,OAKG-Union,0.5668339904824009
random,0,pancreas_081,OAKG,0.3425479501917774
random,0,pancreas_081,OAKG-Union,0.3425479501917774
random,0,pancreas_084,OAKG,1.0
random,0,pancreas_084,OAKG-Union,1.0
random,0,pancreas_086,OAKG,0.8515543142729491
random,0,pancreas_086,OAKG-Union,0.8515543142729491
random,0,pancreas_089,OAKG,0.7221746306981013
random,0,pancreas_089,OAKG-Union,0.7221746306981013
random,0,pancreas_091,OAKG,1.0
random,0,pancreas_091,OAKG-Union,1.0
random,0,pancreas_092,OAKG,0.21819512777735
random,0,pancreas_092,OAKG-Union,0.21819512777735
random,0,pancreas_094,OAKG,1.0
random,0,pancreas_094,OAKG-Union,1.0
random,0,pancreas_104,OAKG,0.14285714285714285
random,0,pancreas_104,OAKG-Union,0.14285714285714285
random,0,pancreas_110,OAKG,1.0
random,0,pancreas_110,OAKG-Union,1.0
random,0,pancreas_113,OAKG,0.9371166382005486
random,0,pancreas_113,OAKG-Union,0.9371166382005486
random,0,pancreas_114,OAKG,0.0
random,0,pancreas_114,OAKG-Union,0.0
random,0,pancreas_117,OAKG,0.4309322110679313
random,0,pancreas_117,OAKG-Union,0.4309322110679313
random,0,pancreas_119,OAKG,0.94546789582947
random,0,pancreas_119,OAKG-Union,0.94546789582947
random,0,pancreas_120,OAKG,0.0
random,0,pancreas_120,OAKG-Union,0.0
random,0,pancreas_124,OAKG,0.9363792118010483
random,0,pancreas_124,OAKG-Union,0.9363792118010483
random,0,pancreas_130,OAKG,0.31708532520472715
random,0,pancreas_130,OAKG-Union,0.31708532520472715
random,0,pancreas_131,OAKG,0.31708532520472715
random,0,pancreas_131,OAKG-Union,0.31708532520472715
random,0,pancreas_159,OAKG,0.15090863280404943
random,0,pancreas_159,OAKG-Union,0.15090863280404943
random,0,pancreas_169,OAKG,0.0
random,0,pancreas_169,OAKG-Union,0.0
random,0,pancreas_186,OAKG,0.31708532520472715
random,0,pancreas_186,OAKG-Union,0.31708532520472715
random,0,pancreas_193,OAKG,0.637161318481177
random,0,pancreas_193,OAKG-Union,0.637161318481177
random,0,pancreas_199,OAKG,0.0
random,0,pancreas_199,OAKG-Union,0.0
random,0,pancreas_204,OAKG,0.0
random,0,pancreas_204,OAKG-Union,0.0
random,0,pancreas_207,OAKG,0.0
random,0,pancreas_207,OAKG-Union,0.0
random,0,pancreas_213,OAKG,0.0
random,0,pancreas_213,OAKG-Union,0.0
random,0,pancreas_214,OAKG,0.0
random,0,pancreas_214,OAKG-Union,0.0
random,0,pancreas_229,OAKG,0.0
random,0,pancreas_229,OAKG-Union,0.0
random,0,pancreas_244,OAKG,1.0
random,0,pancreas_244,OAKG-Union,1.0
random,0,pancreas_246,OAKG,1.0
random,0,pancreas_246,OAKG-Union,1.0
random,0,pancreas_255,OAKG,0.41939799988819826
random,0,pancreas_255,OAKG-Union,0.41939799988819826
random,0,pancreas_258,OAKG,1.0
random,0,pancreas_258,OAKG-Union,1.0
random,0,pancreas_266,OAKG,0.6261043923059076
random,0,pancreas_266,OAKG-Union,0.6261043923059076
random,0,pancreas_269,OAKG,0.24789885215535917
random,0,pancreas_269,OAKG-Union,0.24789885215535917
random,0,pancreas_280,OAKG,1.0
random,0,pancreas_280,OAKG-Union,1.0
random,0,pancreas_283,OAKG,1.0
random,0,pancreas_283,OAKG-Union,1.0
random,0,pancreas_289,OAKG,0.0
random,0,pancreas_289,OAKG-Union,0.0
random,0,pancreas_294,OAKG,0.5637884576902256
random,0,pancreas_294,OAKG-Union,0.5637884576902256
random,0,pancreas_297,OAKG,0.0
random,0,pancreas_297,OAKG-Union,0.0
random,0,pancreas_300,OAKG,0.0
random,0,pancreas_300,OAKG-Union,0.0
random,0,pancreas_303,OAKG,0.0
random,0,pancreas_303,OAKG-Union,0.0
random,0,pancreas_304,OAKG,0.01048056029990858
random,0,pancreas_304,OAKG-Union,0.01048056029990858
random,0,pancreas_315,OAKG,0.09031040361479109
random,0,pancreas_315,OAKG-Union,0.09031040361479109
random,0,pancreas_328,OAKG,0.0
random,0,pancreas_328,OAKG-Union,0.0
random,0,pancreas_329,OAKG,0.5672274908036508
random,0,pancreas_329,OAKG-Union,0.5672274908036508
random,0,pancreas_334,OAKG,0.0
random,0,pancreas_334,OAKG-Union,0.0
random,0,pancreas_345,OAKG,0.3354257508767642
random,0,pancreas_345,OAKG-Union,0.3354257508767642
random,0,pancreas_364,OAKG,0.31708532520472715
random,0,pancreas_364,OAKG-Union,0.31708532520472715
random,0,pancreas_366,OAKG,0.0
random,0,pancreas_366,OAKG-Union,0.0
random,0,pancreas_372,OAKG,1.0
random,0,pancreas_372,OAKG-Union,1.0
random,0,pancreas_377,OAKG,0.685035554235118
random,0,pancreas_377,OAKG-Union,0.685035554235118
random,0,pancreas_386,OAKG,0.0
random,0,pancreas_386,OAKG-Union,0.0
random,0,pancreas_387,OAKG,0.14285714285714285
random,0,pancreas_387,OAKG-Union,0.14285714285714285
random,0,pancreas_391,OAKG,1.0
random,0,pancreas_391,OAKG-Union,1.0
random,0,pancreas_409,OAKG,0.0
random,0,pancreas_409,OAKG-Union,0.0
random,0,LiTs-014,OAKG,0.0
random,0,LiTs-014,OAKG-Union,0.0
random,0,LiTs-015,OAKG,0.0
random,0,LiTs-015,OAKG-Union,0.0
random,0,LiTs-021,OAKG,1.0
random,0,LiTs-021,OAKG-Union,1.0
random,0,LiTs-022,OAKG,1.0
random,0,LiTs-022,OAKG-Union,1.0
random,0,LiTs-024,OAKG,0.009088684028421674
random,0,LiTs-024,OAKG-Union,0.009088684028421674
random,0,LiTs-041,OAKG,1.0
random,0,LiTs-041,OAKG-Union,1.0
random,0,LiTs-044,OAKG,0.6489315753318466
random,0,LiTs-044,OAKG-Union,0.6489315753318466
random,0,LiTs-045,OAKG,0.2329726085570736
random,0,LiTs-045,OAKG-Union,0.2329726085570736
random,0,LiTs-046,OAKG,0.0
random,0,LiTs-046,OAKG-Union,0.0
random,0,LiTs-047,OAKG,1.0
random,0,LiTs-047,OAKG-Union,1.0
random,0,LiTs-059,OAKG,1.0
random,0,LiTs-059,OAKG-Union,1.0
random,0,LiTs-066,OAKG,1.0
random,0,LiTs-066,OAKG-Union,1.0
random,0,LiTs-067,OAKG,0.013541194909935826
random,0,LiTs-067,OAKG-Union,0.013541194909935826
random,0,LiTs-076,OAKG,0.5933607200949346
random,0,LiTs-076,OAKG-Union,0.5933607200949346
random,0,LiTs-082,OAKG,0.2200917662980802
random,0,LiTs-082,OAKG-Union,0.2200917662980802
random,0,LiTs-083,OAKG,0.14285714285714285
random,0,LiTs-083,OAKG-Union,0.14285714285714285
random,0,LiTs-086,OAKG,0.314880130667631
random,0,LiTs-086,OAKG-Union,0.314880130667631
random,0,LiTs-087,OAKG,0.0
random,0,LiTs-087,OAKG-Union,0.0
random,0,LiTs-089,OAKG,0.0
random,0,LiTs-089,OAKG-Union,0.0
random,0,LiTs-102,OAKG,0.5473983622993501
random,0,LiTs-102,OAKG-Union,0.5473983622993501
random,0,LiTs-104,OAKG,1.0
random,0,LiTs-104,OAKG-Union,1.0
random,0,LiTs-105,OAKG,1.0
random,0,LiTs-105,OAKG-Union,1.0
random,0,LiTs-111,OAKG,0.35459765152630157
random,0,LiTs-111,OAKG-Union,0.35459765152630157
random,0,LiTs-128,OAKG,0.5803013296579812
random,0,LiTs-128,OAKG-Union,0.5803013296579812
random,0,LiTs-130,OAKG,1.0
random,0,LiTs-130,OAKG-Union,1.0
random,0,FLARE22_Tr_0006,OAKG,0.44326416469634355
random,0,FLARE22_Tr_0006,OAKG-Union,0.44326416469634355
random,0,FLARE22_Tr_0010,OAKG,0.2520841973226125
random,0,FLARE22_Tr_0010,OAKG-Union,0.2520841973226125
random,0,FLARE22_Tr_0011,OAKG,0.2883820513943218
random,0,FLARE22_Tr_0011,OAKG-Union,0.2883820513943218
random,0,FLARE22_Tr_0014,OAKG,0.09695184207200973
random,0,FLARE22_Tr_0014,OAKG-Union,0.09695184207200973
random,0,FLARE22_Tr_0018,OAKG,0.2735872697693364
random,0,FLARE22_Tr_0018,OAKG-Union,0.2735872697693364
random,0,FLARE22_Tr_0021,OAKG,0.13979375764430893
random,0,FLARE22_Tr_0021,OAKG-Union,0.13979375764430893
random,0,FLARE22_Tr_0025,OAKG,0.3187939258847263
random,0,FLARE22_Tr_0025,OAKG-Union,0.3187939258847263
random,0,FLARE22_Tr_0028,OAKG,0.3631075467533753
random,0,FLARE22_Tr_0028,OAKG-Union,0.3631075467533753
random,0,FLARE22_Tr_0031,OAKG,0.0
random,0,FLARE22_Tr_0031,OAKG-Union,0.0
random,0,FLARE22_Tr_0036,OAKG,0.576023152374742
random,0,FLARE22_Tr_0036,OAKG-Union,0.576023152374742
random,0,FLARE22_Tr_0038,OAKG,0.49593892046994653
random,0,FLARE22_Tr_0038,OAKG-Union,0.49593892046994653
random,0,FLARE22_Tr_0043,OAKG,0.09424074641506182
random,0,FLARE22_Tr_0043,OAKG-Union,0.09424074641506182
random,0,FLARE22_Tr_0045,OAKG,0.572894340643402
random,0,FLARE22_Tr_0045,OAKG-Union,0.572894340643402
random,0,FLARE22_Tr_0050,OAKG,0.3648149715813449
random,0,FLARE22_Tr_0050,OAKG-Union,0.3648149715813449
random,0,FLARETs_0003,OAKG,0.06362078819895173
random,0,FLARETs_0003,OAKG-Union,0.06362078819895173
random,0,FLARETs_0006,OAKG,0.15411418823937095
random,0,FLARETs_0006,OAKG-Union,0.15411418823937095
random,0,FLARETs_0021,OAKG,0.3468758403296002
random,0,FLARETs_0021,OAKG-Union,0.3468758403296002
random,0,FLARETs_0023,OAKG,0.6467719514807803
random,0,FLARETs_0023,OAKG-Union,0.6467719514807803
random,0,FLARETs_0024,OAKG,0.5084351701712879
random,0,FLARETs_0024,OAKG-Union,0.5084351701712879
random,0,FLARETs_0033,OAKG,0.27584715417186634
random,0,FLARETs_0033,OAKG-Union,0.27584715417186634
random,0,FLARETs_0034,OAKG,0.13213739640455793
random,0,FLARETs_0034,OAKG-Union,0.13213739640455793
random,0,FLARETs_0035,OAKG,0.5174612499126158
random,0,FLARETs_0035,OAKG-Union,0.5174612499126158
random,0,FLARETs_0036,OAKG,0.48330759559720143
random,0,FLARETs_0036,OAKG-Union,0.48330759559720143
random,0,FLARETs_0039,OAKG,0.4276241916114525
random,0,FLARETs_0039,OAKG-Union,0.4276241916114525
random,0,FLARETs_0044,OAKG,0.368592662609612
random,0,FLARETs_0044,OAKG-Union,0.2051261562709665
random,0,FLARETs_0050,OAKG,0.690579767017011
random,0,FLARETs_0050,OAKG-Union,0.690579767017011
random,1,pancreas_001,OAKG,1.0
random,1,pancreas_001,OAKG-Union,1.0
random,1,pancreas_012,OAKG,0.21306158485699
random,1,pancreas_012,OAKG-Union,0.21306158485699
random,1,pancreas_042,OAKG,0.0
random,1,pancreas_042,OAKG-Union,0.0
random,1,pancreas_058,OAKG,0.0
random,1,pancreas_058,OAKG-Union,0.0
random,1,pancreas_077,OAKG,0.0
random,1,pancreas_077,OAKG-Union,0.0
random,1,pancreas_080,OAKG,0.5668339904824009
random,1,pancreas_080,OAKG-Union,0.5668339904824009
random,1,pancreas_081,OAKG,0.3425479501917774
random,1,pancreas_081,OAKG-Union,0.3425479501917774
random,1,pancreas_084,OAKG,1.0
random,1,pancreas_084,OAKG-Union,1.0
random,1,pancreas_086,OAKG,0.8515543142729491
random,1,pancreas_086,OAKG-Union,0.8515543142729491
random,1,pancreas_089,OAKG,0.7221746306981013
random,1,pancreas_089,OAKG-Union,0.7221746306981013
random,1,pancreas_091,OAKG,1.0
random,1,pancreas_091,OAKG-Union,1.0
random,1,pancreas_092,OAKG,0.21819512777735
random,1,pancreas_092,OAKG-Union,0.21819512777735
random,1,pancreas_094,OAKG,1.0
random,1,pancreas_094,OAKG-Union,1.0
random,1,pancreas_104,OAKG,0.14285714285714285
random,1,pancreas_104,OAKG-Union,0.14285714285714285
random,1,pancreas_110,OAKG,1.0
random,1,pancreas_110,OAKG-Union,1.0
random,1,pancreas_113,OAKG,0.9371166382005486
random,1,pancreas_113,OAKG-Union,0.9371166382005486
random,1,pancreas_114,OAKG,0.0
random,1,pancreas_114,OAKG-Union,0.0
random,1,pancreas_117,OAKG,0.4309322110679313
random,1,pancreas_117,OAKG-Union,0.4309322110679313
random,1,pancreas_119,OAKG,0.94546789582947
random,1,pancreas_119,OAKG-Union,0.94546789582947
random,1,pancreas_120,OAKG,0.0
random,1,pancreas_120,OAKG-Union,0.0
random,1,pancreas_124,OAKG,0.9363792118010483
random,1,pancreas_124,OAKG-Union,0.9363792118010483
random,1,pancreas_130,OAKG,0.31708532520472715
random,1,pancreas_130,OAKG-Union,0.31708532520472715
random,1,pancreas_131,OAKG,0.31708532520472715
random,1,pancreas_131,OAKG-Union,0.31708532520472715
random,1,pancreas_159,OAKG,0.15090863280404943
random,1,pancreas_159,OAKG-Union,0.15090863280404943
random,1,pancreas_169,OAKG,0.0
random,1,pancreas_169,OAKG-Union,0.0
random,1,pancreas_186,OAKG,0.31708532520472715
random,1,pancreas_186,OAKG-Union,0.31708532520472715
random,1,pancreas_193,OAKG,0.637161318481177
random,1,pancreas_193,OAKG-Union,0.637161318481177
random,1,pancreas_199,OAKG,0.0
random,1,pancreas_199,OAKG-Union,0.0
random,1,pancreas_204,OAKG,0.0
random,1,pancreas_204,OAKG-Union,0.0
random,1,pancreas_207,OAKG,0.0
random,1,pancreas_207,OAKG-Union,0.0
random,1,pancreas_213,OAKG,0.0
random,1,pancreas_213,OAKG-Union,0.0
random,1,pancreas_214,OAKG,0.0
random,1,pancreas_214,OAKG-Union,0.0
random,1,pancreas_229,OAKG,0.0
random,1,pancreas_229,OAKG-Union,0.0
random,1,pancreas_244,OAKG,1.0
random,1,pancreas_244,OAKG-Union,1.0
random,1,pancreas_246,OAKG,1.0
random,1,pancreas_246,OAKG-Union,1.0
random,1,pancreas_255,OAKG,0.41939799988819826
random,1,pancreas_255,OAKG-Union,0.41939799988819826
random,1,pancreas_258,OAKG,1.0
random,1,pancreas_258,OAKG-Union,1.0
random,1,pancreas_266,OAKG,0.6261043923059076
random,1,pancreas_266,OAKG-Union,0.6261043923059076
random,1,pancreas_269,OAKG,0.24789885215535917
random,1,pancreas_269,OAKG-Union,0.24789885215535917
random,1,pancreas_280,OAKG,1.0
random,1,pancreas_280,OAKG-Union,1.0
random,1,pancreas_283,OAKG,1.0
random,1,pancreas_283,OAKG-Union,1.0
random,1,pancreas_289,OAKG,0.0
random,1,pancreas_289,OAKG-Union,0.0
random,1,pancreas_294,OAKG,0.5637884576902256
random,1,pancreas_294,OAKG-Union,0.5637884576902256
random,1,pancreas_297,OAKG,0.0
random,1,pancreas_297,OAKG-Union,0.0
random,1,pancreas_300,OAKG,0.0
random,1,pancreas_300,OAKG-Union,0.0
random,1,pancreas_303,OAKG,0.0
random,1,pancreas_303,OAKG-Union,0.0
random,1,pancreas_304,OAKG,0.01048056029990858
random,1,pancreas_304,OAKG-Union,0.01048056029990858
random,1,pancreas_315,OAKG,0.09031040361479109
random,1,pancreas_315,OAKG-Union,0.09031040361479109
random,1,pancreas_328,OAKG,0.0
random,1,pancreas_328,OAKG-Union,0.0
random,1,pancreas_329,OAKG,0.5672274908036508
random,1,pancreas_329,OAKG-Union,0.5672274908036508
random,1,pancreas_334,OAKG,0.0
random,1,pancreas_334,OAKG-Union,0.0
random,1,pancreas_345,OAKG,0.3354257508767642
random,1,pancreas_345,OAKG-Union,0.3354257508767642
random,1,pancreas_364,OAKG,0.31708532520472715
random,1,pancreas_364,OAKG-Union,0.31708532520472715
random,1,pancreas_366,OAKG,0.0
random,1,pancreas_366,OAKG-Union,0.0
random,1,pancreas_372,OAKG,1.0
random,1,pancreas_372,OAKG-Union,1.0
random,1,pancreas_377,OAKG,0.685035554235118
random,1,pancreas_377,OAKG-Union,0.685035554235118
random,1,pancreas_386,OAKG,0.0
random,1,pancreas_386,OAKG-Union,0.0
random,1,pancreas_387,OAKG,0.14285714285714285
random,1,pancreas_387,OAKG-Union,0.14285714285714285
random,1,pancreas_391,OAKG,1.0
random,1,pancreas_391,OAKG-Union,1.0
random,1,pancreas_409,OAKG,0.0
random,1,pancreas_409,OAKG-Union,0.0
random,1,LiTs-014,OAKG,0.0
random,1,LiTs-014,OAKG-Union,0.0
random,1,LiTs-015,OAKG,0.0
random,1,LiTs-015,OAKG-Union,0.0
random,1,LiTs-021,OAKG,1.0
random,1,LiTs-021,OAKG-Union,1.0
random,1,LiTs-022,OAKG,1.0
random,1,LiTs-022,OAKG-Union,1.0
random,1,LiTs-024,OAKG,0.009088684028421674
random,1,LiTs-024,OAKG-Union,0.009088684028421674
random,1,LiTs-041,OAKG,1.0
random,1,LiTs-041,OAKG-Union,1.0
random,1,LiTs-044,OAKG,0.6489315753318466
random,1,LiTs-044,OAKG-Union,0.6489315753318466
random,1,LiTs-045,OAKG,0.2329726085570736
random,1,LiTs-045,OAKG-Union,0.2329726085570736
random,1,LiTs-046,OAKG,0.0
random,1,LiTs-046,OAKG-Union,0.0
random,1,LiTs-047,OAKG,1.0
random,1,LiTs-047,OAKG-Union,1.0
random,1,LiTs-059,OAKG,1.0
random,1,LiTs-059,OAKG-Union,1.0
random,1,LiTs-066,OAKG,1.0
random,1,LiTs-066,OAKG-Union,1.0
random,1,LiTs-067,OAKG,0.013541194909935826
random,1,LiTs-067,OAKG-Union,0.013541194909935826
random,1,LiTs-076,OAKG,0.5933607200949346
random,1,LiTs-076,OAKG-Union,0.5933607200949346
random,1,LiTs-082,OAKG,0.2200917662980802
random,1,LiTs-082,OAKG-Union,0.2200917662980802
random,1,LiTs-083,OAKG,0.14285714285714285
random,1,LiTs-083,OAKG-Union,0.14285714285714285
random,1,LiTs-086,OAKG,0.314880130667631
random,1,LiTs-086,OAKG-Union,0.314880130667631
random,1,LiTs-087,OAKG,0.0
random,1,LiTs-087,OAKG-Union,0.0
random,1,LiTs-089,OAKG,0.0
random,1,LiTs-089,OAKG-Union,0.0
random,1,LiTs-102,OAKG,0.5473983622993501
random,1,LiTs-102,OAKG-Union,0.5473983622993501
random,1,LiTs-104,OAKG,1.0
random,1,LiTs-104,OAKG-Union,1.0
random,1,LiTs-105,OAKG,1.0
random,1,LiTs-105,OAKG-Union,1.0
random,1,LiTs-111,OAKG,0.35459765152630157
random,1,LiTs-111,OAKG-Union,0.35459765152630157
random,1,LiTs-128,OAKG,0.5803013296579812
random,1,LiTs-128,OAKG-Union,0.5803013296579812
random,1,LiTs-130,OAKG,1.0
random,1,LiTs-130,OAKG-Union,1.0
random,1,FLARE22_Tr_0006,OAKG,0.24071231447420302
random,1,FLARE22_Tr_0006,OAKG-Union,0.24071231447420302
random,1,FLARE22_Tr_0010,OAKG,0.10470711036051898
random,1,FLARE22_Tr_0010,OAKG-Union,0.10470711036051898
random,1,FLARE22_Tr_0011,OAKG,0.4409203293308675
random,1,FLARE22_Tr_0011,OAKG-Union,0.43828689407543014
random,1,FLARE22_Tr_0014,OAKG,0.3660246186928026
random,1,FLARE22_Tr_0014,OAKG-Union,0.3660246186928026
random,1,FLARE22_Tr_0018,OAKG,0.5314700499698524
random,1,FLARE22_Tr_0018,OAKG-Union,0.5314700499698524
random,1,FLARE22_Tr_0021,OAKG,0.25891979123845676
random,1,FLARE22_Tr_0021,OAKG-Union,0.25891979123845676
random,1,FLARE22_Tr_0025,OAKG,0.20829366581033182
random,1,FLARE22_Tr_0025,OAKG-Union,0.20829366581033182
random,1,FLARE22_Tr_0028,OAKG,0.2551731929004313
random,1,FLARE22_Tr_0028,OAKG-Union,0.2551731929004313
random,1,FLARE22_Tr_0031,OAKG,0.20827328063201608
random,1,FLARE22_Tr_0031,OAKG-Union,0.20827328063201608
random,1,FLARE22_Tr_0036,OAKG,0.6923249627100274
random,1,FLARE22_Tr_0036,OAKG-Union,0.6923249627100274
random,1,FLARE22_Tr_0038,OAKG,0.2375835084056881
random,1,FLARE22_Tr_0038,OAKG-Union,0.3012042966046399
random,1,FLARE22_Tr_0043,OAKG,0.22400556151517556
random,1,FLARE22_Tr_0043,OAKG-Union,0.2308019077621657
random,1,FLARE22_Tr_0045,OAKG,0.5385049170750259
random,1,FLARE22_Tr_0045,OAKG-Union,0.593037021245556
random,1,FLARE22_Tr_0050,OAKG,0.33553519919639485
random,1,FLARE22_Tr_0050,OAKG-Union,0.33553519919639485
random,1,FLARETs_0003,OAKG,0.13698471029831177
random,1,FLARETs_0003,OAKG-Union,0.13698471029831177
random,1,FLARETs_0006,OAKG,0.43413529976820153
random,1,FLARETs_0006,OAKG-Union,0.43413529976820153
random,1,FLARETs_0021,OAKG,0.34142634827156987
random,1,FLARETs_0021,OAKG-Union,0.34142634827156987
random,1,FLARETs_0023,OAKG,0.41777956319112325
random,1,FLARETs_0023,OAKG-Union,0.17366667134799182
random,1,FLARETs_0024,OAKG,0.5421340812899599
random,1,FLARETs_0024,OAKG-Union,0.5421340812899599
random,1,FLARETs_0033,OAKG,0.5309999066793252
random,1,FLARETs_0033,OAKG-Union,0.5309999066793252
random,1,FLARETs_0034,OAKG,0.22674921752254473
random,1,FLARETs_0034,OAKG-Union,0.21766053349412307
random,1,FLARETs_0035,OAKG,0.6300426811446147
random,1,FLARETs_0035,OAKG-Union,0.6300426811446147
random,1,FLARETs_0036,OAKG,0.483958459305121
random,1,FLARETs_0036,OAKG-Union,0.483958459305121
random,1,FLARETs_0039,OAKG,0.17662477568573415
random,1,FLARETs_0039,OAKG-Union,0.17662477568573415
random,1,FLARETs_0044,OAKG,0.24918821407429026
random,1,FLARETs_0044,OAKG-Union,0.2179891514948706
random,1,FLARETs_0050,OAKG,0.2869876741162093
random,1,FLARETs_0050,OAKG-Union,0.2869876741162093
random,2,pancreas_001,OAKG,1.0
random,2,pancreas_001,OAKG-Union,1.0
random,2,pancreas_012,OAKG,0.21306158485699
random,2,pancreas_012,OAKG-Union,0.21306158485699
random,2,pancreas_042,OAKG,0.0
random,2,pancreas_042,OAKG-Union,0.0
random,2,pancreas_058,OAKG,0.0
random,2,pancreas_058,OAKG-Union,0.0
random,2,pancreas_077,OAKG,0.0
random,2,pancreas_077,OAKG-Union,0.0
random,2,pancreas_080,OAKG,0.5668339904824009
random,2,pancreas_080,OAKG-Union,0.5668339904824009
random,2,pancreas_081,OAKG,0.3425479501917774
random,2,pancreas_081,OAKG-Union,0.3425479501917774
random,2,pancreas_084,OAKG,1.0
random,2,pancreas_084,OAKG-Union,1.0
random,2,pancreas_086,OAKG,0.8515543142729491
random,2,pancreas_086,OAKG-Union,0.8515543142729491
random,2,pancreas_089,OAKG,0.7221746306981013
random,2,pancreas_089,OAKG-Union,0.7221746306981013
random,2,pancreas_091,OAKG,1.0
random,2,pancreas_091,OAKG-Union,1.0
random,2,pancreas_092,OAKG,0.21819512777735
random,2,pancreas_092,OAKG-Union,0.21819512777735
random,2,pancreas_094,OAKG,1.0
random,2,pancreas_094,OAKG-Union,1.0
random,2,pancreas_104,OAKG,0.14285714285714285
random,2,pancreas_104,OAKG-Union,0.14285714285714285
random,2,pancreas_110,OAKG,1.0
random,2,pancreas_110,OAKG-Union,1.0
random,2,pancreas_113,OAKG,0.9371166382005486
random,2,pancreas_113,OAKG-Union,0.9371166382005486
random,2,pancreas_114,OAKG,0.0
random,2,pancreas_114,OAKG-Union,0.0
random,2,pancreas_117,OAKG,0.4309322110679313
random,2,pancreas_117,OAKG-Union,0.4309322110679313
random,2,pancreas_119,OAKG,0.94546789582947
random,2,pancreas_119,OAKG-Union,0.94546789582947
random,2,pancreas_120,OAKG,0.0
random,2,pancreas_120,OAKG-Union,0.0
random,2,pancreas_124,OAKG,0.9363792118010483
random,2,pancreas_124,OAKG-Union,0.9363792118010483
random,2,pancreas_130,OAKG,0.31708532520472715
random,2,pancreas_130,OAKG-Union,0.31708532520472715
random,2,pancreas_131,OAKG,0.31708532520472715
random,2,pancreas_131,OAKG-Union,0.31708532520472715
random,2,pancreas_159,OAKG,0.15090863280404943
random,2,pancreas_159,OAKG-Union,0.15090863280404943
random,2,pancreas_169,OAKG,0.0
random,2,pancreas_169,OAKG-Union,0.0
random,2,pancreas_186,OAKG,0.31708532520472715
random,2,pancreas_186,OAKG-Union,0.31708532520472715
random,2,pancreas_193,OAKG,0.637161318481177
random,2,pancreas_193,OAKG-Union,0.637161318481177
random,2,pancreas_199,OAKG,0.0
random,2,pancreas_199,OAKG-Union,0.0
random,2,pancreas_204,OAKG,0.0
random,2,pancreas_204,OAKG-Union,0.0
random,2,pancreas_207,OAKG,0.0
random,2,pancreas_207,OAKG-Union,0.0
random,2,pancreas_213,OAKG,0.0
random,2,pancreas_213,OAKG-Union,0.0
random,2,pancreas_214,OAKG,0.0
random,2,pancreas_214,OAKG-Union,0.0
random,2,pancreas_229,OAKG,0.0
random,2,pancreas_229,OAKG-Union,0.0
random,2,pancreas_244,OAKG,1.0
random,2,pancreas_244,OAKG-Union,1.0
random,2,pancreas_246,OAKG,1.0
random,2,pancreas_246,OAKG-Union,1.0
random,2,pancreas_255,OAKG,0.41939799988819826
random,2,pancreas_255,OAKG-Union,0.41939799988819826
random,2,pancreas_258,OAKG,1.0
random,2,pancreas_258,OAKG-Union,1.0
random,2,pancreas_266,OAKG,0.6261043923059076
random,2,pancreas_266,OAKG-Union,0.6261043923059076
random,2,pancreas_269,OAKG,0.24789885215535917
random,2,pancreas_269,OAKG-Union,0.24789885215535917
random,2,pancreas_280,OAKG,1.0
random,2,pancreas_280,OAKG-Union,1.0
random,2,pancreas_283,OAKG,1.0
random,2,pancreas_283,OAKG-Union,1.0
random,2,pancreas_289,OAKG,0.0
random,2,pancreas_289,OAKG-Union,0.0
random,2,pancreas_294,OAKG,0.5637884576902256
random,2,pancreas_294,OAKG-Union,0.5637884576902256
random,2,pancreas_297,OAKG,0.0
random,2,pancreas_297,OAKG-Union,0.0
random,2,pancreas_300,OAKG,0.0
random,2,pancreas_300,OAKG-Union,0.0
random,2,pancreas_303,OAKG,0.0
random,2,pancreas_303,OAKG-Union,0.0
random,2,pancreas_304,OAKG,0.01048056029990858
random,2,pancreas_304,OAKG-Union,0.01048056029990858
random,2,pancreas_315,OAKG,0.09031040361479109
random,2,pancreas_315,OAKG-Union,0.09031040361479109
random,2,pancreas_328,OAKG,0.0
random,2,pancreas_328,OAKG-Union,0.0
random,2,pancreas_329,OAKG,0.5672274908036508
random,2,pancreas_329,OAKG-Union,0.5672274908036508
random,2,pancreas_334,OAKG,0.0
random,2,pancreas_334,OAKG-Union,0.0
random,2,pancreas_345,OAKG,0.3354257508767642
random,2,pancreas_345,OAKG-Union,0.3354257508767642
random,2,pancreas_364,OAKG,0.31708532520472715
random,2,pancreas_364,OAKG-Union,0.31708532520472715
random,2,pancreas_366,OAKG,0.0
random,2,pancreas_366,OAKG-Union,0.0
random,2,pancreas_372,OAKG,1.0
random,2,pancreas_372,OAKG-Union,1.0
random,2,pancreas_377,OAKG,0.685035554235118
random,2,pancreas_377,OAKG-Union,0.685035554235118
random,2,pancreas_386,OAKG,0.0
random,2,pancreas_386,OAKG-Union,0.0
random,2,pancreas_387,OAKG,0.14285714285714285
random,2,pancreas_387,OAKG-Union,0.14285714285714285
random,2,pancreas_391,OAKG,1.0
random,2,pancreas_391,OAKG-Union,1.0
random,2,pancreas_409,OAKG,0.0
random,2,pancreas_409,OAKG-Union,0.0
random,2,LiTs-014,OAKG,0.0
random,2,LiTs-014,OAKG-Union,0.0
random,2,LiTs-015,OAKG,0.0
random,2,LiTs-015,OAKG-Union,0.0
random,2,LiTs-021,OAKG,1.0
random,2,LiTs-021,OAKG-Union,1.0
random,2,LiTs-022,OAKG,1.0
random,2,LiTs-022,OAKG-Union,1.0
random,2,LiTs-024,OAKG,0.009088684028421674
random,2,LiTs-024,OAKG-Union,0.009088684028421674
random,2,LiTs-041,OAKG,1.0
random,2,LiTs-041,OAKG-Union,1.0
random,2,LiTs-044,OAKG,0.6489315753318466
random,2,LiTs-044,OAKG-Union,0.6489315753318466
random,2,LiTs-045,OAKG,0.2329726085570736
random,2,LiTs-045,OAKG-Union,0.2329726085570736
random,2,LiTs-046,OAKG,0.0
random,2,LiTs-046,OAKG-Union,0.0
random,2,LiTs-047,OAKG,1.0
random,2,LiTs-047,OAKG-Union,1.0
random,2,LiTs-059,OAKG,1.0
random,2,LiTs-059,OAKG-Union,1.0
random,2,LiTs-066,OAKG,1.0
random,2,LiTs-066,OAKG-Union,1.0
random,2,LiTs-067,OAKG,0.013541194909935826
random,2,LiTs-067,OAKG-Union,0.013541194909935826
random,2,LiTs-076,OAKG,0.5933607200949346
random,2,LiTs-076,OAKG-Union,0.5933607200949346
random,2,LiTs-082,OAKG,0.2200917662980802
random,2,LiTs-082,OAKG-Union,0.2200917662980802
random,2,LiTs-083,OAKG,0.14285714285714285
random,2,LiTs-083,OAKG-Union,0.14285714285714285
random,2,LiTs-086,OAKG,0.314880130667631
random,2,LiTs-086,OAKG-Union,0.314880130667631
random,2,LiTs-087,OAKG,0.0
random,2,LiTs-087,OAKG-Union,0.0
random,2,LiTs-089,OAKG,0.0
random,2,LiTs-089,OAKG-Union,0.0
random,2,LiTs-102,OAKG,0.5473983622993501
random,2,LiTs-102,OAKG-Union,0.5473983622993501
random,2,LiTs-104,OAKG,1.0
random,2,LiTs-104,OAKG-Union,1.0
random,2,LiTs-105,OAKG,1.0
random,2,LiTs-105,OAKG-Union,1.0
random,2,LiTs-111,OAKG,0.35459765152630157
random,2,LiTs-111,OAKG-Union,0.35459765152630157
random,2,LiTs-128,OAKG,0.5803013296579812
random,2,LiTs-128,OAKG-Union,0.5803013296579812
random,2,LiTs-130,OAKG,1.0
random,2,LiTs-130,OAKG-Union,1.0
random,2,FLARE22_Tr_0006,OAKG,0.34180072382873317
random,2,FLARE22_Tr_0006,OAKG-Union,0.34180072382873317
random,2,FLARE22_Tr_0010,OAKG,0.43829583882044937
random,2,FLARE22_Tr_0010,OAKG-Union,0.43829583882044937
random,2,FLARE22_Tr_0011,OAKG,0.1951890007906611
random,2,FLARE22_Tr_0011,OAKG-Union,0.1951890007906611
random,2,FLARE22_Tr_0014,OAKG,0.21813805151894805
random,2,FLARE22_Tr_0014,OAKG-Union,0.21813805151894805
random,2,FLARE22_Tr_0018,OAKG,0.3079460441132198
random,2,FLARE22_Tr_0018,OAKG-Union,0.24169182065883077
random,2,FLARE22_Tr_0021,OAKG,0.5468988731642694
random,2,FLARE22_Tr_0021,OAKG-Union,0.5468988731642694
random,2,FLARE22_Tr_0025,OAKG,0.2032389337527008
random,2,FLARE22_Tr_0025,OAKG-Union,0.2032389337527008
random,2,FLARE22_Tr_0028,OAKG,0.3198777255663695
random,2,FLARE22_Tr_0028,OAKG-Union,0.3198777255663695
random,2,FLARE22_Tr_0031,OAKG,0.18601602047812402
random,2,FLARE22_Tr_0031,OAKG-Union,0.18601602047812402
random,2,FLARE22_Tr_0036,OAKG,0.7518374386558365
random,2,FLARE22_Tr_0036,OAKG-Union,0.7518374386558365
random,2,FLARE22_Tr_0038,OAKG,0.14279514403613733
random,2,FLARE22_Tr_0038,OAKG-Union,0.14279514403613733
random,2,FLARE22_Tr_0043,OAKG,0.3732322018162777
random,2,FLARE22_Tr_0043,OAKG-Union,0.3732322018162777
random,2,FLARE22_Tr_0045,OAKG,0.6528077997513614
random,2,FLARE22_Tr_0045,OAKG-Union,0.6528077997513614
random,2,FLARE22_Tr_0050,OAKG,0.1493430041734631
random,2,FLARE22_Tr_0050,OAKG-Union,0.1493430041734631
random,2,FLARETs_0003,OAKG,0.19930623359011804
random,2,FLARETs_0003,OAKG-Union,0.19930623359011804
random,2,FLARETs_0006,OAKG,0.5914551792841343
random,2,FLARETs_0006,OAKG-Union,0.4817012290861747
random,2,FLARETs_0021,OAKG,0.2907320755836621
random,2,FLARETs_0021,OAKG-Union,0.2907320755836621
random,2,FLARETs_0023,OAKG,0.19207571057903228
random,2,FLARETs_0023,OAKG-Union,0.19207571057903228
random,2,FLARETs_0024,OAKG,0.8156987463186042
random,2,FLARETs_0024,OAKG-Union,0.8156987463186042
random,2,FLARETs_0033,OAKG,0.37183505243062814
random,2,FLARETs_0033,OAKG-Union,0.4354558406295799
random,2,FLARETs_0034,OAKG,0.04191954049313611
random,2,FLARETs_0034,OAKG-Union,0.04191954049313611
random,2,FLARETs_0035,OAKG,0.37148910739409025
random,2,FLARETs_0035,OAKG-Union,0.37148910739409025
random,2,FLARETs_0036,OAKG,0.4311551947161753
random,2,FLARETs_0036,OAKG-Union,0.4311551947161753
random,2,FLARETs_0039,OAKG,0.3721002581181708
random,2,FLARETs_0039,OAKG-Union,0.3721002581181708
random,2,FLARETs_0044,OAKG,0.28228822368421924
random,2,FLARETs_0044,OAKG-Union,0.2610716295428262
random,2,FLARETs_0050,OAKG,0.32773481836363566
random,2,FLARETs_0050,OAKG-Union,0.32773481836363566
random,3,pancreas_001,OAKG,1.0
random,3,pancreas_001,OAKG-Union,1.0
random,3,pancreas_012,OAKG,0.19188098694418135
random,3,pancreas_012,OAKG-Union,0.21306158485699
random,3,pancreas_042,OAKG,0.0
random,3,pancreas_042,OAKG-Union,0.0
random,3,pancreas_058,OAKG,0.0
random,3,pancreas_058,OAKG-Union,0.0
random,3,pancreas_077,OAKG,0.0
random,3,pancreas_077,OAKG-Union,0.0
random,3,pancreas_080,OAKG,0.5668339904824009
random,3,pancreas_080,OAKG-Union,0.5668339904824009
random,3,pancreas_081,OAKG,0.3425479501917774
random,3,pancreas_081,OAKG-Union,0.3425479501917774
random,3,pancreas_084,OAKG,1.0
random,3,pancreas_084,OAKG-Union,1.0
random,3,pancreas_086,OAKG,0.8515543142729491
random,3,pancreas_086,OAKG-Union,0.8515543142729491
random,3,pancreas_089,OAKG,0.6056855863073728
random,3,pancreas_089,OAKG-Union,0.7221746306981013
random,3,pancreas_091,OAKG,1.0
random,3,pancreas_091,OAKG-Union,1.0
random,3,pancreas_092,OAKG,0.21819512777735
random,3,pancreas_092,OAKG-Union,0.21819512777735
random,3,pancreas_094,OAKG,1.0
random,3,pancreas_094,OAKG-Union,1.0
random,3,pancreas_104,OAKG,0.1306938403369113
random,3,pancreas_104,OAKG-Union,0.14285714285714285
random,3,pancreas_110,OAKG,0.9363792118010483
random,3,pancreas_110,OAKG-Union,1.0
random,3,pancreas_113,OAKG,0.9371166382005486
random,3,pancreas_113,OAKG-Union,0.9371166382005486
random,3,pancreas_114,OAKG,0.0
random,3,pancreas_114,OAKG-Union,0.0
random,3,pancreas_117,OAKG,0.4309322110679313
random,3,pancreas_117,OAKG-Union,0.4309322110679313
random,3,pancreas_119,OAKG,0.8113499146016455
random,3,pancreas_119,OAKG-Union,0.94546789582947
random,3,pancreas_120,OAKG,0.0
random,3,pancreas_120,OAKG-Union,0.0
random,3,pancreas_124,OAKG,0.8611375561264455
random,3,pancreas_124,OAKG-Union,0.9363792118010483
random,3,pancreas_130,OAKG,0.31708532520472715
random,3,pancreas_130,OAKG-Union,0.31708532520472715
random,3,pancreas_131,OAKG,0.27305408203035797
random,3,pancreas_131,OAKG-Union,0.31708532520472715
random,3,pancreas_159,OAKG,0.15090863280404943
random,3,pancreas_159,OAKG-Union,0.15090863280404943
random,3,pancreas_169,OAKG,0.0
random,3,pancreas_169,OAKG-Union,0.0
random,3,pancreas_186,OAKG,0.20326621273884843
random,3,pancreas_186,OAKG-Union,0.31708532520472715
random,3,pancreas_193,OAKG,0.637161318481177
random,3,pancreas_193,OAKG-Union,0.637161318481177
random,3,pancreas_199,OAKG,0.0
random,3,pancreas_199,OAKG-Union,0.0
random,3,pancreas_204,OAKG,0.0
random,3,pancreas_204,OAKG-Union,0.0
random,3,pancreas_207,OAKG,0.0
random,3,pancreas_207,OAKG-Union,0.0
random,3,pancreas_213,OAKG,0.0
random,3,pancreas_213,OAKG-Union,0.0
random,3,pancreas_214,OAKG,0.0
random,3,pancreas_214,OAKG-Union,0.0
random,3,pancreas_229,OAKG,0.0
random,3,pancreas_229,OAKG-Union,0.0
random,3,pancreas_244,OAKG,1.0
random,3,pancreas_244,OAKG-Union,1.0
random,3,pancreas_246,OAKG,1.0
random,3,pancreas_246,OAKG-Union,1.0
random,3,pancreas_255,OAKG,0.41939799988819826
random,3,pancreas_255,OAKG-Union,0.41939799988819826
random,3,pancreas_258,OAKG,0.9305687780632227
random,3,pancreas_258,OAKG-Union,1.0
random,3,pancreas_266,OAKG,0.4073285135230984
random,3,pancreas_266,OAKG-Union,0.6261043923059076
random,3,pancreas_269,OAKG,0.20143027330840504
random,3,pancreas_269,OAKG-Union,0.24789885215535917
random,3,pancreas_280,OAKG,1.0
random,3,pancreas_280,OAKG-Union,1.0
random,3,pancreas_283,OAKG,1.0
random,3,pancreas_283,OAKG-Union,1.0
random,3,pancreas_289,OAKG,0.0
random,3,pancreas_289,OAKG-Union,0.0
random,3,pancreas_294,OAKG,0.5541432109622958
random,3,pancreas_294,OAKG-Union,0.5637884576902256
random,3,pancreas_297,OAKG,0.0
random,3,pancreas_297,OAKG-Union,0.0
random,3,pancreas_300,OAKG,0.0
random,3,pancreas_300,OAKG-Union,0.0
random,3,pancreas_303,OAKG,0.0
random,3,pancreas_303,OAKG-Union,0.0
random,3,pancreas_304,OAKG,0.01048056029990858
random,3,pancreas_304,OAKG-Union,0.01048056029990858
random,3,pancreas_315,OAKG,0.09031040361479109
random,3,pancreas_315,OAKG-Union,0.09031040361479109
random,3,pancreas_328,OAKG,0.0
random,3,pancreas_328,OAKG-Union,0.0
random,3,pancreas_329,OAKG,0.5672274908036508
random,3,pancreas_329,OAKG-Union,0.5672274908036508
random,3,pancreas_334,OAKG,0.0
random,3,pancreas_334,OAKG-Union,0.0
random,3,pancreas_345,OAKG,0.3354257508767642
random,3,pancreas_345,OAKG-Union,0.3354257508767642
random,3,pancreas_364,OAKG,0.1812505911516638
random,3,pancreas_364,OAKG-Union,0.31708532520472715
random,3,pancreas_366,OAKG,0.0
random,3,pancreas_366,OAKG-Union,0.0
random,3,pancreas_372,OAKG,1.0
random,3,pancreas_372,OAKG-Union,1.0
random,3,pancreas_377,OAKG,0.685035554235118
random,3,pancreas_377,OAKG-Union,0.685035554235118
random,3,pancreas_386,OAKG,0.0
random,3,pancreas_386,OAKG-Union,0.0
random,3,pancreas_387,OAKG,0.1230196508752065
random,3,pancreas_387,OAKG-Union,0.14285714285714285
random,3,pancreas_391,OAKG,0.34210137762625537
random,3,pancreas_391,OAKG-Union,1.0
random,3,pancreas_409,OAKG,0.0
random,3,pancreas_409,OAKG-Union,0.0
random,3,LiTs-014,OAKG,0.0
random,3,LiTs-014,OAKG-Union,0.0
random,3,LiTs-015,OAKG,0.0
random,3,LiTs-015,OAKG-Union,0.0
random,3,LiTs-021,OAKG,1.0
random,3,LiTs-021,OAKG-Union,1.0
random,3,LiTs-022,OAKG,1.0
random,3,LiTs-022,OAKG-Union,1.0
random,3,LiTs-024,OAKG,0.009088684028421674
random,3,LiTs-024,OAKG-Union,0.009088684028421674
random,3,LiTs-041,OAKG,1.0
random,3,LiTs-041,OAKG-Union,1.0
random,3,LiTs-044,OAKG,0.6489315753318466
random,3,LiTs-044,OAKG-Union,0.6489315753318466
random,3,LiTs-045,OAKG,0.2329726085570736
random,3,LiTs-045,OAKG-Union,0.2329726085570736
random,3,LiTs-046,OAKG,0.0
random,3,LiTs-046,OAKG-Union,0.0
random,3,LiTs-047,OAKG,1.0
random,3,LiTs-047,OAKG-Union,1.0
random,3,LiTs-059,OAKG,1.0
random,3,LiTs-059,OAKG-Union,1.0
random,3,LiTs-066,OAKG,1.0
random,3,LiTs-066,OAKG-Union,1.0
random,3,LiTs-067,OAKG,0.013541194909935826
random,3,LiTs-067,OAKG-Union,0.013541194909935826
random,3,LiTs-076,OAKG,0.5933607200949346
random,3,LiTs-076,OAKG-Union,0.5933607200949346
random,3,LiTs-082,OAKG,0.13886244387355454
random,3,LiTs-082,OAKG-Union,0.2200917662980802
random,3,LiTs-083,OAKG,0.14285714285714285
random,3,LiTs-083,OAKG-Union,0.14285714285714285
random,3,LiTs-086,OAKG,0.16421958630632807
random,3,LiTs-086,OAKG-Union,0.314880130667631
random,3,LiTs-087,OAKG,0.06625422345438904
random,3,LiTs-087,OAKG-Union,0.22476126319537013
random,3,LiTs-089,OAKG,0.0
random,3,LiTs-089,OAKG-Union,0.0
random,3,LiTs-102,OAKG,0.46934254825794314
random,3,LiTs-102,OAKG-Union,0.5473983622993501
random,3,LiTs-104,OAKG,1.0
random,3,LiTs-104,OAKG-Union,1.0
random,3,LiTs-105,OAKG,1.0
random,3,LiTs-105,OAKG-Union,0.857980942822373
random,3,LiTs-111,OAKG,0.2521751073628412
random,3,LiTs-111,OAKG-Union,0.35459765152630157
random,3,LiTs-128,OAKG,0.2415114629958137
random,3,LiTs-128,OAKG-Union,0.5803013296579812
random,3,LiTs-130,OAKG,0.30887207873939243
random,3,LiTs-130,OAKG-Union,1.0
random,3,FLARE22_Tr_0006,OAKG,0.2090588564335493
random,3,FLARE22_Tr_0006,OAKG-Union,0.2090588564335493
random,3,FLARE22_Tr_0010,OAKG,0.17366667134799182
random,3,FLARE22_Tr_0010,OAKG-Union,0.646138683827429
random,3,FLARE22_Tr_0011,OAKG,0.0
random,3,FLARE22_Tr_0011,OAKG-Union,0.0
random,3,FLARE22_Tr_0014,OAKG,0.2682491024469036
random,3,FLARE22_Tr_0014,OAKG-Union,0.2682491024469036
random,3,FLARE22_Tr_0018,OAKG,0.41209602876309137
random,3,FLARE22_Tr_0018,OAKG-Union,0.5651506488264089
random,3,FLARE22_Tr_0021,OAKG,0.23909919631747004
random,3,FLARE22_Tr_0021,OAKG-Union,0.23909919631747004
random,3,FLARE22_Tr_0025,OAKG,0.24355227021012352
random,3,FLARE22_Tr_0025,OAKG-Union,0.24355227021012352
random,3,FLARE22_Tr_0028,OAKG,0.5092735524444503
random,3,FLARE22_Tr_0028,OAKG-Union,0.5092735524444503
random,3,FLARE22_Tr_0031,OAKG,0.38730167481210276
random,3,FLARE22_Tr_0031,OAKG-Union,0.38730167481210276
random,3,FLARE22_Tr_0036,OAKG,0.4190904992473897
random,3,FLARE22_Tr_0036,OAKG-Union,0.4190904992473897
random,3,FLARE22_Tr_0038,OAKG,0.5919268187287084
random,3,FLARE22_Tr_0038,OAKG-Union,0.7720617383222417
random,3,FLARE22_Tr_0043,OAKG,0.0
random,3,FLARE22_Tr_0043,OAKG-Union,0.0
random,3,FLARE22_Tr_0045,OAKG,0.619345147588638
random,3,FLARE22_Tr_0045,OAKG-Union,0.619345147588638
random,3,FLARE22_Tr_0050,OAKG,0.40853248950665205
random,3,FLARE22_Tr_0050,OAKG-Union,0.4968721903913844
random,3,FLARETs_0003,OAKG,0.0
random,3,FLARETs_0003,OAKG-Union,0.0
random,3,FLARETs_0006,OAKG,0.4786071213299869
random,3,FLARETs_0006,OAKG-Union,0.4786071213299869
random,3,FLARETs_0021,OAKG,0.32102353039970194
random,3,FLARETs_0021,OAKG-Union,0.32102353039970194
random,3,FLARETs_0023,OAKG,0.3930891617548409
random,3,FLARETs_0023,OAKG-Union,0.3930891617548409
random,3,FLARETs_0024,OAKG,0.4554950789124097
random,3,FLARETs_0024,OAKG-Union,0.4554950789124097
random,3,FLARETs_0033,OAKG,0.0
random,3,FLARETs_0033,OAKG-Union,0.0
random,3,FLARETs_0034,OAKG,0.0
random,3,FLARETs_0034,OAKG-Union,0.15868265183154093
random,3,FLARETs_0035,OAKG,0.22212782793993277
random,3,FLARETs_0035,OAKG-Union,0.22212782793993277
random,3,FLARETs_0036,OAKG,0.39991859859785234
random,3,FLARETs_0036,OAKG-Union,0.4536122000519218
random,3,FLARETs_0039,OAKG,0.35211150491489773
random,3,FLARETs_0039,OAKG-Union,0.35211150491489773
random,3,FLARETs_0044,OAKG,0.17630010660342915
random,3,FLARETs_0044,OAKG-Union,0.6516516157338137
random,3,FLARETs_0050,OAKG,0.6806364964764378
random,3,FLARETs_0050,OAKG-Union,0.6806364964764378
dataset_style,0,pancreas_001,OAKG,0.6311443278613472
dataset_style,0,pancreas_001,OAKG-Union,1.0
dataset_style,0,pancreas_012,OAKG,0.1619406761776396
dataset_style,0,pancreas_012,OAKG-Union,0.21306158485699
dataset_style,0,pancreas_042,OAKG,0.0
dataset_style,0,pancreas_042,OAKG-Union,0.0
dataset_style,0,pancreas_058,OAKG,0.0
dataset_style,0,pancreas_058,OAKG-Union,0.0
dataset_style,0,pancreas_077,OAKG,0.0
dataset_style,0,pancreas_077,OAKG-Union,0.0
dataset_style,0,pancreas_080,OAKG,0.2559504294230336
dataset_style,0,pancreas_080,OAKG-Union,0.5668339904824009
dataset_style,0,pancreas_081,OAKG,0.2887478400797578
dataset_style,0,pancreas_081,OAKG-Union,0.3425479501917774
dataset_style,0,pancreas_084,OAKG,0.6402900881481707
dataset_style,0,pancreas_084,OAKG-Union,1.0
dataset_style,0,pancreas_086,OAKG,0.7693484587096083
dataset_style,0,pancreas_086,OAKG-Union,0.8515543142729491
dataset_style,0,pancreas_089,OAKG,0.4651414662331113
dataset_style,0,pancreas_089,OAKG-Union,0.7221746306981013
dataset_style,0,pancreas_091,OAKG,0.5914640815742044
dataset_style,0,pancreas_091,OAKG-Union,1.0
dataset_style,0,pancreas_092,OAKG,0.14465249243306436
dataset_style,0,pancreas_092,OAKG-Union,0.21819512777735
dataset_style,0,pancreas_094,OAKG,1.0
dataset_style,0,pancreas_094,OAKG-Union,1.0
dataset_style,0,pancreas_104,OAKG,0.08877159913727696
dataset_style,0,pancreas_104,OAKG-Union,0.14285714285714285
dataset_style,0,pancreas_110,OAKG,0.6082965289412681
dataset_style,0,pancreas_110,OAKG-Union,1.0
dataset_style,0,pancreas_113,OAKG,0.47646780250879517
dataset_style,0,pancreas_113,OAKG-Union,0.9371166382005486
dataset_style,0,pancreas_114,OAKG,0.0
dataset_style,0,pancreas_114,OAKG-Union,0.0
dataset_style,0,pancreas_117,OAKG,0.4309322110679313
dataset_style,0,pancreas_117,OAKG-Union,0.4309322110679313
dataset_style,0,pancreas_119,OAKG,0.6328124867642183
dataset_style,0,pancreas_119,OAKG-Union,0.94546789582947
dataset_style,0,pancreas_120,OAKG,0.0
dataset_style,0,pancreas_120,OAKG-Union,0.0
dataset_style,0,pancreas_124,OAKG,0.2940945979596689
dataset_style,0,pancreas_124,OAKG-Union,0.9363792118010483
dataset_style,0,pancreas_130,OAKG,0.22628921392299603
dataset_style,0,pancreas_130,OAKG-Union,0.31708532520472715
dataset_style,0,pancreas_131,OAKG,0.25204584004013636
dataset_style,0,pancreas_131,OAKG-Union,0.31708532520472715
dataset_style,0,pancreas_159,OAKG,0.15090863280404943
dataset_style,0,pancreas_159,OAKG-Union,0.15090863280404943
dataset_style,0,pancreas_169,OAKG,0.0
dataset_style,0,pancreas_169,OAKG-Union,0.0
dataset_style,0,pancreas_186,OAKG,0.1822579707486268
dataset_style,0,pancreas_186,OAKG-Union,0.31708532520472715
dataset_style,0,pancreas_193,OAKG,0.637161318481177
dataset_style,0,pancreas_193,OAKG-Union,0.637161318481177
dataset_style,0,pancreas_199,OAKG,0.0
dataset_style,0,pancreas_199,OAKG-Union,0.0
dataset_style,0,pancreas_204,OAKG,0.0
dataset_style,0,pancreas_204,OAKG-Union,0.0
dataset_style,0,pancreas_207,OAKG,0.0
dataset_style,0,pancreas_207,OAKG-Union,0.0
dataset_style,0,pancreas_213,OAKG,0.0
dataset_style,0,pancreas_213,OAKG-Union,0.0
dataset_style,0,pancreas_214,OAKG,0.0
dataset_style,0,pancreas_214,OAKG-Union,0.0
dataset_style,0,pancreas_229,OAKG,0.0
dataset_style,0,pancreas_229,OAKG-Union,0.0
dataset_style,0,pancreas_244,OAKG,0.7799082337019199
dataset_style,0,pancreas_244,OAKG-Union,1.0
dataset_style,0,pancreas_246,OAKG,0.7630946912803437
dataset_style,0,pancreas_246,OAKG-Union,1.0
dataset_style,0,pancreas_255,OAKG,0.2863459897524692
dataset_style,0,pancreas_255,OAKG-Union,0.41939799988819826
dataset_style,0,pancreas_258,OAKG,0.8389574121760601
dataset_style,0,pancreas_258,OAKG-Union,1.0
dataset_style,0,pancreas_266,OAKG,0.35659643859662626
dataset_style,0,pancreas_266,OAKG-Union,0.6261043923059076
dataset_style,0,pancreas_269,OAKG,0.15798796805449397
dataset_style,0,pancreas_269,OAKG-Union,0.24789885215535917
dataset_style,0,pancreas_280,OAKG,0.8515543142729491
dataset_style,0,pancreas_280,OAKG-Union,1.0
dataset_style,0,pancreas_283,OAKG,1.0
dataset_style,0,pancreas_283,OAKG-Union,1.0
dataset_style,0,pancreas_289,OAKG,0.0
dataset_style,0,pancreas_289,OAKG-Union,0.0
dataset_style,0,pancreas_294,OAKG,0.4220949603708208
dataset_style,0,pancreas_294,OAKG-Union,0.5637884576902256
dataset_style,0,pancreas_297,OAKG,0.0
dataset_style,0,pancreas_297,OAKG-Union,0.0
dataset_style,0,pancreas_300,OAKG,0.0
dataset_style,0,pancreas_300,OAKG-Union,0.0
dataset_style,0,pancreas_303,OAKG,0.0
dataset_style,0,pancreas_303,OAKG-Union,0.0
dataset_style,0,pancreas_304,OAKG,0.01048056029990858
dataset_style,0,pancreas_304,OAKG-Union,0.01048056029990858
dataset_style,0,pancreas_315,OAKG,0.06444408340323714
dataset_style,0,pancreas_315,OAKG-Union,0.09031040361479109
dataset_style,0,pancreas_328,OAKG,0.0
dataset_style,0,pancreas_328,OAKG-Union,0.0
dataset_style,0,pancreas_329,OAKG,0.32227224912195473
dataset_style,0,pancreas_329,OAKG-Union,0.5672274908036508
dataset_style,0,pancreas_334,OAKG,0.0
dataset_style,0,pancreas_334,OAKG-Union,0.0
dataset_style,0,pancreas_345,OAKG,0.250531570167126
dataset_style,0,pancreas_345,OAKG-Union,0.3354257508767642
dataset_style,0,pancreas_364,OAKG,0.11814306043550477
dataset_style,0,pancreas_364,OAKG-Union,0.31708532520472715
dataset_style,0,pancreas_366,OAKG,0.0
dataset_style,0,pancreas_366,OAKG-Union,0.0
dataset_style,0,pancreas_372,OAKG,0.7104770117651426
dataset_style,0,pancreas_372,OAKG-Union,1.0
dataset_style,0,pancreas_377,OAKG,0.508120027013427
dataset_style,0,pancreas_377,OAKG-Union,0.685035554235118
dataset_style,0,pancreas_386,OAKG,0.0
dataset_style,0,pancreas_386,OAKG-Union,0.0
dataset_style,0,pancreas_387,OAKG,0.030716875613565967
dataset_style,0,pancreas_387,OAKG-Union,0.14285714285714285
dataset_style,0,pancreas_391,OAKG,0.0
dataset_style,0,pancreas_391,OAKG-Union,1.0
dataset_style,0,pancreas_409,OAKG,0.0
dataset_style,0,pancreas_409,OAKG-Union,0.0
dataset_style,0,LiTs-014,OAKG,0.0
dataset_style,0,LiTs-014,OAKG-Union,0.0
dataset_style,0,LiTs-015,OAKG,0.0
dataset_style,0,LiTs-015,OAKG-Union,0.0
dataset_style,0,LiTs-021,OAKG,0.0
dataset_style,0,LiTs-021,OAKG-Union,0.0
dataset_style,0,LiTs-022,OAKG,0.0
dataset_style,0,LiTs-022,OAKG-Union,0.0
dataset_style,0,LiTs-024,OAKG,0.0
dataset_style,0,LiTs-024,OAKG-Union,0.0
dataset_style,0,LiTs-041,OAKG,0.0
dataset_style,0,LiTs-041,OAKG-Union,0.0
dataset_style,0,LiTs-044,OAKG,0.0
dataset_style,0,LiTs-044,OAKG-Union,0.0
dataset_style,0,LiTs-045,OAKG,0.0
dataset_style,0,LiTs-045,OAKG-Union,0.0
dataset_style,0,LiTs-046,OAKG,0.0
dataset_style,0,LiTs-046,OAKG-Union,0.0
dataset_style,0,LiTs-047,OAKG,0.0
dataset_style,0,LiTs-047,OAKG-Union,0.0
dataset_style,0,LiTs-059,OAKG,0.0
dataset_style,0,LiTs-059,OAKG-Union,0.0
dataset_style,0,LiTs-066,OAKG,0.0
dataset_style,0,LiTs-066,OAKG-Union,0.0
dataset_style,0,LiTs-067,OAKG,0.0
dataset_style,0,LiTs-067,OAKG-Union,0.0
dataset_style,0,LiTs-076,OAKG,0.0
dataset_style,0,LiTs-076,OAKG-Union,0.0
dataset_style,0,LiTs-082,OAKG,0.0
dataset_style,0,LiTs-082,OAKG-Union,0.0
dataset_style,0,LiTs-083,OAKG,0.0
dataset_style,0,LiTs-083,OAKG-Union,0.0
dataset_style,0,LiTs-086,OAKG,0.0
dataset_style,0,LiTs-086,OAKG-Union,0.0
dataset_style,0,LiTs-087,OAKG,0.0
dataset_style,0,LiTs-087,OAKG-Union,1.0
dataset_style,0,LiTs-089,OAKG,0.0
dataset_style,0,LiTs-089,OAKG-Union,0.0
dataset_style,0,LiTs-102,OAKG,0.0
dataset_style,0,LiTs-102,OAKG-Union,0.0
dataset_style,0,LiTs-104,OAKG,0.0
dataset_style,0,LiTs-104,OAKG-Union,0.0
dataset_style,0,LiTs-105,OAKG,0.0
dataset_style,0,LiTs-105,OAKG-Union,0.0
dataset_style,0,LiTs-111,OAKG,0.0
dataset_style,0,LiTs-111,OAKG-Union,0.0
dataset_style,0,LiTs-128,OAKG,0.0
dataset_style,0,LiTs-128,OAKG-Union,0.0
dataset_style,0,LiTs-130,OAKG,0.0
dataset_style,0,LiTs-130,OAKG-Union,0.0
dataset_style,0,FLARE22_Tr_0006,OAKG,0.02892617601035804
dataset_style,0,FLARE22_Tr_0006,OAKG-Union,0.1221009926258493
dataset_style,0,FLARE22_Tr_0010,OAKG,0.16104258782393982
dataset_style,0,FLARE22_Tr_0010,OAKG-Union,0.454844221257918
dataset_style,0,FLARE22_Tr_0011,OAKG,0.0
dataset_style,0,FLARE22_Tr_0011,OAKG-Union,0.0
dataset_style,0,FLARE22_Tr_0014,OAKG,0.314880130667631
dataset_style,0,FLARE22_Tr_0014,OAKG-Union,0.4729327934832576
dataset_style,0,FLARE22_Tr_0018,OAKG,0.07336392209936006
dataset_style,0,FLARE22_Tr_0018,OAKG-Union,0.501710064083969
dataset_style,0,FLARE22_Tr_0021,OAKG,0.013541194909935826
dataset_style,0,FLARE22_Tr_0021,OAKG-Union,0.04999525399306014
dataset_style,0,FLARE22_Tr_0025,OAKG,0.22400556151517556
dataset_style,0,FLARE22_Tr_0025,OAKG-Union,0.8200685179888282
dataset_style,0,FLARE22_Tr_0028,OAKG,0.023459940900904006
dataset_style,0,FLARE22_Tr_0028,OAKG-Union,0.10446607778187211
dataset_style,0,FLARE22_Tr_0031,OAKG,0.0
dataset_style,0,FLARE22_Tr_0031,OAKG-Union,0.07745397616562838
dataset_style,0,FLARE22_Tr_0036,OAKG,0.009918745990968182
dataset_style,0,FLARE22_Tr_0036,OAKG-Union,0.08973514894626922
dataset_style,0,FLARE22_Tr_0038,OAKG,0.0
dataset_style,0,FLARE22_Tr_0038,OAKG-Union,0.07336392209936006
dataset_style,0,FLARE22_Tr_0043,OAKG,0.085143117641621
dataset_style,0,FLARE22_Tr_0043,OAKG-Union,0.38568649858417914
dataset_style,0,FLARE22_Tr_0045,OAKG,0.022082048511199753
dataset_style,0,FLARE22_Tr_0045,OAKG-Union,0.14285714285714285
dataset_style,0,FLARE22_Tr_0050,OAKG,0.0
dataset_style,0,FLARE22_Tr_0050,OAKG-Union,0.0
dataset_style,0,FLARETs_0003,OAKG,0.13886244387355454
dataset_style,0,FLARETs_0003,OAKG-Union,0.2975457424637085
dataset_style,0,FLARETs_0006,OAKG,0.09478836436955079
dataset_style,0,FLARETs_0006,OAKG-Union,0.17142505268466288
dataset_style,0,FLARETs_0021,OAKG,0.07336392209936006
dataset_style,0,FLARETs_0021,OAKG-Union,0.4678288534683457
dataset_style,0,FLARETs_0023,OAKG,0.2786364164872878
dataset_style,0,FLARETs_0023,OAKG-Union,0.6823124126787855
dataset_style,0,FLARETs_0024,OAKG,0.09279427716824817
dataset_style,0,FLARETs_0024,OAKG-Union,0.5749094967400459
dataset_style,0,FLARETs_0033,OAKG,0.0
dataset_style,0,FLARETs_0033,OAKG-Union,0.07336392209936006
dataset_style,0,FLARETs_0034,OAKG,0.07745397616562838
dataset_style,0,FLARETs_0034,OAKG-Union,0.12988337513097648
dataset_style,0,FLARETs_0035,OAKG,0.0
dataset_style,0,FLARETs_0035,OAKG-Union,0.3469511918686965
dataset_style,0,FLARETs_0036,OAKG,0.06625422345438904
dataset_style,0,FLARETs_0036,OAKG-Union,0.610446253192092
dataset_style,0,FLARETs_0039,OAKG,0.0
dataset_style,0,FLARETs_0039,OAKG-Union,0.0
dataset_style,0,FLARETs_0044,OAKG,0.17630010660342915
dataset_style,0,FLARETs_0044,OAKG-Union,0.8630152897016883
dataset_style,0,FLARETs_0050,OAKG,0.10086395809148387
dataset_style,0,FLARETs_0050,OAKG-Union,0.4107392416184683
dataset_style,1,pancreas_001,OAKG,1.0
dataset_style,1,pancreas_001,OAKG-Union,0.0
dataset_style,1,pancreas_012,OAKG,0.43812463509980126
dataset_style,1,pancreas_012,OAKG-Union,0.0
dataset_style,1,pancreas_042,OAKG,0.0
dataset_style,1,pancreas_042,OAKG-Union,0.0
dataset_style,1,pancreas_058,OAKG,0.0
dataset_style,1,pancreas_058,OAKG-Union,0.0
dataset_style,1,pancreas_077,OAKG,0.0
dataset_style,1,pancreas_077,OAKG-Union,0.0
dataset_style,1,pancreas_080,OAKG,1.0
dataset_style,1,pancreas_080,OAKG-Union,0.0
dataset_style,1,pancreas_081,OAKG,1.0
dataset_style,1,pancreas_081,OAKG-Union,0.0
dataset_style,1,pancreas_084,OAKG,1.0
dataset_style,1,pancreas_084,OAKG-Union,0.0
dataset_style,1,pancreas_086,OAKG,1.0
dataset_style,1,pancreas_086,OAKG-Union,0.0
dataset_style,1,pancreas_089,OAKG,1.0
dataset_style,1,pancreas_089,OAKG-Union,0.0
dataset_style,1,pancreas_091,OAKG,0.6916772184127179
dataset_style,1,pancreas_091,OAKG-Union,0.0
dataset_style,1,pancreas_092,OAKG,1.0
dataset_style,1,pancreas_092,OAKG-Union,0.0
dataset_style,1,pancreas_094,OAKG,1.0
dataset_style,1,pancreas_094,OAKG-Union,0.0
dataset_style,1,pancreas_104,OAKG,1.0
dataset_style,1,pancreas_104,OAKG-Union,0.0
dataset_style,1,pancreas_110,OAKG,1.0
dataset_style,1,pancreas_110,OAKG-Union,0.0
dataset_style,1,pancreas_113,OAKG,1.0
dataset_style,1,pancreas_113,OAKG-Union,0.0
dataset_style,1,pancreas_114,OAKG,0.0
dataset_style,1,pancreas_114,OAKG-Union,0.0
dataset_style,1,pancreas_117,OAKG,0.2759216234105718
dataset_style,1,pancreas_117,OAKG-Union,0.0
dataset_style,1,pancreas_119,OAKG,0.6402900881481707
dataset_style,1,pancreas_119,OAKG-Union,0.0
dataset_style,1,pancreas_120,OAKG,0.0
dataset_style,1,pancreas_120,OAKG-Union,0.0
dataset_style,1,pancreas_124,OAKG,0.6916772184127179
dataset_style,1,pancreas_124,OAKG-Union,0.0
dataset_style,1,pancreas_130,OAKG,0.31708532520472715
dataset_style,1,pancreas_130,OAKG-Union,0.0
dataset_style,1,pancreas_131,OAKG,0.31708532520472715
dataset_style,1,pancreas_131,OAKG-Union,0.0
dataset_style,1,pancreas_159,OAKG,0.6916772184127179
dataset_style,1,pancreas_159,OAKG-Union,0.0
dataset_style,1,pancreas_169,OAKG,0.0
dataset_style,1,pancreas_169,OAKG-Union,0.0
dataset_style,1,pancreas_186,OAKG,0.31708532520472715
dataset_style,1,pancreas_186,OAKG-Union,0.0
dataset_style,1,pancreas_193,OAKG,1.0
dataset_style,1,pancreas_193,OAKG-Union,0.0
dataset_style,1,pancreas_199,OAKG,0.0
dataset_style,1,pancreas_199,OAKG-Union,0.0
dataset_style,1,pancreas_204,OAKG,0.2759216234105718
dataset_style,1,pancreas_204,OAKG-Union,0.0
dataset_style,1,pancreas_207,OAKG,0.0
dataset_style,1,pancreas_207,OAKG-Union,0.0
dataset_style,1,pancreas_213,OAKG,0.6402900881481707
dataset_style,1,pancreas_213,OAKG-Union,0.0
dataset_style,1,pancreas_214,OAKG,0.6402900881481707
dataset_style,1,pancreas_214,OAKG-Union,0.0
dataset_style,1,pancreas_229,OAKG,0.0
dataset_style,1,pancreas_229,OAKG-Union,0.0
dataset_style,1,pancreas_244,OAKG,1.0
dataset_style,1,pancreas_244,OAKG-Union,0.0
dataset_style,1,pancreas_246,OAKG,0.6916772184127179
dataset_style,1,pancreas_246,OAKG-Union,0.0
dataset_style,1,pancreas_255,OAKG,1.0
dataset_style,1,pancreas_255,OAKG-Union,0.0
dataset_style,1,pancreas_258,OAKG,0.6916772184127179
dataset_style,1,pancreas_258,OAKG-Union,0.0
dataset_style,1,pancreas_266,OAKG,1.0
dataset_style,1,pancreas_266,OAKG-Union,0.0
dataset_style,1,pancreas_269,OAKG,0.31708532520472715
dataset_style,1,pancreas_269,OAKG-Union,0.0
dataset_style,1,pancreas_280,OAKG,0.6402900881481707
dataset_style,1,pancreas_280,OAKG-Union,0.0
dataset_style,1,pancreas_283,OAKG,1.0
dataset_style,1,pancreas_283,OAKG-Union,0.0
dataset_style,1,pancreas_289,OAKG,0.6402900881481707
dataset_style,1,pancreas_289,OAKG-Union,0.0
dataset_style,1,pancreas_294,OAKG,1.0
dataset_style,1,pancreas_294,OAKG-Union,0.0
dataset_style,1,pancreas_297,OAKG,0.6402900881481707
dataset_style,1,pancreas_297,OAKG-Union,0.0
dataset_style,1,pancreas_300,OAKG,0.6402900881481707
dataset_style,1,pancreas_300,OAKG-Union,0.0
dataset_style,1,pancreas_303,OAKG,0.6402900881481707
dataset_style,1,pancreas_303,OAKG-Union,0.0
dataset_style,1,pancreas_304,OAKG,0.6916772184127179
dataset_style,1,pancreas_304,OAKG-Union,0.0
dataset_style,1,pancreas_315,OAKG,0.31708532520472715
dataset_style,1,pancreas_315,OAKG-Union,0.0
dataset_style,1,pancreas_328,OAKG,0.0
dataset_style,1,pancreas_328,OAKG-Union,0.0
dataset_style,1,pancreas_329,OAKG,1.0
dataset_style,1,pancreas_329,OAKG-Union,0.0
dataset_style,1,pancreas_334,OAKG,0.0
dataset_style,1,pancreas_334,OAKG-Union,0.0
dataset_style,1,pancreas_345,OAKG,1.0
dataset_style,1,pancreas_345,OAKG-Union,0.0
dataset_style,1,pancreas_364,OAKG,0.31708532520472715
dataset_style,1,pancreas_364,OAKG-Union,0.0
dataset_style,1,pancreas_366,OAKG,0.0
dataset_style,1,pancreas_366,OAKG-Union,0.0
dataset_style,1,pancreas_372,OAKG,0.6916772184127179
dataset_style,1,pancreas_372,OAKG-Union,0.0
dataset_style,1,pancreas_377,OAKG,1.0
dataset_style,1,pancreas_377,OAKG-Union,0.0
dataset_style,1,pancreas_386,OAKG,0.0
dataset_style,1,pancreas_386,OAKG-Union,0.0
dataset_style,1,pancreas_387,OAKG,0.6916772184127179
dataset_style,1,pancreas_387,OAKG-Union,0.0
dataset_style,1,pancreas_391,OAKG,1.0
dataset_style,1,pancreas_391,OAKG-Union,0.0
dataset_style,1,pancreas_409,OAKG,0.0
dataset_style,1,pancreas_409,OAKG-Union,0.0
dataset_style,1,LiTs-014,OAKG,0.0
dataset_style,1,LiTs-014,OAKG-Union,0.0
dataset_style,1,LiTs-015,OAKG,0.0
dataset_style,1,LiTs-015,OAKG-Union,0.0
dataset_style,1,LiTs-021,OAKG,1.0
dataset_style,1,LiTs-021,OAKG-Union,1.0
dataset_style,1,LiTs-022,OAKG,1.0
dataset_style,1,LiTs-022,OAKG-Union,1.0
dataset_style,1,LiTs-024,OAKG,0.009088684028421674
dataset_style,1,LiTs-024,OAKG-Union,0.009088684028421674
dataset_style,1,LiTs-041,OAKG,1.0
dataset_style,1,LiTs-041,OAKG-Union,1.0
dataset_style,1,LiTs-044,OAKG,0.6489315753318466
dataset_style,1,LiTs-044,OAKG-Union,0.6489315753318466
dataset_style,1,LiTs-045,OAKG,0.2329726085570736
dataset_style,1,LiTs-045,OAKG-Union,0.2329726085570736
dataset_style,1,LiTs-046,OAKG,0.0
dataset_style,1,LiTs-046,OAKG-Union,0.0
dataset_style,1,LiTs-047,OAKG,1.0
dataset_style,1,LiTs-047,OAKG-Union,1.0
dataset_style,1,LiTs-059,OAKG,1.0
dataset_style,1,LiTs-059,OAKG-Union,1.0
dataset_style,1,LiTs-066,OAKG,1.0
dataset_style,1,LiTs-066,OAKG-Union,1.0
dataset_style,1,LiTs-067,OAKG,0.013541194909935826
dataset_style,1,LiTs-067,OAKG-Union,0.013541194909935826
dataset_style,1,LiTs-076,OAKG,0.5933607200949346
dataset_style,1,LiTs-076,OAKG-Union,0.5933607200949346
dataset_style,1,LiTs-082,OAKG,0.06943122193677727
dataset_style,1,LiTs-082,OAKG-Union,0.2200917662980802
dataset_style,1,LiTs-083,OAKG,0.14285714285714285
dataset_style,1,LiTs-083,OAKG-Union,0.14285714285714285
dataset_style,1,LiTs-086,OAKG,0.0
dataset_style,1,LiTs-086,OAKG-Union,0.314880130667631
dataset_style,1,LiTs-087,OAKG,0.19930623359011804
dataset_style,1,LiTs-087,OAKG-Union,0.2915590498767101
dataset_style,1,LiTs-089,OAKG,0.0
dataset_style,1,LiTs-089,OAKG-Union,0.0
dataset_style,1,LiTs-102,OAKG,0.2625298390460707
dataset_style,1,LiTs-102,OAKG-Union,0.5473983622993501
dataset_style,1,LiTs-104,OAKG,1.0
dataset_style,1,LiTs-104,OAKG-Union,1.0
dataset_style,1,LiTs-105,OAKG,0.857980942822373
dataset_style,1,LiTs-105,OAKG-Union,0.5541432109622959
dataset_style,1,LiTs-111,OAKG,0.020399306290876763
dataset_style,1,LiTs-111,OAKG-Union,0.35459765152630157
dataset_style,1,LiTs-128,OAKG,0.0
dataset_style,1,LiTs-128,OAKG-Union,0.5803013296579812
dataset_style,1,LiTs-130,OAKG,0.0
dataset_style,1,LiTs-130,OAKG-Union,1.0
dataset_style,1,FLARE22_Tr_0006,OAKG,0.10995264211990553
dataset_style,1,FLARE22_Tr_0006,OAKG-Union,0.1877115336153516
dataset_style,1,FLARE22_Tr_0010,OAKG,0.1799314820111718
dataset_style,1,FLARE22_Tr_0010,OAKG-Union,0.1799314820111718
dataset_style,1,FLARE22_Tr_0011,OAKG,0.1874332157513391
dataset_style,1,FLARE22_Tr_0011,OAKG-Union,0.1874332157513391
dataset_style,1,FLARE22_Tr_0014,OAKG,0.22211853869678244
dataset_style,1,FLARE22_Tr_0014,OAKG-Union,0.22211853869678244
dataset_style,1,FLARE22_Tr_0018,OAKG,0.46805099097797404
dataset_style,1,FLARE22_Tr_0018,OAKG-Union,0.5320479842134168
dataset_style,1,FLARE22_Tr_0021,OAKG,0.46945447024602927
dataset_style,1,FLARE22_Tr_0021,OAKG-Union,0.49828993591603116
dataset_style,1,FLARE22_Tr_0025,OAKG,0.0
dataset_style,1,FLARE22_Tr_0025,OAKG-Union,0.0
dataset_style,1,FLARE22_Tr_0028,OAKG,0.4886192541691046
dataset_style,1,FLARE22_Tr_0028,OAKG-Union,0.4886192541691046
dataset_style,1,FLARE22_Tr_0031,OAKG,0.23129151900931952
dataset_style,1,FLARE22_Tr_0031,OAKG-Union,0.23129151900931952
dataset_style,1,FLARE22_Tr_0036,OAKG,0.44618334843015683
dataset_style,1,FLARE22_Tr_0036,OAKG-Union,0.5223144363431128
dataset_style,1,FLARE22_Tr_0038,OAKG,0.7849818707050383
dataset_style,1,FLARE22_Tr_0038,OAKG-Union,0.84860265890399
dataset_style,1,FLARE22_Tr_0043,OAKG,0.0
dataset_style,1,FLARE22_Tr_0043,OAKG-Union,0.0
dataset_style,1,FLARE22_Tr_0045,OAKG,0.6846389223884004
dataset_style,1,FLARE22_Tr_0045,OAKG-Union,0.7441513983342095
dataset_style,1,FLARE22_Tr_0050,OAKG,0.7035822153345346
dataset_style,1,FLARE22_Tr_0050,OAKG-Union,0.7190431474097222
dataset_style,1,FLARETs_0003,OAKG,0.10626161634382852
dataset_style,1,FLARETs_0003,OAKG-Union,0.10682343065276893
dataset_style,1,FLARETs_0006,OAKG,0.3540765750978017
dataset_style,1,FLARETs_0006,OAKG-Union,0.3540765750978017
dataset_style,1,FLARETs_0021,OAKG,0.023363055231470906
dataset_style,1,FLARETs_0021,OAKG-Union,0.023363055231470906
dataset_style,1,FLARETs_0023,OAKG,0.4602022752410892
dataset_style,1,FLARETs_0023,OAKG-Union,0.4602022752410892
dataset_style,1,FLARETs_0024,OAKG,1.0
dataset_style,1,FLARETs_0024,OAKG-Union,1.0
dataset_style,1,FLARETs_0033,OAKG,0.0
dataset_style,1,FLARETs_0033,OAKG-Union,0.0
dataset_style,1,FLARETs_0034,OAKG,0.08926871391871365
dataset_style,1,FLARETs_0034,OAKG-Union,0.10229009810971809
dataset_style,1,FLARETs_0035,OAKG,0.15457433957839828
dataset_style,1,FLARETs_0035,OAKG-Union,0.15457433957839828
dataset_style,1,FLARETs_0036,OAKG,0.5158084819368932
dataset_style,1,FLARETs_0036,OAKG-Union,0.5290562080503977
dataset_style,1,FLARETs_0039,OAKG,0.3169926600350617
dataset_style,1,FLARETs_0039,OAKG-Union,0.3169926600350617
dataset_style,1,FLARETs_0044,OAKG,0.49463965556280104
dataset_style,1,FLARETs_0044,OAKG-Union,0.5653701424067238
dataset_style,1,FLARETs_0050,OAKG,0.4258322709546746
dataset_style,1,FLARETs_0050,OAKG-Union,0.45053218014711555
dataset_style,2,pancreas_001,OAKG,1.0
dataset_style,2,pancreas_001,OAKG-Union,0.0
dataset_style,2,pancreas_012,OAKG,0.43812463509980126
dataset_style,2,pancreas_012,OAKG-Union,0.0
dataset_style,2,pancreas_042,OAKG,0.0
dataset_style,2,pancreas_042,OAKG-Union,0.0
dataset_style,2,pancreas_058,OAKG,0.0
dataset_style,2,pancreas_058,OAKG-Union,0.0
dataset_style,2,pancreas_077,OAKG,0.0
dataset_style,2,pancreas_077,OAKG-Union,0.0
dataset_style,2,pancreas_080,OAKG,1.0
dataset_style,2,pancreas_080,OAKG-Union,0.0
dataset_style,2,pancreas_081,OAKG,1.0
dataset_style,2,pancreas_081,OAKG-Union,0.0
dataset_style,2,pancreas_084,OAKG,1.0
dataset_style,2,pancreas_084,OAKG-Union,0.0
dataset_style,2,pancreas_086,OAKG,1.0
dataset_style,2,pancreas_086,OAKG-Union,0.0
dataset_style,2,pancreas_089,OAKG,1.0
dataset_style,2,pancreas_089,OAKG-Union,0.0
dataset_style,2,pancreas_091,OAKG,0.6916772184127179
dataset_style,2,pancreas_091,OAKG-Union,0.0
dataset_style,2,pancreas_092,OAKG,1.0
dataset_style,2,pancreas_092,OAKG-Union,0.0
dataset_style,2,pancreas_094,OAKG,1.0
dataset_style,2,pancreas_094,OAKG-Union,0.0
dataset_style,2,pancreas_104,OAKG,1.0
dataset_style,2,pancreas_104,OAKG-Union,0.0
dataset_style,2,pancreas_110,OAKG,1.0
dataset_style,2,pancreas_110,OAKG-Union,0.0
dataset_style,2,pancreas_113,OAKG,1.0
dataset_style,2,pancreas_113,OAKG-Union,0.0
dataset_style,2,pancreas_114,OAKG,0.0
dataset_style,2,pancreas_114,OAKG-Union,0.0
dataset_style,2,pancreas_117,OAKG,0.2759216234105718
dataset_style,2,pancreas_117,OAKG-Union,0.2198052186168211
dataset_style,2,pancreas_119,OAKG,0.6402900881481707
dataset_style,2,pancreas_119,OAKG-Union,0.072867018779756
dataset_style,2,pancreas_120,OAKG,0.0
dataset_style,2,pancreas_120,OAKG-Union,0.0
dataset_style,2,pancreas_124,OAKG,0.6916772184127179
dataset_style,2,pancreas_124,OAKG-Union,0.0
dataset_style,2,pancreas_130,OAKG,0.31708532520472715
dataset_style,2,pancreas_130,OAKG-Union,0.0
dataset_style,2,pancreas_131,OAKG,0.31708532520472715
dataset_style,2,pancreas_131,OAKG-Union,0.0
dataset_style,2,pancreas_159,OAKG,0.6916772184127179
dataset_style,2,pancreas_159,OAKG-Union,0.0
dataset_style,2,pancreas_169,OAKG,0.0
dataset_style,2,pancreas_169,OAKG-Union,0.0
dataset_style,2,pancreas_186,OAKG,0.31708532520472715
dataset_style,2,pancreas_186,OAKG-Union,0.0
dataset_style,2,pancreas_193,OAKG,1.0
dataset_style,2,pancreas_193,OAKG-Union,0.0
dataset_style,2,pancreas_199,OAKG,0.0
dataset_style,2,pancreas_199,OAKG-Union,0.0
dataset_style,2,pancreas_204,OAKG,0.2759216234105718
dataset_style,2,pancreas_204,OAKG-Union,0.2198052186168211
dataset_style,2,pancreas_207,OAKG,0.0
dataset_style,2,pancreas_207,OAKG-Union,0.0
dataset_style,2,pancreas_213,OAKG,0.6402900881481707
dataset_style,2,pancreas_213,OAKG-Union,0.072867018779756
dataset_style,2,pancreas_214,OAKG,0.6402900881481707
dataset_style,2,pancreas_214,OAKG-Union,0.072867018779756
dataset_style,2,pancreas_229,OAKG,0.0
dataset_style,2,pancreas_229,OAKG-Union,0.0
dataset_style,2,pancreas_244,OAKG,1.0
dataset_style,2,pancreas_244,OAKG-Union,0.0
dataset_style,2,pancreas_246,OAKG,0.6916772184127179
dataset_style,2,pancreas_246,OAKG-Union,0.0
dataset_style,2,pancreas_255,OAKG,1.0
dataset_style,2,pancreas_255,OAKG-Union,0.0
dataset_style,2,pancreas_258,OAKG,0.6916772184127179
dataset_style,2,pancreas_258,OAKG-Union,0.0
dataset_style,2,pancreas_266,OAKG,1.0
dataset_style,2,pancreas_266,OAKG-Union,0.0
dataset_style,2,pancreas_269,OAKG,0.31708532520472715
dataset_style,2,pancreas_269,OAKG-Union,0.0
dataset_style,2,pancreas_280,OAKG,0.6402900881481707
dataset_style,2,pancreas_280,OAKG-Union,0.072867018779756
dataset_style,2,pancreas_283,OAKG,1.0
dataset_style,2,pancreas_283,OAKG-Union,0.0
dataset_style,2,pancreas_289,OAKG,0.6402900881481707
dataset_style,2,pancreas_289,OAKG-Union,0.072867018779756
dataset_style,2,pancreas_294,OAKG,1.0
dataset_style,2,pancreas_294,OAKG-Union,0.0
dataset_style,2,pancreas_297,OAKG,0.6402900881481707
dataset_style,2,pancreas_297,OAKG-Union,0.072867018779756
dataset_style,2,pancreas_300,OAKG,0.6402900881481707
dataset_style,2,pancreas_300,OAKG-Union,0.072867018779756
dataset_style,2,pancreas_303,OAKG,0.6402900881481707
dataset_style,2,pancreas_303,OAKG-Union,0.072867018779756
dataset_style,2,pancreas_304,OAKG,0.6916772184127179
dataset_style,2,pancreas_304,OAKG-Union,0.0
dataset_style,2,pancreas_315,OAKG,0.31708532520472715
dataset_style,2,pancreas_315,OAKG-Union,0.0
dataset_style,2,pancreas_328,OAKG,0.0
dataset_style,2,pancreas_328,OAKG-Union,0.0
dataset_style,2,pancreas_329,OAKG,1.0
dataset_style,2,pancreas_329,OAKG-Union,0.0
dataset_style,2,pancreas_334,OAKG,0.0
dataset_style,2,pancreas_334,OAKG-Union,0.0
dataset_style,2,pancreas_345,OAKG,1.0
dataset_style,2,pancreas_345,OAKG-Union,0.0
dataset_style,2,pancreas_364,OAKG,0.31708532520472715
dataset_style,2,pancreas_364,OAKG-Union,0.0
dataset_style,2,pancreas_366,OAKG,0.0
dataset_style,2,pancreas_366,OAKG-Union,0.0
dataset_style,2,pancreas_372,OAKG,0.6916772184127179
dataset_style,2,pancreas_372,OAKG-Union,0.0
dataset_style,2,pancreas_377,OAKG,1.0
dataset_style,2,pancreas_377,OAKG-Union,0.0
dataset_style,2,pancreas_386,OAKG,0.0
dataset_style,2,pancreas_386,OAKG-Union,0.0
dataset_style,2,pancreas_387,OAKG,0.6916772184127179
dataset_style,2,pancreas_387,OAKG-Union,0.0
dataset_style,2,pancreas_391,OAKG,1.0
dataset_style,2,pancreas_391,OAKG-Union,0.0
dataset_style,2,pancreas_409,OAKG,0.0
dataset_style,2,pancreas_409,OAKG-Union,0.0
dataset_style,2,LiTs-014,OAKG,0.0
dataset_style,2,LiTs-014,OAKG-Union,0.0
dataset_style,2,LiTs-015,OAKG,0.0
dataset_style,2,LiTs-015,OAKG-Union,0.0
dataset_style,2,LiTs-021,OAKG,0.0
dataset_style,2,LiTs-021,OAKG-Union,0.0
dataset_style,2,LiTs-022,OAKG,0.0
dataset_style,2,LiTs-022,OAKG-Union,0.0
dataset_style,2,LiTs-024,OAKG,0.0
dataset_style,2,LiTs-024,OAKG-Union,0.0
dataset_style,2,LiTs-041,OAKG,0.0
dataset_style,2,LiTs-041,OAKG-Union,0.0
dataset_style,2,LiTs-044,OAKG,0.0
dataset_style,2,LiTs-044,OAKG-Union,0.0
dataset_style,2,LiTs-045,OAKG,0.0
dataset_style,2,LiTs-045,OAKG-Union,0.0
dataset_style,2,LiTs-046,OAKG,0.0
dataset_style,2,LiTs-046,OAKG-Union,0.13237658255723428
dataset_style,2,LiTs-047,OAKG,0.0
dataset_style,2,LiTs-047,OAKG-Union,0.0
dataset_style,2,LiTs-059,OAKG,0.0
dataset_style,2,LiTs-059,OAKG-Union,0.0
dataset_style,2,LiTs-066,OAKG,0.0
dataset_style,2,LiTs-066,OAKG-Union,0.0
dataset_style,2,LiTs-067,OAKG,0.0
dataset_style,2,LiTs-067,OAKG-Union,0.0
dataset_style,2,LiTs-076,OAKG,0.0
dataset_style,2,LiTs-076,OAKG-Union,0.0
dataset_style,2,LiTs-082,OAKG,0.0
dataset_style,2,LiTs-082,OAKG-Union,0.0
dataset_style,2,LiTs-083,OAKG,0.0
dataset_style,2,LiTs-083,OAKG-Union,0.0
dataset_style,2,LiTs-086,OAKG,0.0
dataset_style,2,LiTs-086,OAKG-Union,0.0
dataset_style,2,LiTs-087,OAKG,0.0
dataset_style,2,LiTs-087,OAKG-Union,0.92663607790064
dataset_style,2,LiTs-089,OAKG,0.0
dataset_style,2,LiTs-089,OAKG-Union,0.0
dataset_style,2,LiTs-102,OAKG,0.0
dataset_style,2,LiTs-102,OAKG-Union,0.13237658255723428
dataset_style,2,LiTs-104,OAKG,0.0
dataset_style,2,LiTs-104,OAKG-Union,0.0
dataset_style,2,LiTs-105,OAKG,0.0
dataset_style,2,LiTs-105,OAKG-Union,0.0
dataset_style,2,LiTs-111,OAKG,0.0
dataset_style,2,LiTs-111,OAKG-Union,0.0
dataset_style,2,LiTs-128,OAKG,0.0
dataset_style,2,LiTs-128,OAKG-Union,0.0
dataset_style,2,LiTs-130,OAKG,0.0
dataset_style,2,LiTs-130,OAKG-Union,0.0
dataset_style,2,FLARE22_Tr_0006,OAKG,0.0
dataset_style,2,FLARE22_Tr_0006,OAKG-Union,0.0
dataset_style,2,FLARE22_Tr_0010,OAKG,0.0
dataset_style,2,FLARE22_Tr_0010,OAKG-Union,0.0
dataset_style,2,FLARE22_Tr_0011,OAKG,0.0
dataset_style,2,FLARE22_Tr_0011,OAKG-Union,0.0
dataset_style,2,FLARE22_Tr_0014,OAKG,0.0
dataset_style,2,FLARE22_Tr_0014,OAKG-Union,0.0
dataset_style,2,FLARE22_Tr_0018,OAKG,0.5986685662372884
dataset_style,2,FLARE22_Tr_0018,OAKG-Union,0.5986685662372884
dataset_style,2,FLARE22_Tr_0021,OAKG,0.23129151900931952
dataset_style,2,FLARE22_Tr_0021,OAKG-Union,0.23129151900931952
dataset_style,2,FLARE22_Tr_0025,OAKG,0.0
dataset_style,2,FLARE22_Tr_0025,OAKG-Union,0.0
dataset_style,2,FLARE22_Tr_0028,OAKG,0.7102013050728733
dataset_style,2,FLARE22_Tr_0028,OAKG-Union,0.7102013050728733
dataset_style,2,FLARE22_Tr_0031,OAKG,0.47351674127544474
dataset_style,2,FLARE22_Tr_0031,OAKG-Union,0.47351674127544474
dataset_style,2,FLARE22_Tr_0036,OAKG,0.30287300400935524
dataset_style,2,FLARE22_Tr_0036,OAKG-Union,0.30287300400935524
dataset_style,2,FLARE22_Tr_0038,OAKG,0.16104258782393982
dataset_style,2,FLARE22_Tr_0038,OAKG-Union,0.16104258782393982
dataset_style,2,FLARE22_Tr_0043,OAKG,0.5657846903958406
dataset_style,2,FLARE22_Tr_0043,OAKG-Union,0.5657846903958406
dataset_style,2,FLARE22_Tr_0045,OAKG,0.7054028359495896
dataset_style,2,FLARE22_Tr_0045,OAKG-Union,0.7054028359495896
dataset_style,2,FLARE22_Tr_0050,OAKG,0.6855736832465842
dataset_style,2,FLARE22_Tr_0050,OAKG-Union,0.6855736832465842
dataset_style,2,FLARETs_0003,OAKG,0.0
dataset_style,2,FLARETs_0003,OAKG-Union,0.0
dataset_style,2,FLARETs_0006,OAKG,0.575276866697012
dataset_style,2,FLARETs_0006,OAKG-Union,0.575276866697012
dataset_style,2,FLARETs_0021,OAKG,0.06164886363035493
dataset_style,2,FLARETs_0021,OAKG-Union,0.06164886363035493
dataset_style,2,FLARETs_0023,OAKG,0.4996824485815997
dataset_style,2,FLARETs_0023,OAKG-Union,0.4996824485815997
dataset_style,2,FLARETs_0024,OAKG,0.6158160909033892
dataset_style,2,FLARETs_0024,OAKG-Union,0.6158160909033892
dataset_style,2,FLARETs_0033,OAKG,0.0
dataset_style,2,FLARETs_0033,OAKG-Union,0.0
dataset_style,2,FLARETs_0034,OAKG,0.06661106739480585
dataset_style,2,FLARETs_0034,OAKG-Union,0.06661106739480585
dataset_style,2,FLARETs_0035,OAKG,1.0
dataset_style,2,FLARETs_0035,OAKG-Union,1.0
dataset_style,2,FLARETs_0036,OAKG,0.6696460005818794
dataset_style,2,FLARETs_0036,OAKG-Union,0.6696460005818794
dataset_style,2,FLARETs_0039,OAKG,0.27341242793219495
dataset_style,2,FLARETs_0039,OAKG-Union,0.27341242793219495
dataset_style,2,FLARETs_0044,OAKG,0.6923249627100274
dataset_style,2,FLARETs_0044,OAKG-Union,0.505574592788064
dataset_style,2,FLARETs_0050,OAKG,0.7375097341566099
dataset_style,2,FLARETs_0050,OAKG-Union,0.7375097341566099
dataset_style,3,pancreas_001,OAKG,1.0
dataset_style,3,pancreas_001,OAKG-Union,1.0
dataset_style,3,pancreas_012,OAKG,0.21306158485699
dataset_style,3,pancreas_012,OAKG-Union,0.21306158485699
dataset_style,3,pancreas_042,OAKG,0.0
dataset_style,3,pancreas_042,OAKG-Union,0.0
dataset_style,3,pancreas_058,OAKG,0.0
dataset_style,3,pancreas_058,OAKG-Union,0.0
dataset_style,3,pancreas_077,OAKG,0.0
dataset_style,3,pancreas_077,OAKG-Union,0.0
dataset_style,3,pancreas_080,OAKG,0.5668339904824009
dataset_style,3,pancreas_080,OAKG-Union,0.5668339904824009
dataset_style,3,pancreas_081,OAKG,0.3425479501917774
dataset_style,3,pancreas_081,OAKG-Union,0.3425479501917774
dataset_style,3,pancreas_084,OAKG,1.0
dataset_style,3,pancreas_084,OAKG-Union,1.0
dataset_style,3,pancreas_086,OAKG,0.8515543142729491
dataset_style,3,pancreas_086,OAKG-Union,0.8515543142729491
dataset_style,3,pancreas_089,OAKG,0.7221746306981013
dataset_style,3,pancreas_089,OAKG-Union,0.7221746306981013
dataset_style,3,pancreas_091,OAKG,1.0
dataset_style,3,pancreas_091,OAKG-Union,1.0
dataset_style,3,pancreas_092,OAKG,0.21819512777735
dataset_style,3,pancreas_092,OAKG-Union,0.21819512777735
dataset_style,3,pancreas_094,OAKG,1.0
dataset_style,3,pancreas_094,OAKG-Union,1.0
dataset_style,3,pancreas_104,OAKG,0.14285714285714285
dataset_style,3,pancreas_104,OAKG-Union,0.14285714285714285
dataset_style,3,pancreas_110,OAKG,1.0
dataset_style,3,pancreas_110,OAKG-Union,1.0
dataset_style,3,pancreas_113,OAKG,0.9371166382005486
dataset_style,3,pancreas_113,OAKG-Union,0.9371166382005486
dataset_style,3,pancreas_114,OAKG,0.0
dataset_style,3,pancreas_114,OAKG-Union,0.0
dataset_style,3,pancreas_117,OAKG,0.4309322110679313
dataset_style,3,pancreas_117,OAKG-Union,0.4309322110679313
dataset_style,3,pancreas_119,OAKG,0.94546789582947
dataset_style,3,pancreas_119,OAKG-Union,0.94546789582947
dataset_style,3,pancreas_120,OAKG,0.0
dataset_style,3,pancreas_120,OAKG-Union,0.0
dataset_style,3,pancreas_124,OAKG,0.9363792118010483
dataset_style,3,pancreas_124,OAKG-Union,0.9363792118010483
dataset_style,3,pancreas_130,OAKG,0.31708532520472715
dataset_style,3,pancreas_130,OAKG-Union,0.31708532520472715
dataset_style,3,pancreas_131,OAKG,0.31708532520472715
dataset_style,3,pancreas_131,OAKG-Union,0.31708532520472715
dataset_style,3,pancreas_159,OAKG,0.15090863280404943
dataset_style,3,pancreas_159,OAKG-Union,0.15090863280404943
dataset_style,3,pancreas_169,OAKG,0.0
dataset_style,3,pancreas_169,OAKG-Union,0.0
dataset_style,3,pancreas_186,OAKG,0.31708532520472715
dataset_style,3,pancreas_186,OAKG-Union,0.31708532520472715
dataset_style,3,pancreas_193,OAKG,0.637161318481177
dataset_style,3,pancreas_193,OAKG-Union,0.637161318481177
dataset_style,3,pancreas_199,OAKG,0.0
dataset_style,3,pancreas_199,OAKG-Union,0.0
dataset_style,3,pancreas_204,OAKG,0.0
dataset_style,3,pancreas_204,OAKG-Union,0.0
dataset_style,3,pancreas_207,OAKG,0.0
dataset_style,3,pancreas_207,OAKG-Union,0.0
dataset_style,3,pancreas_213,OAKG,0.0
dataset_style,3,pancreas_213,OAKG-Union,0.0
dataset_style,3,pancreas_214,OAKG,0.0
dataset_style,3,pancreas_214,OAKG-Union,0.0
dataset_style,3,pancreas_229,OAKG,0.0
dataset_style,3,pancreas_229,OAKG-Union,0.0
dataset_style,3,pancreas_244,OAKG,1.0
dataset_style,3,pancreas_244,OAKG-Union,1.0
dataset_style,3,pancreas_246,OAKG,1.0
dataset_style,3,pancreas_246,OAKG-Union,1.0
dataset_style,3,pancreas_255,OAKG,0.41939799988819826
dataset_style,3,pancreas_255,OAKG-Union,0.41939799988819826
dataset_style,3,pancreas_258,OAKG,1.0
dataset_style,3,pancreas_258,OAKG-Union,1.0
dataset_style,3,pancreas_266,OAKG,0.6261043923059076
dataset_style,3,pancreas_266,OAKG-Union,0.6261043923059076
dataset_style,3,pancreas_269,OAKG,0.24789885215535917
dataset_style,3,pancreas_269,OAKG-Union,0.24789885215535917
dataset_style,3,pancreas_280,OAKG,1.0
dataset_style,3,pancreas_280,OAKG-Union,1.0
dataset_style,3,pancreas_283,OAKG,1.0
dataset_style,3,pancreas_283,OAKG-Union,1.0
dataset_style,3,pancreas_289,OAKG,0.0
dataset_style,3,pancreas_289,OAKG-Union,0.0
dataset_style,3,pancreas_294,OAKG,0.5637884576902256
dataset_style,3,pancreas_294,OAKG-Union,0.5637884576902256
dataset_style,3,pancreas_297,OAKG,0.0
dataset_style,3,pancreas_297,OAKG-Union,0.0
dataset_style,3,pancreas_300,OAKG,0.0
dataset_style,3,pancreas_300,OAKG-Union,0.0
dataset_style,3,pancreas_303,OAKG,0.0
dataset_style,3,pancreas_303,OAKG-Union,0.0
dataset_style,3,pancreas_304,OAKG,0.01048056029990858
dataset_style,3,pancreas_304,OAKG-Union,0.01048056029990858
dataset_style,3,pancreas_315,OAKG,0.09031040361479109
dataset_style,3,pancreas_315,OAKG-Union,0.09031040361479109
dataset_style,3,pancreas_328,OAKG,0.0
dataset_style,3,pancreas_328,OAKG-Union,0.0
dataset_style,3,pancreas_329,OAKG,0.5672274908036508
dataset_style,3,pancreas_329,OAKG-Union,0.5672274908036508
dataset_style,3,pancreas_334,OAKG,0.0
dataset_style,3,pancreas_334,OAKG-Union,0.0
dataset_style,3,pancreas_345,OAKG,0.3354257508767642
dataset_style,3,pancreas_345,OAKG-Union,0.3354257508767642
dataset_style,3,pancreas_364,OAKG,0.31708532520472715
dataset_style,3,pancreas_364,OAKG-Union,0.31708532520472715
dataset_style,3,pancreas_366,OAKG,0.0
dataset_style,3,pancreas_366,OAKG-Union,0.0
dataset_style,3,pancreas_372,OAKG,1.0
dataset_style,3,pancreas_372,OAKG-Union,1.0
dataset_style,3,pancreas_377,OAKG,0.685035554235118
dataset_style,3,pancreas_377,OAKG-Union,0.685035554235118
dataset_style,3,pancreas_386,OAKG,0.0
dataset_style,3,pancreas_386,OAKG-Union,0.0
dataset_style,3,pancreas_387,OAKG,0.14285714285714285
dataset_style,3,pancreas_387,OAKG-Union,0.14285714285714285
dataset_style,3,pancreas_391,OAKG,1.0
dataset_style,3,pancreas_391,OAKG-Union,1.0
dataset_style,3,pancreas_409,OAKG,0.0
dataset_style,3,pancreas_409,OAKG-Union,0.0
dataset_style,3,LiTs-014,OAKG,0.0
dataset_style,3,LiTs-014,OAKG-Union,0.0
dataset_style,3,LiTs-015,OAKG,0.0
dataset_style,3,LiTs-015,OAKG-Union,0.0
dataset_style,3,LiTs-021,OAKG,1.0
dataset_style,3,LiTs-021,OAKG-Union,1.0
dataset_style,3,LiTs-022,OAKG,1.0
dataset_style,3,LiTs-022,OAKG-Union,1.0
dataset_style,3,LiTs-024,OAKG,0.009088684028421674
dataset_style,3,LiTs-024,OAKG-Union,0.009088684028421674
dataset_style,3,LiTs-041,OAKG,1.0
dataset_style,3,LiTs-041,OAKG-Union,1.0
dataset_style,3,LiTs-044,OAKG,0.6489315753318466
dataset_style,3,LiTs-044,OAKG-Union,0.6489315753318466
dataset_style,3,LiTs-045,OAKG,0.2329726085570736
dataset_style,3,LiTs-045,OAKG-Union,0.2329726085570736
dataset_style,3,LiTs-046,OAKG,0.0
dataset_style,3,LiTs-046,OAKG-Union,0.0
dataset_style,3,LiTs-047,OAKG,1.0
dataset_style,3,LiTs-047,OAKG-Union,1.0
dataset_style,3,LiTs-059,OAKG,1.0
dataset_style,3,LiTs-059,OAKG-Union,1.0
dataset_style,3,LiTs-066,OAKG,1.0
dataset_style,3,LiTs-066,OAKG-Union,1.0
dataset_style,3,LiTs-067,OAKG,0.013541194909935826
dataset_style,3,LiTs-067,OAKG-Union,0.013541194909935826
dataset_style,3,LiTs-076,OAKG,0.5933607200949346
dataset_style,3,LiTs-076,OAKG-Union,0.5933607200949346
dataset_style,3,LiTs-082,OAKG,0.2200917662980802
dataset_style,3,LiTs-082,OAKG-Union,0.2200917662980802
dataset_style,3,LiTs-083,OAKG,0.14285714285714285
dataset_style,3,LiTs-083,OAKG-Union,0.14285714285714285
dataset_style,3,LiTs-086,OAKG,0.314880130667631
dataset_style,3,LiTs-086,OAKG-Union,0.314880130667631
dataset_style,3,LiTs-087,OAKG,0.0
dataset_style,3,LiTs-087,OAKG-Union,0.0
dataset_style,3,LiTs-089,OAKG,0.0
dataset_style,3,LiTs-089,OAKG-Union,0.0
dataset_style,3,LiTs-102,OAKG,0.5473983622993501
dataset_style,3,LiTs-102,OAKG-Union,0.5473983622993501
dataset_style,3,LiTs-104,OAKG,1.0
dataset_style,3,LiTs-104,OAKG-Union,1.0
dataset_style,3,LiTs-105,OAKG,1.0
dataset_style,3,LiTs-105,OAKG-Union,1.0
dataset_style,3,LiTs-111,OAKG,0.35459765152630157
dataset_style,3,LiTs-111,OAKG-Union,0.35459765152630157
dataset_style,3,LiTs-128,OAKG,0.5803013296579812
dataset_style,3,LiTs-128,OAKG-Union,0.5803013296579812
dataset_style,3,LiTs-130,OAKG,1.0
dataset_style,3,LiTs-130,OAKG-Union,1.0
dataset_style,3,FLARE22_Tr_0006,OAKG,0.07839826897867534
dataset_style,3,FLARE22_Tr_0006,OAKG-Union,0.07839826897867534
dataset_style,3,FLARE22_Tr_0010,OAKG,0.2863459897524692
dataset_style,3,FLARE22_Tr_0010,OAKG-Union,0.2863459897524692
dataset_style,3,FLARE22_Tr_0011,OAKG,0.0
dataset_style,3,FLARE22_Tr_0011,OAKG-Union,0.0
dataset_style,3,FLARE22_Tr_0014,OAKG,0.07336392209936006
dataset_style,3,FLARE22_Tr_0014,OAKG-Union,0.07336392209936006
dataset_style,3,FLARE22_Tr_0018,OAKG,0.2317730746678626
dataset_style,3,FLARE22_Tr_0018,OAKG-Union,0.2317730746678626
dataset_style,3,FLARE22_Tr_0021,OAKG,0.0
dataset_style,3,FLARE22_Tr_0021,OAKG-Union,0.0
dataset_style,3,FLARE22_Tr_0025,OAKG,0.3120490772217807
dataset_style,3,FLARE22_Tr_0025,OAKG-Union,0.3120490772217807
dataset_style,3,FLARE22_Tr_0028,OAKG,0.41115323210409144
dataset_style,3,FLARE22_Tr_0028,OAKG-Union,0.41115323210409144
dataset_style,3,FLARE22_Tr_0031,OAKG,0.37859880603906126
dataset_style,3,FLARE22_Tr_0031,OAKG-Union,0.37859880603906126
dataset_style,3,FLARE22_Tr_0036,OAKG,0.14285714285714285
dataset_style,3,FLARE22_Tr_0036,OAKG-Union,0.14285714285714285
dataset_style,3,FLARE22_Tr_0038,OAKG,0.2866919347890072
dataset_style,3,FLARE22_Tr_0038,OAKG-Union,0.2866919347890072
dataset_style,3,FLARE22_Tr_0043,OAKG,0.0
dataset_style,3,FLARE22_Tr_0043,OAKG-Union,0.0
dataset_style,3,FLARE22_Tr_0045,OAKG,0.37521868940541137
dataset_style,3,FLARE22_Tr_0045,OAKG-Union,0.37521868940541137
dataset_style,3,FLARE22_Tr_0050,OAKG,0.3660246186928026
dataset_style,3,FLARE22_Tr_0050,OAKG-Union,0.3660246186928026
dataset_style,3,FLARETs_0003,OAKG,0.0
dataset_style,3,FLARETs_0003,OAKG-Union,0.0
dataset_style,3,FLARETs_0006,OAKG,0.5991460842621132
dataset_style,3,FLARETs_0006,OAKG-Union,0.5991460842621132
dataset_style,3,FLARETs_0021,OAKG,0.3094454128949909
dataset_style,3,FLARETs_0021,OAKG-Union,0.3094454128949909
dataset_style,3,FLARETs_0023,OAKG,0.712936470508769
dataset_style,3,FLARETs_0023,OAKG-Union,0.712936470508769
dataset_style,3,FLARETs_0024,OAKG,0.7508931700414944
dataset_style,3,FLARETs_0024,OAKG-Union,0.7508931700414944
dataset_style,3,FLARETs_0033,OAKG,0.0
dataset_style,3,FLARETs_0033,OAKG-Union,0.0
dataset_style,3,FLARETs_0034,OAKG,0.12989283987529457
dataset_style,3,FLARETs_0034,OAKG-Union,0.12989283987529457
dataset_style,3,FLARETs_0035,OAKG,0.5232512984721256
dataset_style,3,FLARETs_0035,OAKG-Union,0.5232512984721256
dataset_style,3,FLARETs_0036,OAKG,0.5814149852926773
dataset_style,3,FLARETs_0036,OAKG-Union,0.5814149852926773
dataset_style,3,FLARETs_0039,OAKG,0.17405014866116933
dataset_style,3,FLARETs_0039,OAKG-Union,0.17405014866116933
dataset_style,3,FLARETs_0044,OAKG,0.5841877397823976
dataset_style,3,FLARETs_0044,OAKG-Union,0.4988207993800992
dataset_style,3,FLARETs_0050,OAKG,0.2808936467062342
dataset_style,3,FLARETs_0050,OAKG-Union,0.2808936467062342
asymmetric,0,pancreas_001,OAKG,1.0
asymmetric,0,pancreas_001,OAKG-Union,1.0
asymmetric,0,pancreas_012,OAKG,0.2689637614929664
asymmetric,0,pancreas_012,OAKG-Union,0.2689637614929664
asymmetric,0,pancreas_042,OAKG,0.0
asymmetric,0,pancreas_042,OAKG-Union,0.0
asymmetric,0,pancreas_058,OAKG,0.0
asymmetric,0,pancreas_058,OAKG-Union,0.0
asymmetric,0,pancreas_077,OAKG,0.0
asymmetric,0,pancreas_077,OAKG-Union,0.0
asymmetric,0,pancreas_080,OAKG,0.5616115445848195
asymmetric,0,pancreas_080,OAKG-Union,0.5616115445848195
asymmetric,0,pancreas_081,OAKG,0.427577466647691
asymmetric,0,pancreas_081,OAKG-Union,0.427577466647691
asymmetric,0,pancreas_084,OAKG,1.0
asymmetric,0,pancreas_084,OAKG-Union,1.0
asymmetric,0,pancreas_086,OAKG,0.7893731469655374
asymmetric,0,pancreas_086,OAKG-Union,0.7893731469655374
asymmetric,0,pancreas_089,OAKG,0.4554950789124097
asymmetric,0,pancreas_089,OAKG-Union,0.4554950789124097
asymmetric,0,pancreas_091,OAKG,0.5965377185773229
asymmetric,0,pancreas_091,OAKG-Union,0.5965377185773229
asymmetric,0,pancreas_092,OAKG,0.46035860613699897
asymmetric,0,pancreas_092,OAKG-Union,0.46035860613699897
asymmetric,0,pancreas_094,OAKG,1.0
asymmetric,0,pancreas_094,OAKG-Union,1.0
asymmetric,0,pancreas_104,OAKG,0.5408211196853558
asymmetric,0,pancreas_104,OAKG-Union,0.5408211196853558
asymmetric,0,pancreas_110,OAKG,1.0
asymmetric,0,pancreas_110,OAKG-Union,1.0
asymmetric,0,pancreas_113,OAKG,0.7731826662336242
asymmetric,0,pancreas_113,OAKG-Union,0.7731826662336242
asymmetric,0,pancreas_114,OAKG,0.0
asymmetric,0,pancreas_114,OAKG-Union,0.0
asymmetric,0,pancreas_117,OAKG,0.4309322110679313
asymmetric,0,pancreas_117,OAKG-Union,0.4309322110679313
asymmetric,0,pancreas_119,OAKG,0.654175187351991
asymmetric,0,pancreas_119,OAKG-Union,0.654175187351991
asymmetric,0,pancreas_120,OAKG,0.0
asymmetric,0,pancreas_120,OAKG-Union,0.0
asymmetric,0,pancreas_124,OAKG,0.67175898907361
asymmetric,0,pancreas_124,OAKG-Union,0.67175898907361
asymmetric,0,pancreas_130,OAKG,0.31708532520472715
asymmetric,0,pancreas_130,OAKG-Union,0.31708532520472715
asymmetric,0,pancreas_131,OAKG,0.31708532520472715
asymmetric,0,pancreas_131,OAKG-Union,0.31708532520472715
asymmetric,0,pancreas_159,OAKG,0.14465249243306436
asymmetric,0,pancreas_159,OAKG-Union,0.14465249243306436
asymmetric,0,pancreas_169,OAKG,0.0
asymmetric,0,pancreas_169,OAKG-Union,0.0
asymmetric,0,pancreas_186,OAKG,0.31708532520472715
asymmetric,0,pancreas_186,OAKG-Union,0.31708532520472715
asymmetric,0,pancreas_193,OAKG,0.3765744191624098
asymmetric,0,pancreas_193,OAKG-Union,0.3765744191624098
asymmetric,0,pancreas_199,OAKG,0.0
asymmetric,0,pancreas_199,OAKG-Union,0.0
asymmetric,0,pancreas_204,OAKG,0.0
asymmetric,0,pancreas_204,OAKG-Union,0.0
asymmetric,0,pancreas_207,OAKG,0.0
asymmetric,0,pancreas_207,OAKG-Union,0.0
asymmetric,0,pancreas_213,OAKG,0.0
asymmetric,0,pancreas_213,OAKG-Union,0.0
asymmetric,0,pancreas_214,OAKG,0.41638241380547375
asymmetric,0,pancreas_214,OAKG-Union,0.41638241380547375
asymmetric,0,pancreas_229,OAKG,0.0
asymmetric,0,pancreas_229,OAKG-Union,0.0
asymmetric,0,pancreas_244,OAKG,1.0
asymmetric,0,pancreas_244,OAKG-Union,1.0
asymmetric,0,pancreas_246,OAKG,0.7240423949810295
asymmetric,0,pancreas_246,OAKG-Union,0.7240423949810295
asymmetric,0,pancreas_255,OAKG,0.4697557950008694
asymmetric,0,pancreas_255,OAKG-Union,0.4697557950008694
asymmetric,0,pancreas_258,OAKG,1.0
asymmetric,0,pancreas_258,OAKG-Union,1.0
asymmetric,0,pancreas_266,OAKG,0.583024471214314
asymmetric,0,pancreas_266,OAKG-Union,0.583024471214314
asymmetric,0,pancreas_269,OAKG,0.14496557874078222
asymmetric,0,pancreas_269,OAKG-Union,0.14496557874078222
asymmetric,0,pancreas_280,OAKG,1.0
asymmetric,0,pancreas_280,OAKG-Union,1.0
asymmetric,0,pancreas_283,OAKG,1.0
asymmetric,0,pancreas_283,OAKG-Union,1.0
asymmetric,0,pancreas_289,OAKG,0.0
asymmetric,0,pancreas_289,OAKG-Union,0.0
asymmetric,0,pancreas_294,OAKG,0.5067837010870874
asymmetric,0,pancreas_294,OAKG-Union,0.5067837010870874
asymmetric,0,pancreas_297,OAKG,0.0
asymmetric,0,pancreas_297,OAKG-Union,0.0
asymmetric,0,pancreas_300,OAKG,0.07336392209936006
asymmetric,0,pancreas_300,OAKG-Union,0.07336392209936006
asymmetric,0,pancreas_303,OAKG,0.0
asymmetric,0,pancreas_303,OAKG-Union,0.0
asymmetric,0,pancreas_304,OAKG,0.0454741662544366
asymmetric,0,pancreas_304,OAKG-Union,0.0454741662544366
asymmetric,0,pancreas_315,OAKG,0.180016047963362
asymmetric,0,pancreas_315,OAKG-Union,0.180016047963362
asymmetric,0,pancreas_328,OAKG,0.0
asymmetric,0,pancreas_328,OAKG-Union,0.0
asymmetric,0,pancreas_329,OAKG,0.7846170207230129
asymmetric,0,pancreas_329,OAKG-Union,0.7846170207230129
asymmetric,0,pancreas_334,OAKG,0.0
asymmetric,0,pancreas_334,OAKG-Union,0.0
asymmetric,0,pancreas_345,OAKG,0.5084351701712879
asymmetric,0,pancreas_345,OAKG-Union,0.5084351701712879
asymmetric,0,pancreas_364,OAKG,0.31708532520472715
asymmetric,0,pancreas_364,OAKG-Union,0.31708532520472715
asymmetric,0,pancreas_366,OAKG,0.0
asymmetric,0,pancreas_366,OAKG-Union,0.0
asymmetric,0,pancreas_372,OAKG,1.0
asymmetric,0,pancreas_372,OAKG-Union,1.0
asymmetric,0,pancreas_377,OAKG,0.5618536187071219
asymmetric,0,pancreas_377,OAKG-Union,0.5618536187071219
asymmetric,0,pancreas_386,OAKG,0.0
asymmetric,0,pancreas_386,OAKG-Union,0.0
asymmetric,0,pancreas_387,OAKG,0.14285714285714285
asymmetric,0,pancreas_387,OAKG-Union,0.14285714285714285
asymmetric,0,pancreas_391,OAKG,1.0
asymmetric,0,pancreas_391,OAKG-Union,1.0
asymmetric,0,pancreas_409,OAKG,0.0
asymmetric,0,pancreas_409,OAKG-Union,0.0
asymmetric,0,LiTs-014,OAKG,0.0
asymmetric,0,LiTs-014,OAKG-Union,0.0
asymmetric,0,LiTs-015,OAKG,0.0
asymmetric,0,LiTs-015,OAKG-Union,0.0
asymmetric,0,LiTs-021,OAKG,1.0
asymmetric,0,LiTs-021,OAKG-Union,1.0
asymmetric,0,LiTs-022,OAKG,1.0
asymmetric,0,LiTs-022,OAKG-Union,1.0
asymmetric,0,LiTs-024,OAKG,0.009088684028421674
asymmetric,0,LiTs-024,OAKG-Union,0.009088684028421674
asymmetric,0,LiTs-041,OAKG,1.0
asymmetric,0,LiTs-041,OAKG-Union,1.0
asymmetric,0,LiTs-044,OAKG,0.6489315753318466
asymmetric,0,LiTs-044,OAKG-Union,0.6489315753318466
asymmetric,0,LiTs-045,OAKG,0.2329726085570736
asymmetric,0,LiTs-045,OAKG-Union,0.2329726085570736
asymmetric,0,LiTs-046,OAKG,0.0
asymmetric,0,LiTs-046,OAKG-Union,0.0
asymmetric,0,LiTs-047,OAKG,1.0
asymmetric,0,LiTs-047,OAKG-Union,1.0
asymmetric,0,LiTs-059,OAKG,1.0
asymmetric,0,LiTs-059,OAKG-Union,1.0
asymmetric,0,LiTs-066,OAKG,1.0
asymmetric,0,LiTs-066,OAKG-Union,1.0
asymmetric,0,LiTs-067,OAKG,0.013541194909935826
asymmetric,0,LiTs-067,OAKG-Union,0.013541194909935826
asymmetric,0,LiTs-076,OAKG,0.5933607200949346
asymmetric,0,LiTs-076,OAKG-Union,0.5933607200949346
asymmetric,0,LiTs-082,OAKG,0.07336392209936006
asymmetric,0,LiTs-082,OAKG-Union,0.2200917662980802
asymmetric,0,LiTs-083,OAKG,0.14285714285714285
asymmetric,0,LiTs-083,OAKG-Union,0.14285714285714285
asymmetric,0,LiTs-086,OAKG,0.06362078819895173
asymmetric,0,LiTs-086,OAKG-Union,0.314880130667631
asymmetric,0,LiTs-087,OAKG,0.14279514403613736
asymmetric,0,LiTs-087,OAKG-Union,0.3062386434839552
asymmetric,0,LiTs-089,OAKG,0.0
asymmetric,0,LiTs-089,OAKG-Union,0.0
asymmetric,0,LiTs-102,OAKG,0.2787203197779838
asymmetric,0,LiTs-102,OAKG-Union,0.5473983622993501
asymmetric,0,LiTs-104,OAKG,1.0
asymmetric,0,LiTs-104,OAKG-Union,1.0
asymmetric,0,LiTs-105,OAKG,0.857980942822373
asymmetric,0,LiTs-105,OAKG-Union,0.6203974344166849
asymmetric,0,LiTs-111,OAKG,0.021680313011147916
asymmetric,0,LiTs-111,OAKG-Union,0.35459765152630157
asymmetric,0,LiTs-128,OAKG,0.0
asymmetric,0,LiTs-128,OAKG-Union,0.5803013296579812
asymmetric,0,LiTs-130,OAKG,0.0
asymmetric,0,LiTs-130,OAKG-Union,1.0
asymmetric,0,FLARE22_Tr_0006,OAKG,0.2172607128522299
asymmetric,0,FLARE22_Tr_0006,OAKG-Union,0.2172607128522299
asymmetric,0,FLARE22_Tr_0010,OAKG,0.3486912225404547
asymmetric,0,FLARE22_Tr_0010,OAKG-Union,0.3486912225404547
asymmetric,0,FLARE22_Tr_0011,OAKG,0.0
asymmetric,0,FLARE22_Tr_0011,OAKG-Union,0.0
asymmetric,0,FLARE22_Tr_0014,OAKG,0.085143117641621
asymmetric,0,FLARE22_Tr_0014,OAKG-Union,0.085143117641621
asymmetric,0,FLARE22_Tr_0018,OAKG,0.27520664516982196
asymmetric,0,FLARE22_Tr_0018,OAKG-Union,0.27520664516982196
asymmetric,0,FLARE22_Tr_0021,OAKG,0.11525686512669099
asymmetric,0,FLARE22_Tr_0021,OAKG-Union,0.11525686512669099
asymmetric,0,FLARE22_Tr_0025,OAKG,0.5388856921828066
asymmetric,0,FLARE22_Tr_0025,OAKG-Union,0.5388856921828066
asymmetric,0,FLARE22_Tr_0028,OAKG,0.34172662050158126
asymmetric,0,FLARE22_Tr_0028,OAKG-Union,0.34172662050158126
asymmetric,0,FLARE22_Tr_0031,OAKG,0.48788640635284003
asymmetric,0,FLARE22_Tr_0031,OAKG-Union,0.48788640635284003
asymmetric,0,FLARE22_Tr_0036,OAKG,0.24680899859620778
asymmetric,0,FLARE22_Tr_0036,OAKG-Union,0.24680899859620778
asymmetric,0,FLARE22_Tr_0038,OAKG,0.4260276605334035
asymmetric,0,FLARE22_Tr_0038,OAKG-Union,0.4260276605334035
asymmetric,0,FLARE22_Tr_0043,OAKG,0.25009954313760513
asymmetric,0,FLARE22_Tr_0043,OAKG-Union,0.25009954313760513
asymmetric,0,FLARE22_Tr_0045,OAKG,0.3842604594840367
asymmetric,0,FLARE22_Tr_0045,OAKG-Union,0.3842604594840367
asymmetric,0,FLARE22_Tr_0050,OAKG,0.1605427568847025
asymmetric,0,FLARE22_Tr_0050,OAKG-Union,0.1605427568847025
asymmetric,0,FLARETs_0003,OAKG,0.1465932050456648
asymmetric,0,FLARETs_0003,OAKG-Union,0.1465932050456648
asymmetric,0,FLARETs_0006,OAKG,0.5205795968954912
asymmetric,0,FLARETs_0006,OAKG-Union,0.5205795968954912
asymmetric,0,FLARETs_0021,OAKG,0.09421147244146325
asymmetric,0,FLARETs_0021,OAKG-Union,0.09421147244146325
asymmetric,0,FLARETs_0023,OAKG,0.49201555084303894
asymmetric,0,FLARETs_0023,OAKG-Union,0.49201555084303894
asymmetric,0,FLARETs_0024,OAKG,0.5019296816186565
asymmetric,0,FLARETs_0024,OAKG-Union,0.5019296816186565
asymmetric,0,FLARETs_0033,OAKG,0.3129834921469008
asymmetric,0,FLARETs_0033,OAKG-Union,0.3129834921469008
asymmetric,0,FLARETs_0034,OAKG,0.35024455152947126
asymmetric,0,FLARETs_0034,OAKG-Union,0.35024455152947126
asymmetric,0,FLARETs_0035,OAKG,0.1100458831490401
asymmetric,0,FLARETs_0035,OAKG-Union,0.1100458831490401
asymmetric,0,FLARETs_0036,OAKG,0.6527725436451962
asymmetric,0,FLARETs_0036,OAKG-Union,0.6527725436451962
asymmetric,0,FLARETs_0039,OAKG,0.037802888961062625
asymmetric,0,FLARETs_0039,OAKG-Union,0.037802888961062625
asymmetric,0,FLARETs_0044,OAKG,0.35039298488684245
asymmetric,0,FLARETs_0044,OAKG-Union,0.335514269732117
asymmetric,0,FLARETs_0050,OAKG,0.4572577476154111
asymmetric,0,FLARETs_0050,OAKG-Union,0.4572577476154111
asymmetric,1,pancreas_001,OAKG,1.0
asymmetric,1,pancreas_001,OAKG-Union,0.9363792118010483
asymmetric,1,pancreas_012,OAKG,0.43812463509980126
asymmetric,1,pancreas_012,OAKG-Union,0.08390718937927714
asymmetric,1,pancreas_042,OAKG,0.0
asymmetric,1,pancreas_042,OAKG-Union,0.0
asymmetric,1,pancreas_058,OAKG,0.0
asymmetric,1,pancreas_058,OAKG-Union,0.0
asymmetric,1,pancreas_077,OAKG,0.0
asymmetric,1,pancreas_077,OAKG-Union,0.0
asymmetric,1,pancreas_080,OAKG,1.0
asymmetric,1,pancreas_080,OAKG-Union,0.36058579259509693
asymmetric,1,pancreas_081,OAKG,1.0
asymmetric,1,pancreas_081,OAKG-Union,0.36058579259509693
asymmetric,1,pancreas_084,OAKG,1.0
asymmetric,1,pancreas_084,OAKG-Union,0.9363792118010483
asymmetric,1,pancreas_086,OAKG,1.0
asymmetric,1,pancreas_086,OAKG-Union,0.3548044937411435
asymmetric,1,pancreas_089,OAKG,1.0
asymmetric,1,pancreas_089,OAKG-Union,0.36058579259509693
asymmetric,1,pancreas_091,OAKG,0.6916772184127179
asymmetric,1,pancreas_091,OAKG-Union,0.037802888961062625
asymmetric,1,pancreas_092,OAKG,1.0
asymmetric,1,pancreas_092,OAKG-Union,0.26462022272743835
asymmetric,1,pancreas_094,OAKG,1.0
asymmetric,1,pancreas_094,OAKG-Union,0.9363792118010483
asymmetric,1,pancreas_104,OAKG,1.0
asymmetric,1,pancreas_104,OAKG-Union,0.3548044937411435
asymmetric,1,pancreas_110,OAKG,1.0
asymmetric,1,pancreas_110,OAKG-Union,0.9363792118010483
asymmetric,1,pancreas_113,OAKG,1.0
asymmetric,1,pancreas_113,OAKG-Union,0.36058579259509693
asymmetric,1,pancreas_114,OAKG,0.0
asymmetric,1,pancreas_114,OAKG-Union,0.0
asymmetric,1,pancreas_117,OAKG,0.2759216234105718
asymmetric,1,pancreas_117,OAKG-Union,0.02855107900578866
asymmetric,1,pancreas_119,OAKG,0.6402900881481707
asymmetric,1,pancreas_119,OAKG-Union,0.00946488906491272
asymmetric,1,pancreas_120,OAKG,0.0
asymmetric,1,pancreas_120,OAKG-Union,0.0
asymmetric,1,pancreas_124,OAKG,0.6916772184127179
asymmetric,1,pancreas_124,OAKG-Union,0.03836470327000302
asymmetric,1,pancreas_130,OAKG,0.31708532520472715
asymmetric,1,pancreas_130,OAKG-Union,0.2969121068888815
asymmetric,1,pancreas_131,OAKG,0.31708532520472715
asymmetric,1,pancreas_131,OAKG-Union,0.2969121068888815
asymmetric,1,pancreas_159,OAKG,0.6916772184127179
asymmetric,1,pancreas_159,OAKG-Union,0.037802888961062625
asymmetric,1,pancreas_169,OAKG,0.0
asymmetric,1,pancreas_169,OAKG-Union,0.0
asymmetric,1,pancreas_186,OAKG,0.31708532520472715
asymmetric,1,pancreas_186,OAKG-Union,0.2969121068888815
asymmetric,1,pancreas_193,OAKG,1.0
asymmetric,1,pancreas_193,OAKG-Union,0.36058579259509693
asymmetric,1,pancreas_199,OAKG,0.0
asymmetric,1,pancreas_199,OAKG-Union,0.0
asymmetric,1,pancreas_204,OAKG,0.2759216234105718
asymmetric,1,pancreas_204,OAKG-Union,0.02855107900578866
asymmetric,1,pancreas_207,OAKG,0.0
asymmetric,1,pancreas_207,OAKG-Union,0.0
asymmetric,1,pancreas_213,OAKG,0.6402900881481707
asymmetric,1,pancreas_213,OAKG-Union,0.06625422345438904
asymmetric,1,pancreas_214,OAKG,0.6402900881481707
asymmetric,1,pancreas_214,OAKG-Union,0.06625422345438904
asymmetric,1,pancreas_229,OAKG,0.0
asymmetric,1,pancreas_229,OAKG-Union,0.0
asymmetric,1,pancreas_244,OAKG,1.0
asymmetric,1,pancreas_244,OAKG-Union,0.9363792118010483
asymmetric,1,pancreas_246,OAKG,0.6916772184127179
asymmetric,1,pancreas_246,OAKG-Union,0.19055779321819752
asymmetric,1,pancreas_255,OAKG,1.0
asymmetric,1,pancreas_255,OAKG-Union,0.2578753740644927
asymmetric,1,pancreas_258,OAKG,0.6916772184127179
asymmetric,1,pancreas_258,OAKG-Union,0.19055779321819752
asymmetric,1,pancreas_266,OAKG,1.0
asymmetric,1,pancreas_266,OAKG-Union,0.36058579259509693
asymmetric,1,pancreas_269,OAKG,0.31708532520472715
asymmetric,1,pancreas_269,OAKG-Union,0.08390718937927714
asymmetric,1,pancreas_280,OAKG,0.6402900881481707
asymmetric,1,pancreas_280,OAKG-Union,0.06625422345438904
asymmetric,1,pancreas_283,OAKG,1.0
asymmetric,1,pancreas_283,OAKG-Union,0.9363792118010483
asymmetric,1,pancreas_289,OAKG,0.6402900881481707
asymmetric,1,pancreas_289,OAKG-Union,0.00946488906491272
asymmetric,1,pancreas_294,OAKG,1.0
asymmetric,1,pancreas_294,OAKG-Union,0.26462022272743835
asymmetric,1,pancreas_297,OAKG,0.6402900881481707
asymmetric,1,pancreas_297,OAKG-Union,0.06625422345438904
asymmetric,1,pancreas_300,OAKG,0.6402900881481707
asymmetric,1,pancreas_300,OAKG-Union,0.06625422345438904
asymmetric,1,pancreas_303,OAKG,0.6402900881481707
asymmetric,1,pancreas_303,OAKG-Union,0.06625422345438904
asymmetric,1,pancreas_304,OAKG,0.6916772184127179
asymmetric,1,pancreas_304,OAKG-Union,0.03683933915207039
asymmetric,1,pancreas_315,OAKG,0.31708532520472715
asymmetric,1,pancreas_315,OAKG-Union,0.08390718937927714
asymmetric,1,pancreas_328,OAKG,0.0
asymmetric,1,pancreas_328,OAKG-Union,0.0
asymmetric,1,pancreas_329,OAKG,1.0
asymmetric,1,pancreas_329,OAKG-Union,0.26462022272743835
asymmetric,1,pancreas_334,OAKG,0.0
asymmetric,1,pancreas_334,OAKG-Union,0.0
asymmetric,1,pancreas_345,OAKG,1.0
asymmetric,1,pancreas_345,OAKG-Union,0.3548044937411435
asymmetric,1,pancreas_364,OAKG,0.31708532520472715
asymmetric,1,pancreas_364,OAKG-Union,0.2969121068888815
asymmetric,1,pancreas_366,OAKG,0.0
asymmetric,1,pancreas_366,OAKG-Union,0.0
asymmetric,1,pancreas_372,OAKG,0.6916772184127179
asymmetric,1,pancreas_372,OAKG-Union,0.19055779321819752
asymmetric,1,pancreas_377,OAKG,1.0
asymmetric,1,pancreas_377,OAKG-Union,0.36827183291672383
asymmetric,1,pancreas_386,OAKG,0.0
asymmetric,1,pancreas_386,OAKG-Union,0.0
asymmetric,1,pancreas_387,OAKG,0.6916772184127179
asymmetric,1,pancreas_387,OAKG-Union,0.19055779321819752
asymmetric,1,pancreas_391,OAKG,1.0
asymmetric,1,pancreas_391,OAKG-Union,0.9363792118010483
asymmetric,1,pancreas_409,OAKG,0.0
asymmetric,1,pancreas_409,OAKG-Union,0.0
asymmetric,1,LiTs-014,OAKG,0.0
asymmetric,1,LiTs-014,OAKG-Union,0.0
asymmetric,1,LiTs-015,OAKG,0.0
asymmetric,1,LiTs-015,OAKG-Union,0.0
asymmetric,1,LiTs-021,OAKG,1.0
asymmetric,1,LiTs-021,OAKG-Union,1.0
asymmetric,1,LiTs-022,OAKG,1.0
asymmetric,1,LiTs-022,OAKG-Union,1.0
asymmetric,1,LiTs-024,OAKG,0.009088684028421674
asymmetric,1,LiTs-024,OAKG-Union,0.009088684028421674
asymmetric,1,LiTs-041,OAKG,1.0
asymmetric,1,LiTs-041,OAKG-Union,1.0
asymmetric,1,LiTs-044,OAKG,0.6489315753318466
asymmetric,1,LiTs-044,OAKG-Union,0.6489315753318466
asymmetric,1,LiTs-045,OAKG,0.2329726085570736
asymmetric,1,LiTs-045,OAKG-Union,0.2329726085570736
asymmetric,1,LiTs-046,OAKG,0.0
asymmetric,1,LiTs-046,OAKG-Union,0.0
asymmetric,1,LiTs-047,OAKG,1.0
asymmetric,1,LiTs-047,OAKG-Union,1.0
asymmetric,1,LiTs-059,OAKG,1.0
asymmetric,1,LiTs-059,OAKG-Union,1.0
asymmetric,1,LiTs-066,OAKG,1.0
asymmetric,1,LiTs-066,OAKG-Union,1.0
asymmetric,1,LiTs-067,OAKG,0.013541194909935826
asymmetric,1,LiTs-067,OAKG-Union,0.013541194909935826
asymmetric,1,LiTs-076,OAKG,0.5933607200949346
asymmetric,1,LiTs-076,OAKG-Union,0.5933607200949346
asymmetric,1,LiTs-082,OAKG,0.13886244387355454
asymmetric,1,LiTs-082,OAKG-Union,0.2200917662980802
asymmetric,1,LiTs-083,OAKG,0.14285714285714285
asymmetric,1,LiTs-083,OAKG-Union,0.14285714285714285
asymmetric,1,LiTs-086,OAKG,0.14876390584057272
asymmetric,1,LiTs-086,OAKG-Union,0.314880130667631
asymmetric,1,LiTs-087,OAKG,0.07839826897867534
asymmetric,1,LiTs-087,OAKG-Union,0.29802729812225165
asymmetric,1,LiTs-089,OAKG,0.0
asymmetric,1,LiTs-089,OAKG-Union,0.0
asymmetric,1,LiTs-102,OAKG,0.3670742981900367
asymmetric,1,LiTs-102,OAKG-Union,0.5473983622993501
asymmetric,1,LiTs-104,OAKG,1.0
asymmetric,1,LiTs-104,OAKG-Union,1.0
asymmetric,1,LiTs-105,OAKG,0.9337457765456111
asymmetric,1,LiTs-105,OAKG-Union,0.7728378251807521
asymmetric,1,LiTs-111,OAKG,0.20744158496521578
asymmetric,1,LiTs-111,OAKG-Union,0.35459765152630157
asymmetric,1,LiTs-128,OAKG,0.15691817494387428
asymmetric,1,LiTs-128,OAKG-Union,0.5803013296579812
asymmetric,1,LiTs-130,OAKG,0.1356854453911663
asymmetric,1,LiTs-130,OAKG-Union,1.0
asymmetric,1,FLARE22_Tr_0006,OAKG,0.3024038304938509
asymmetric,1,FLARE22_Tr_0006,OAKG-Union,0.40002324830925196
asymmetric,1,FLARE22_Tr_0010,OAKG,0.08908476254922293
asymmetric,1,FLARE22_Tr_0010,OAKG-Union,0.15773989762748994
asymmetric,1,FLARE22_Tr_0011,OAKG,0.03144168089972574
asymmetric,1,FLARE22_Tr_0011,OAKG-Union,0.03144168089972574
asymmetric,1,FLARE22_Tr_0014,OAKG,0.01572084044986287
asymmetric,1,FLARE22_Tr_0014,OAKG-Union,0.01572084044986287
asymmetric,1,FLARE22_Tr_0018,OAKG,0.14239070782958732
asymmetric,1,FLARE22_Tr_0018,OAKG-Union,0.29106738468167115
asymmetric,1,FLARE22_Tr_0021,OAKG,0.35079128821926453
asymmetric,1,FLARE22_Tr_0021,OAKG-Union,0.46794137569213035
asymmetric,1,FLARE22_Tr_0025,OAKG,0.0
asymmetric,1,FLARE22_Tr_0025,OAKG-Union,0.06943122193677727
asymmetric,1,FLARE22_Tr_0028,OAKG,0.47223634002126197
asymmetric,1,FLARE22_Tr_0028,OAKG-Union,0.4761507819969704
asymmetric,1,FLARE22_Tr_0031,OAKG,0.15139734109601005
asymmetric,1,FLARE22_Tr_0031,OAKG-Union,0.15457433957839828
asymmetric,1,FLARE22_Tr_0036,OAKG,0.3348619098701505
asymmetric,1,FLARE22_Tr_0036,OAKG-Union,0.3726190042491968
asymmetric,1,FLARE22_Tr_0038,OAKG,0.5801476231864474
asymmetric,1,FLARE22_Tr_0038,OAKG-Union,0.6835381846158709
asymmetric,1,FLARE22_Tr_0043,OAKG,0.0
asymmetric,1,FLARE22_Tr_0043,OAKG-Union,0.08245260612778173
asymmetric,1,FLARE22_Tr_0045,OAKG,0.43584482098591654
asymmetric,1,FLARE22_Tr_0045,OAKG-Union,0.530618780022238
asymmetric,1,FLARE22_Tr_0050,OAKG,0.17085389318283584
asymmetric,1,FLARE22_Tr_0050,OAKG-Union,0.18954428443415675
asymmetric,1,FLARETs_0003,OAKG,0.13886244387355454
asymmetric,1,FLARETs_0003,OAKG-Union,0.14832733293846728
asymmetric,1,FLARETs_0006,OAKG,0.5492902584961094
asymmetric,1,FLARETs_0006,OAKG-Union,0.5492902584961094
asymmetric,1,FLARETs_0021,OAKG,0.039406736310266616
asymmetric,1,FLARETs_0021,OAKG-Union,0.04385924719178077
asymmetric,1,FLARETs_0023,OAKG,0.34970689377545056
asymmetric,1,FLARETs_0023,OAKG-Union,0.29849003527675555
asymmetric,1,FLARETs_0024,OAKG,0.7103832077248687
asymmetric,1,FLARETs_0024,OAKG-Union,0.7129165838480307
asymmetric,1,FLARETs_0033,OAKG,0.0
asymmetric,1,FLARETs_0033,OAKG-Union,0.0
asymmetric,1,FLARETs_0034,OAKG,0.18516013496585287
asymmetric,1,FLARETs_0034,OAKG-Union,0.27215399537392876
asymmetric,1,FLARETs_0035,OAKG,0.0
asymmetric,1,FLARETs_0035,OAKG-Union,0.0
asymmetric,1,FLARETs_0036,OAKG,0.4762692995728842
asymmetric,1,FLARETs_0036,OAKG-Union,0.48947013593529726
asymmetric,1,FLARETs_0039,OAKG,0.17396691937929834
asymmetric,1,FLARETs_0039,OAKG-Union,0.18572848639947806
asymmetric,1,FLARETs_0044,OAKG,0.18749985931466848
asymmetric,1,FLARETs_0044,OAKG-Union,0.23485624491127208
asymmetric,1,FLARETs_0050,OAKG,0.14285714285714285
asymmetric,1,FLARETs_0050,OAKG-Union,0.16299381436924254
