stratum,family,query_id,query_source,method,metric,value,n_candidates,n_graded_relevant,n_binary_relevant
same-source,primary,Q0000,msd_pancreas,MissingnessIndicators,ndcg@10,1.0,280,280,280
same-source,primary,Q0000,msd_pancreas,MissingnessIndicators,precision@10,1.0,280,280,280
same-source,primary,Q0000,msd_pancreas,MissingnessIndicators,recall@10,0.03571428571428571,280,280,280
same-source,primary,Q0000,msd_pancreas,MissingnessIndicators,map,1.0,280,280,280
same-source,primary,Q0000,msd_pancreas,OAKG,ndcg@10,1.0,280,280,280
same-source,primary,Q0000,msd_pancreas,OAKG,precision@10,1.0,280,280,280
same-source,primary,Q0000,msd_pancreas,OAKG,recall@10,0.03571428571428571,280,280,280
same-source,primary,Q0000,msd_pancreas,OAKG,map,1.0,280,280,280
same-source,primary,Q0000,msd_pancreas,OAKG-Union,ndcg@10,1.0,280,280,280
same-source,primary,Q0000,msd_pancreas,OAKG-Union,precision@10,1.0,280,280,280
same-source,primary,Q0000,msd_pancreas,OAKG-Union,recall@10,0.03571428571428571,280,280,280
same-source,primary,Q0000,msd_pancreas,OAKG-Union,map,1.0,280,280,280
same-source,primary,Q0000,msd_pancreas,WL,ndcg@10,1.0,280,280,280
same-source,primary,Q0000,msd_pancreas,WL,precision@10,1.0,280,280,280
same-source,primary,Q0000,msd_pancreas,WL,recall@10,0.03571428571428571,280,280,280
same-source,primary,Q0000,msd_pancreas,WL,map,1.0,280,280,280
same-source,primary,Q0000,msd_pancreas,ZeroImputation,ndcg@10,1.0,280,280,280
same-source,primary,Q0000,msd_pancreas,ZeroImputation,precision@10,1.0,280,280,280
same-source,primary,Q0000,msd_pancreas,ZeroImputation,recall@10,0.03571428571428571,280,280,280
same-source,primary,Q0000,msd_pancreas,ZeroImputation,map,1.0,280,280,280
same-source,primary,Q0001,msd_pancreas,MissingnessIndicators,ndcg@10,0.3170853252047272,280,131,2
same-source,primary,Q0001,msd_pancreas,MissingnessIndicators,precision@10,0.0,280,131,2
same-source,primary,Q0001,msd_pancreas,MissingnessIndicators,recall@10,0.0,280,131,2
same-source,primary,Q0001,msd_pancreas,MissingnessIndicators,map,0.026866151866151863,280,131,2
same-source,primary,Q0001,msd_pancreas,OAKG,ndcg@10,0.21306158485698998,280,131,2
same-source,primary,Q0001,msd_pancreas,OAKG,precision@10,0.0,280,131,2
same-source,primary,Q0001,msd_pancreas,OAKG,recall@10,0.0,280,131,2
same-source,primary,Q0001,msd_pancreas,OAKG,map,0.009852455833818677,280,131,2
same-source,primary,Q0001,msd_pancreas,OAKG-Union,ndcg@10,0.21306158485698998,280,131,2
same-source,primary,Q0001,msd_pancreas,OAKG-Union,precision@10,0.0,280,131,2
same-source,primary,Q0001,msd_pancreas,OAKG-Union,recall@10,0.0,280,131,2
same-source,primary,Q0001,msd_pancreas,OAKG-Union,map,0.009852455833818677,280,131,2
same-source,primary,Q0001,msd_pancreas,WL,ndcg@10,0.3170853252047272,280,131,2
same-source,primary,Q0001,msd_pancreas,WL,precision@10,0.0,280,131,2
same-source,primary,Q0001,msd_pancreas,WL,recall@10,0.0,280,131,2
same-source,primary,Q0001,msd_pancreas,WL,map,0.005562696076398966,280,131,2
same-source,primary,Q0001,msd_pancreas,ZeroImputation,ndcg@10,0.3170853252047272,280,131,2
same-source,primary,Q0001,msd_pancreas,ZeroImputation,precision@10,0.0,280,131,2
same-source,primary,Q0001,msd_pancreas,ZeroImputation,recall@10,0.0,280,131,2
same-source,primary,Q0001,msd_pancreas,ZeroImputation,map,0.02216690374585111,280,131,2
same-source,primary,Q0002,msd_pancreas,MissingnessIndicators,ndcg@10,0.0,280,2,2
same-source,primary,Q0002,msd_pancreas,MissingnessIndicators,precision@10,0.0,280,2,2
same-source,primary,Q0002,msd_pancreas,MissingnessIndicators,recall@10,0.0,280,2,2
same-source,primary,Q0002,msd_pancreas,MissingnessIndicators,map,0.033121356650768416,280,2,2
same-source,primary,Q0002,msd_pancreas,OAKG,ndcg@10,0.0,280,2,2
same-source,primary,Q0002,msd_pancreas,OAKG,precision@10,0.0,280,2,2
same-source,primary,Q0002,msd_pancreas,OAKG,recall@10,0.0,280,2,2
same-source,primary,Q0002,msd_pancreas,OAKG,map,0.009877085162423178,280,2,2
same-source,primary,Q0002,msd_pancreas,OAKG-Union,ndcg@10,0.0,280,2,2
same-source,primary,Q0002,msd_pancreas,OAKG-Union,precision@10,0.0,280,2,2
same-source,primary,Q0002,msd_pancreas,OAKG-Union,recall@10,0.0,280,2,2
same-source,primary,Q0002,msd_pancreas,OAKG-Union,map,0.009877085162423178,280,2,2
same-source,primary,Q0002,msd_pancreas,WL,ndcg@10,0.0,280,2,2
same-source,primary,Q0002,msd_pancreas,WL,precision@10,0.0,280,2,2
same-source,primary,Q0002,msd_pancreas,WL,recall@10,0.0,280,2,2
same-source,primary,Q0002,msd_pancreas,WL,map,0.005562696076398966,280,2,2
same-source,primary,Q0002,msd_pancreas,ZeroImputation,ndcg@10,0.0,280,2,2
same-source,primary,Q0002,msd_pancreas,ZeroImputation,precision@10,0.0,280,2,2
same-source,primary,Q0002,msd_pancreas,ZeroImputation,recall@10,0.0,280,2,2
same-source,primary,Q0002,msd_pancreas,ZeroImputation,map,0.03207070707070707,280,2,2
same-source,primary,Q0003,msd_pancreas,MissingnessIndicators,ndcg@10,0.0,280,2,1
same-source,primary,Q0003,msd_pancreas,MissingnessIndicators,precision@10,0.0,280,2,1
same-source,primary,Q0003,msd_pancreas,MissingnessIndicators,recall@10,0.0,280,2,1
same-source,primary,Q0003,msd_pancreas,MissingnessIndicators,map,0.029411764705882353,280,2,1
same-source,primary,Q0003,msd_pancreas,OAKG,ndcg@10,0.0,280,2,1
same-source,primary,Q0003,msd_pancreas,OAKG,precision@10,0.0,280,2,1
same-source,primary,Q0003,msd_pancreas,OAKG,recall@10,0.0,280,2,1
same-source,primary,Q0003,msd_pancreas,OAKG,map,0.01098901098901099,280,2,1
same-source,primary,Q0003,msd_pancreas,OAKG-Union,ndcg@10,0.0,280,2,1
same-source,primary,Q0003,msd_pancreas,OAKG-Union,precision@10,0.0,280,2,1
same-source,primary,Q0003,msd_pancreas,OAKG-Union,recall@10,0.0,280,2,1
same-source,primary,Q0003,msd_pancreas,OAKG-Union,map,0.01098901098901099,280,2,1
same-source,primary,Q0003,msd_pancreas,WL,ndcg@10,0.0,280,2,1
same-source,primary,Q0003,msd_pancreas,WL,precision@10,0.0,280,2,1
same-source,primary,Q0003,msd_pancreas,WL,recall@10,0.0,280,2,1
same-source,primary,Q0003,msd_pancreas,WL,map,0.003745318352059925,280,2,1
same-source,primary,Q0003,msd_pancreas,ZeroImputation,ndcg@10,0.0,280,2,1
same-source,primary,Q0003,msd_pancreas,ZeroImputation,precision@10,0.0,280,2,1
same-source,primary,Q0003,msd_pancreas,ZeroImputation,recall@10,0.0,280,2,1
same-source,primary,Q0003,msd_pancreas,ZeroImputation,map,0.022222222222222223,280,2,1
same-source,primary,Q0004,msd_pancreas,MissingnessIndicators,ndcg@10,0.18457569677956817,280,2,2
same-source,primary,Q0004,msd_pancreas,MissingnessIndicators,precision@10,0.1,280,2,2
same-source,primary,Q0004,msd_pancreas,MissingnessIndicators,recall@10,0.5,280,2,2
same-source,primary,Q0004,msd_pancreas,MissingnessIndicators,map,0.07729468599033816,280,2,2
same-source,primary,Q0004,msd_pancreas,OAKG,ndcg@10,0.0,280,2,2
same-source,primary,Q0004,msd_pancreas,OAKG,precision@10,0.0,280,2,2
same-source,primary,Q0004,msd_pancreas,OAKG,recall@10,0.0,280,2,2
same-source,primary,Q0004,msd_pancreas,OAKG,map,0.02447089947089947,280,2,2
same-source,primary,Q0004,msd_pancreas,OAKG-Union,ndcg@10,0.0,280,2,2
same-source,primary,Q0004,msd_pancreas,OAKG-Union,precision@10,0.0,280,2,2
same-source,primary,Q0004,msd_pancreas,OAKG-Union,recall@10,0.0,280,2,2
same-source,primary,Q0004,msd_pancreas,OAKG-Union,map,0.02447089947089947,280,2,2
same-source,primary,Q0004,msd_pancreas,WL,ndcg@10,0.0,280,2,2
same-source,primary,Q0004,msd_pancreas,WL,precision@10,0.0,280,2,2
same-source,primary,Q0004,msd_pancreas,WL,recall@10,0.0,280,2,2
same-source,primary,Q0004,msd_pancreas,WL,map,0.005562696076398966,280,2,2
same-source,primary,Q0004,msd_pancreas,ZeroImputation,ndcg@10,0.0,280,2,2
same-source,primary,Q0004,msd_pancreas,ZeroImputation,precision@10,0.0,280,2,2
same-source,primary,Q0004,msd_pancreas,ZeroImputation,recall@10,0.0,280,2,2
same-source,primary,Q0004,msd_pancreas,ZeroImputation,map,0.06294326241134751,280,2,2
same-source,primary,Q0005,msd_pancreas,MissingnessIndicators,ndcg@10,1.0,280,280,131
same-source,primary,Q0005,msd_pancreas,MissingnessIndicators,precision@10,1.0,280,280,131
same-source,primary,Q0005,msd_pancreas,MissingnessIndicators,recall@10,0.07633587786259542,280,280,131
same-source,primary,Q0005,msd_pancreas,MissingnessIndicators,map,0.8559740824023147,280,280,131
same-source,primary,Q0005,msd_pancreas,OAKG,ndcg@10,0.5668339904824009,280,280,131
same-source,primary,Q0005,msd_pancreas,OAKG,precision@10,0.4,280,280,131
same-source,primary,Q0005,msd_pancreas,OAKG,recall@10,0.030534351145038167,280,280,131
same-source,primary,Q0005,msd_pancreas,OAKG,map,0.4589307977834549,280,280,131
same-source,primary,Q0005,msd_pancreas,OAKG-Union,ndcg@10,0.5668339904824009,280,280,131
same-source,primary,Q0005,msd_pancreas,OAKG-Union,precision@10,0.4,280,280,131
same-source,primary,Q0005,msd_pancreas,OAKG-Union,recall@10,0.030534351145038167,280,280,131
same-source,primary,Q0005,msd_pancreas,OAKG-Union,map,0.4589307977834549,280,280,131
same-source,primary,Q0005,msd_pancreas,WL,ndcg@10,1.0,280,280,131
same-source,primary,Q0005,msd_pancreas,WL,precision@10,1.0,280,280,131
same-source,primary,Q0005,msd_pancreas,WL,recall@10,0.07633587786259542,280,280,131
same-source,primary,Q0005,msd_pancreas,WL,map,0.6150030210276011,280,280,131
same-source,primary,Q0005,msd_pancreas,ZeroImputation,ndcg@10,1.0,280,280,131
same-source,primary,Q0005,msd_pancreas,ZeroImputation,precision@10,1.0,280,280,131
same-source,primary,Q0005,msd_pancreas,ZeroImputation,recall@10,0.07633587786259542,280,280,131
same-source,primary,Q0005,msd_pancreas,ZeroImputation,map,0.8412361578401114,280,280,131
same-source,primary,Q0006,msd_pancreas,MissingnessIndicators,ndcg@10,0.4785855021832139,280,280,132
same-source,primary,Q0006,msd_pancreas,MissingnessIndicators,precision@10,0.5,280,280,132
same-source,primary,Q0006,msd_pancreas,MissingnessIndicators,recall@10,0.03787878787878788,280,280,132
same-source,primary,Q0006,msd_pancreas,MissingnessIndicators,map,0.572999589059723,280,280,132
same-source,primary,Q0006,msd_pancreas,OAKG,ndcg@10,0.34254795019177736,280,280,132
same-source,primary,Q0006,msd_pancreas,OAKG,precision@10,0.3,280,280,132
same-source,primary,Q0006,msd_pancreas,OAKG,recall@10,0.022727272727272728,280,280,132
same-source,primary,Q0006,msd_pancreas,OAKG,map,0.4035119892720129,280,280,132
same-source,primary,Q0006,msd_pancreas,OAKG-Union,ndcg@10,0.34254795019177736,280,280,132
same-source,primary,Q0006,msd_pancreas,OAKG-Union,precision@10,0.3,280,280,132
same-source,primary,Q0006,msd_pancreas,OAKG-Union,recall@10,0.022727272727272728,280,280,132
same-source,primary,Q0006,msd_pancreas,OAKG-Union,map,0.4035119892720129,280,280,132
same-source,primary,Q0006,msd_pancreas,WL,ndcg@10,1.0,280,280,132
same-source,primary,Q0006,msd_pancreas,WL,precision@10,1.0,280,280,132
same-source,primary,Q0006,msd_pancreas,WL,recall@10,0.07575757575757576,280,280,132
same-source,primary,Q0006,msd_pancreas,WL,map,0.6192257683440769,280,280,132
same-source,primary,Q0006,msd_pancreas,ZeroImputation,ndcg@10,0.5564617857891865,280,280,132
same-source,primary,Q0006,msd_pancreas,ZeroImputation,precision@10,0.6,280,280,132
same-source,primary,Q0006,msd_pancreas,ZeroImputation,recall@10,0.045454545454545456,280,280,132
same-source,primary,Q0006,msd_pancreas,ZeroImputation,map,0.5963569427475518,280,280,132
same-source,primary,Q0007,msd_pancreas,MissingnessIndicators,ndcg@10,1.0,280,280,280
same-source,primary,Q0007,msd_pancreas,MissingnessIndicators,precision@10,1.0,280,280,280
same-source,primary,Q0007,msd_pancreas,MissingnessIndicators,recall@10,0.03571428571428571,280,280,280
same-source,primary,Q0007,msd_pancreas,MissingnessIndicators,map,1.0,280,280,280
same-source,primary,Q0007,msd_pancreas,OAKG,ndcg@10,1.0,280,280,280
same-source,primary,Q0007,msd_pancreas,OAKG,precision@10,1.0,280,280,280
same-source,primary,Q0007,msd_pancreas,OAKG,recall@10,0.03571428571428571,280,280,280
same-source,primary,Q0007,msd_pancreas,OAKG,map,1.0,280,280,280
same-source,primary,Q0007,msd_pancreas,OAKG-Union,ndcg@10,1.0,280,280,280
same-source,primary,Q0007,msd_pancreas,OAKG-Union,precision@10,1.0,280,280,280
same-source,primary,Q0007,msd_pancreas,OAKG-Union,recall@10,0.03571428571428571,280,280,280
same-source,primary,Q0007,msd_pancreas,OAKG-Union,map,1.0,280,280,280
same-source,primary,Q0007,msd_pancreas,WL,ndcg@10,1.0,280,280,280
same-source,primary,Q0007,msd_pancreas,WL,precision@10,1.0,280,280,280
same-source,primary,Q0007,msd_pancreas,WL,recall@10,0.03571428571428571,280,280,280
same-source,primary,Q0007,msd_pancreas,WL,map,1.0,280,280,280
same-source,primary,Q0007,msd_pancreas,ZeroImputation,ndcg@10,1.0,280,280,280
same-source,primary,Q0007,msd_pancreas,ZeroImputation,precision@10,1.0,280,280,280
same-source,primary,Q0007,msd_pancreas,ZeroImputation,recall@10,0.03571428571428571,280,280,280
same-source,primary,Q0007,msd_pancreas,ZeroImputation,map,1.0,280,280,280
same-source,primary,Q0008,msd_pancreas,MissingnessIndicators,ndcg@10,0.14285714285714285,280,280,132
same-source,primary,Q0008,msd_pancreas,MissingnessIndicators,precision@10,0.0,280,280,132
same-source,primary,Q0008,msd_pancreas,MissingnessIndicators,recall@10,0.0,280,280,132
same-source,primary,Q0008,msd_pancreas,MissingnessIndicators,map,0.30976806079937047,280,280,132
same-source,primary,Q0008,msd_pancreas,OAKG,ndcg@10,0.851554314272949,280,280,132
same-source,primary,Q0008,msd_pancreas,OAKG,precision@10,0.8,280,280,132
same-source,primary,Q0008,msd_pancreas,OAKG,recall@10,0.06060606060606061,280,280,132
same-source,primary,Q0008,msd_pancreas,OAKG,map,0.5987946820834158,280,280,132
same-source,primary,Q0008,msd_pancreas,OAKG-Union,ndcg@10,0.851554314272949,280,280,132
same-source,primary,Q0008,msd_pancreas,OAKG-Union,precision@10,0.8,280,280,132
same-source,primary,Q0008,msd_pancreas,OAKG-Union,recall@10,0.06060606060606061,280,280,132
same-source,primary,Q0008,msd_pancreas,OAKG-Union,map,0.5987946820834158,280,280,132
same-source,primary,Q0008,msd_pancreas,WL,ndcg@10,1.0,280,280,132
same-source,primary,Q0008,msd_pancreas,WL,precision@10,1.0,280,280,132
same-source,primary,Q0008,msd_pancreas,WL,recall@10,0.07575757575757576,280,280,132
same-source,primary,Q0008,msd_pancreas,WL,map,0.6191016412379202,280,280,132
same-source,primary,Q0008,msd_pancreas,ZeroImputation,ndcg@10,0.14285714285714285,280,280,132
same-source,primary,Q0008,msd_pancreas,ZeroImputation,precision@10,0.0,280,280,132
same-source,primary,Q0008,msd_pancreas,ZeroImputation,recall@10,0.0,280,280,132
same-source,primary,Q0008,msd_pancreas,ZeroImputation,map,0.30212283805435586,280,280,132
same-source,primary,Q0009,msd_pancreas,MissingnessIndicators,ndcg@10,0.7325293623813309,280,280,132
same-source,primary,Q0009,msd_pancreas,MissingnessIndicators,precision@10,0.7,280,280,132
same-source,primary,Q0009,msd_pancreas,MissingnessIndicators,recall@10,0.05303030303030303,280,280,132
same-source,primary,Q0009,msd_pancreas,MissingnessIndicators,map,0.43024294979212174,280,280,132
same-source,primary,Q0009,msd_pancreas,OAKG,ndcg@10,0.7221746306981014,280,280,132
same-source,primary,Q0009,msd_pancreas,OAKG,precision@10,0.6,280,280,132
same-source,primary,Q0009,msd_pancreas,OAKG,recall@10,0.045454545454545456,280,280,132
same-source,primary,Q0009,msd_pancreas,OAKG,map,0.48628830284979535,280,280,132
same-source,primary,Q0009,msd_pancreas,OAKG-Union,ndcg@10,0.7221746306981014,280,280,132
same-source,primary,Q0009,msd_pancreas,OAKG-Union,precision@10,0.6,280,280,132
same-source,primary,Q0009,msd_pancreas,OAKG-Union,recall@10,0.045454545454545456,280,280,132
same-source,primary,Q0009,msd_pancreas,OAKG-Union,map,0.48628830284979535,280,280,132
same-source,primary,Q0009,msd_pancreas,WL,ndcg@10,1.0,280,280,132
same-source,primary,Q0009,msd_pancreas,WL,precision@10,1.0,280,280,132
same-source,primary,Q0009,msd_pancreas,WL,recall@10,0.07575757575757576,280,280,132
same-source,primary,Q0009,msd_pancreas,WL,map,0.6188786960132405,280,280,132
same-source,primary,Q0009,msd_pancreas,ZeroImputation,ndcg@10,0.6753285668491982,280,280,132
same-source,primary,Q0009,msd_pancreas,ZeroImputation,precision@10,0.6,280,280,132
same-source,primary,Q0009,msd_pancreas,ZeroImputation,recall@10,0.045454545454545456,280,280,132
same-source,primary,Q0009,msd_pancreas,ZeroImputation,map,0.4273645426798933,280,280,132
same-source,primary,Q0010,msd_pancreas,MissingnessIndicators,ndcg@10,0.8836981896647146,280,131,68
same-source,primary,Q0010,msd_pancreas,MissingnessIndicators,precision@10,0.8,280,131,68
same-source,primary,Q0010,msd_pancreas,MissingnessIndicators,recall@10,0.11764705882352941,280,131,68
same-source,primary,Q0010,msd_pancreas,MissingnessIndicators,map,0.4454386991715561,280,131,68
same-source,primary,Q0010,msd_pancreas,OAKG,ndcg@10,1.0,280,131,68
same-source,primary,Q0010,msd_pancreas,OAKG,precision@10,1.0,280,131,68
same-source,primary,Q0010,msd_pancreas,OAKG,recall@10,0.14705882352941177,280,131,68
same-source,primary,Q0010,msd_pancreas,OAKG,map,0.5719102679701071,280,131,68
same-source,primary,Q0010,msd_pancreas,OAKG-Union,ndcg@10,1.0,280,131,68
same-source,primary,Q0010,msd_pancreas,OAKG-Union,precision@10,1.0,280,131,68
same-source,primary,Q0010,msd_pancreas,OAKG-Union,recall@10,0.14705882352941177,280,131,68
same-source,primary,Q0010,msd_pancreas,OAKG-Union,map,0.5719102679701071,280,131,68
same-source,primary,Q0010,msd_pancreas,WL,ndcg@10,0.6916772184127177,280,131,68
same-source,primary,Q0010,msd_pancreas,WL,precision@10,0.7,280,131,68
same-source,primary,Q0010,msd_pancreas,WL,recall@10,0.10294117647058823,280,131,68
same-source,primary,Q0010,msd_pancreas,WL,map,0.47150229164415725,280,131,68
same-source,primary,Q0010,msd_pancreas,ZeroImputation,ndcg@10,0.820814827865263,280,131,68
same-source,primary,Q0010,msd_pancreas,ZeroImputation,precision@10,0.7,280,131,68
same-source,primary,Q0010,msd_pancreas,ZeroImputation,recall@10,0.10294117647058823,280,131,68
same-source,primary,Q0010,msd_pancreas,ZeroImputation,map,0.4033908042188228,280,131,68
same-source,primary,Q0011,msd_pancreas,MissingnessIndicators,ndcg@10,0.13568544539116628,280,132,132
same-source,primary,Q0011,msd_pancreas,MissingnessIndicators,precision@10,0.2,280,132,132
same-source,primary,Q0011,msd_pancreas,MissingnessIndicators,recall@10,0.015151515151515152,280,132,132
same-source,primary,Q0011,msd_pancreas,MissingnessIndicators,map,0.3372539196639786,280,132,132
same-source,primary,Q0011,msd_pancreas,OAKG,ndcg@10,0.21819512777734998,280,132,132
same-source,primary,Q0011,msd_pancreas,OAKG,precision@10,0.3,280,132,132
same-source,primary,Q0011,msd_pancreas,OAKG,recall@10,0.022727272727272728,280,132,132
same-source,primary,Q0011,msd_pancreas,OAKG,map,0.48719834153443464,280,132,132
same-source,primary,Q0011,msd_pancreas,OAKG-Union,ndcg@10,0.21819512777734998,280,132,132
same-source,primary,Q0011,msd_pancreas,OAKG-Union,precision@10,0.3,280,132,132
same-source,primary,Q0011,msd_pancreas,OAKG-Union,recall@10,0.022727272727272728,280,132,132
same-source,primary,Q0011,msd_pancreas,OAKG-Union,map,0.48719834153443464,280,132,132
same-source,primary,Q0011,msd_pancreas,WL,ndcg@10,1.0,280,132,132
same-source,primary,Q0011,msd_pancreas,WL,precision@10,1.0,280,132,132
same-source,primary,Q0011,msd_pancreas,WL,recall@10,0.07575757575757576,280,132,132
same-source,primary,Q0011,msd_pancreas,WL,map,0.6187735630509648,280,132,132
same-source,primary,Q0011,msd_pancreas,ZeroImputation,ndcg@10,0.19930623359011798,280,132,132
same-source,primary,Q0011,msd_pancreas,ZeroImputation,precision@10,0.3,280,132,132
same-source,primary,Q0011,msd_pancreas,ZeroImputation,recall@10,0.022727272727272728,280,132,132
same-source,primary,Q0011,msd_pancreas,ZeroImputation,map,0.33416107563409597,280,132,132
same-source,primary,Q0012,msd_pancreas,MissingnessIndicators,ndcg@10,1.0,280,280,280
same-source,primary,Q0012,msd_pancreas,MissingnessIndicators,precision@10,1.0,280,280,280
same-source,primary,Q0012,msd_pancreas,MissingnessIndicators,recall@10,0.03571428571428571,280,280,280
same-source,primary,Q0012,msd_pancreas,MissingnessIndicators,map,1.0,280,280,280
same-source,primary,Q0012,msd_pancreas,OAKG,ndcg@10,1.0,280,280,280
same-source,primary,Q0012,msd_pancreas,OAKG,precision@10,1.0,280,280,280
same-source,primary,Q0012,msd_pancreas,OAKG,recall@10,0.03571428571428571,280,280,280
same-source,primary,Q0012,msd_pancreas,OAKG,map,1.0,280,280,280
same-source,primary,Q0012,msd_pancreas,OAKG-Union,ndcg@10,1.0,280,280,280
same-source,primary,Q0012,msd_pancreas,OAKG-Union,precision@10,1.0,280,280,280
same-source,primary,Q0012,msd_pancreas,OAKG-Union,recall@10,0.03571428571428571,280,280,280
same-source,primary,Q0012,msd_pancreas,OAKG-Union,map,1.0,280,280,280
same-source,primary,Q0012,msd_pancreas,WL,ndcg@10,1.0,280,280,280
same-source,primary,Q0012,msd_pancreas,WL,precision@10,1.0,280,280,280
same-source,primary,Q0012,msd_pancreas,WL,recall@10,0.03571428571428571,280,280,280
same-source,primary,Q0012,msd_pancreas,WL,map,1.0,280,280,280
same-source,primary,Q0012,msd_pancreas,ZeroImputation,ndcg@10,1.0,280,280,280
same-source,primary,Q0012,msd_pancreas,ZeroImputation,precision@10,1.0,280,280,280
same-source,primary,Q0012,msd_pancreas,ZeroImputation,recall@10,0.03571428571428571,280,280,280
same-source,primary,Q0012,msd_pancreas,ZeroImputation,map,1.0,280,280,280
same-source,primary,Q0013,msd_pancreas,MissingnessIndicators,ndcg@10,0.14285714285714285,280,280,132
same-source,primary,Q0013,msd_pancreas,MissingnessIndicators,precision@10,0.0,280,280,132
same-source,primary,Q0013,msd_pancreas,MissingnessIndicators,recall@10,0.0,280,280,132
same-source,primary,Q0013,msd_pancreas,MissingnessIndicators,map,0.29938194314260913,280,280,132
same-source,primary,Q0013,msd_pancreas,OAKG,ndcg@10,0.14285714285714285,280,280,132
same-source,primary,Q0013,msd_pancreas,OAKG,precision@10,0.0,280,280,132
same-source,primary,Q0013,msd_pancreas,OAKG,recall@10,0.0,280,280,132
same-source,primary,Q0013,msd_pancreas,OAKG,map,0.40131244335848415,280,280,132
same-source,primary,Q0013,msd_pancreas,OAKG-Union,ndcg@10,0.14285714285714285,280,280,132
same-source,primary,Q0013,msd_pancreas,OAKG-Union,precision@10,0.0,280,280,132
same-source,primary,Q0013,msd_pancreas,OAKG-Union,recall@10,0.0,280,280,132
same-source,primary,Q0013,msd_pancreas,OAKG-Union,map,0.40131244335848415,280,280,132
same-source,primary,Q0013,msd_pancreas,WL,ndcg@10,0.8113499146016455,280,280,132
same-source,primary,Q0013,msd_pancreas,WL,precision@10,0.9,280,280,132
same-source,primary,Q0013,msd_pancreas,WL,recall@10,0.06818181818181818,280,280,132
same-source,primary,Q0013,msd_pancreas,WL,map,0.5944768921980814,280,280,132
same-source,primary,Q0013,msd_pancreas,ZeroImputation,ndcg@10,0.14285714285714285,280,280,132
same-source,primary,Q0013,msd_pancreas,ZeroImputation,precision@10,0.0,280,280,132
same-source,primary,Q0013,msd_pancreas,ZeroImputation,recall@10,0.0,280,280,132
same-source,primary,Q0013,msd_pancreas,ZeroImputation,map,0.29802631859220335,280,280,132
same-source,primary,Q0014,msd_pancreas,MissingnessIndicators,ndcg@10,1.0,280,280,280
same-source,primary,Q0014,msd_pancreas,MissingnessIndicators,precision@10,1.0,280,280,280
same-source,primary,Q0014,msd_pancreas,MissingnessIndicators,recall@10,0.03571428571428571,280,280,280
same-source,primary,Q0014,msd_pancreas,MissingnessIndicators,map,1.0,280,280,280
same-source,primary,Q0014,msd_pancreas,OAKG,ndcg@10,1.0,280,280,280
same-source,primary,Q0014,msd_pancreas,OAKG,precision@10,1.0,280,280,280
same-source,primary,Q0014,msd_pancreas,OAKG,recall@10,0.03571428571428571,280,280,280
same-source,primary,Q0014,msd_pancreas,OAKG,map,1.0,280,280,280
same-source,primary,Q0014,msd_pancreas,OAKG-Union,ndcg@10,1.0,280,280,280
same-source,primary,Q0014,msd_pancreas,OAKG-Union,precision@10,1.0,280,280,280
same-source,primary,Q0014,msd_pancreas,OAKG-Union,recall@10,0.03571428571428571,280,280,280
same-source,primary,Q0014,msd_pancreas,OAKG-Union,map,1.0,280,280,280
same-source,primary,Q0014,msd_pancreas,WL,ndcg@10,1.0,280,280,280
same-source,primary,Q0014,msd_pancreas,WL,precision@10,1.0,280,280,280
same-source,primary,Q0014,msd_pancreas,WL,recall@10,0.03571428571428571,280,280,280
same-source,primary,Q0014,msd_pancreas,WL,map,1.0,280,280,280
same-source,primary,Q0014,msd_pancreas,ZeroImputation,ndcg@10,1.0,280,280,280
same-source,primary,Q0014,msd_pancreas,ZeroImputation,precision@10,1.0,280,280,280
same-source,primary,Q0014,msd_pancreas,ZeroImputation,recall@10,0.03571428571428571,280,280,280
same-source,primary,Q0014,msd_pancreas,ZeroImputation,map,1.0,280,280,280
same-source,primary,Q0015,msd_pancreas,MissingnessIndicators,ndcg@10,1.0,280,280,131
same-source,primary,Q0015,msd_pancreas,MissingnessIndicators,precision@10,1.0,280,280,131
same-source,primary,Q0015,msd_pancreas,MissingnessIndicators,recall@10,0.07633587786259542,280,280,131
same-source,primary,Q0015,msd_pancreas,MissingnessIndicators,map,0.8466907020970914,280,280,131
same-source,primary,Q0015,msd_pancreas,OAKG,ndcg@10,0.9371166382005486,280,280,131
same-source,primary,Q0015,msd_pancreas,OAKG,precision@10,0.9,280,280,131
same-source,primary,Q0015,msd_pancreas,OAKG,recall@10,0.06870229007633588,280,280,131
same-source,primary,Q0015,msd_pancreas,OAKG,map,0.5934385537895585,280,280,131
same-source,primary,Q0015,msd_pancreas,OAKG-Union,ndcg@10,0.9371166382005486,280,280,131
same-source,primary,Q0015,msd_pancreas,OAKG-Union,precision@10,0.9,280,280,131
same-source,primary,Q0015,msd_pancreas,OAKG-Union,recall@10,0.06870229007633588,280,280,131
same-source,primary,Q0015,msd_pancreas,OAKG-Union,map,0.5934385537895585,280,280,131
same-source,primary,Q0015,msd_pancreas,WL,ndcg@10,1.0,280,280,131
same-source,primary,Q0015,msd_pancreas,WL,precision@10,1.0,280,280,131
same-source,primary,Q0015,msd_pancreas,WL,recall@10,0.07633587786259542,280,280,131
same-source,primary,Q0015,msd_pancreas,WL,map,0.6131715904736166,280,280,131
same-source,primary,Q0015,msd_pancreas,ZeroImputation,ndcg@10,1.0,280,280,131
same-source,primary,Q0015,msd_pancreas,ZeroImputation,precision@10,1.0,280,280,131
same-source,primary,Q0015,msd_pancreas,ZeroImputation,recall@10,0.07633587786259542,280,280,131
same-source,primary,Q0015,msd_pancreas,ZeroImputation,map,0.8279360479409279,280,280,131
same-source,primary,Q0016,msd_pancreas,MissingnessIndicators,ndcg@10,0.0,280,2,1
same-source,primary,Q0016,msd_pancreas,MissingnessIndicators,precision@10,0.0,280,2,1
same-source,primary,Q0016,msd_pancreas,MissingnessIndicators,recall@10,0.0,280,2,1
same-source,primary,Q0016,msd_pancreas,MissingnessIndicators,map,0.00546448087431694,280,2,1
same-source,primary,Q0016,msd_pancreas,OAKG,ndcg@10,0.0,280,2,1
same-source,primary,Q0016,msd_pancreas,OAKG,precision@10,0.0,280,2,1
same-source,primary,Q0016,msd_pancreas,OAKG,recall@10,0.0,280,2,1
same-source,primary,Q0016,msd_pancreas,OAKG,map,0.012195121951219513,280,2,1
same-source,primary,Q0016,msd_pancreas,OAKG-Union,ndcg@10,0.0,280,2,1
same-source,primary,Q0016,msd_pancreas,OAKG-Union,precision@10,0.0,280,2,1
same-source,primary,Q0016,msd_pancreas,OAKG-Union,recall@10,0.0,280,2,1
same-source,primary,Q0016,msd_pancreas,OAKG-Union,map,0.012195121951219513,280,2,1
same-source,primary,Q0016,msd_pancreas,WL,ndcg@10,0.0,280,2,1
same-source,primary,Q0016,msd_pancreas,WL,precision@10,0.0,280,2,1
same-source,primary,Q0016,msd_pancreas,WL,recall@10,0.0,280,2,1
same-source,primary,Q0016,msd_pancreas,WL,map,0.003745318352059925,280,2,1
same-source,primary,Q0016,msd_pancreas,ZeroImputation,ndcg@10,0.0,280,2,1
same-source,primary,Q0016,msd_pancreas,ZeroImputation,precision@10,0.0,280,2,1
same-source,primary,Q0016,msd_pancreas,ZeroImputation,recall@10,0.0,280,2,1
same-source,primary,Q0016,msd_pancreas,ZeroImputation,map,0.005154639175257732,280,2,1
same-source,primary,Q0017,msd_pancreas,MissingnessIndicators,ndcg@10,0.4309322110679313,280,120,1
same-source,primary,Q0017,msd_pancreas,MissingnessIndicators,precision@10,0.0,280,120,1
same-source,primary,Q0017,msd_pancreas,MissingnessIndicators,recall@10,0.0,280,120,1
same-source,primary,Q0017,msd_pancreas,MissingnessIndicators,map,0.0053475935828877,280,120,1
same-source,primary,Q0017,msd_pancreas,OAKG,ndcg@10,0.4309322110679313,280,120,1
same-source,primary,Q0017,msd_pancreas,OAKG,precision@10,0.0,280,120,1
same-source,primary,Q0017,msd_pancreas,OAKG,recall@10,0.0,280,120,1
same-source,primary,Q0017,msd_pancreas,OAKG,map,0.010416666666666666,280,120,1
same-source,primary,Q0017,msd_pancreas,OAKG-Union,ndcg@10,0.4309322110679313,280,120,1
same-source,primary,Q0017,msd_pancreas,OAKG-Union,precision@10,0.0,280,120,1
same-source,primary,Q0017,msd_pancreas,OAKG-Union,recall@10,0.0,280,120,1
same-source,primary,Q0017,msd_pancreas,OAKG-Union,map,0.010416666666666666,280,120,1
same-source,primary,Q0017,msd_pancreas,WL,ndcg@10,0.27592162341057186,280,120,1
same-source,primary,Q0017,msd_pancreas,WL,precision@10,0.0,280,120,1
same-source,primary,Q0017,msd_pancreas,WL,recall@10,0.0,280,120,1
same-source,primary,Q0017,msd_pancreas,WL,map,0.003745318352059925,280,120,1
same-source,primary,Q0017,msd_pancreas,ZeroImputation,ndcg@10,0.4309322110679313,280,120,1
same-source,primary,Q0017,msd_pancreas,ZeroImputation,precision@10,0.0,280,120,1
same-source,primary,Q0017,msd_pancreas,ZeroImputation,recall@10,0.0,280,120,1
same-source,primary,Q0017,msd_pancreas,ZeroImputation,map,0.005076142131979695,280,120,1
same-source,primary,Q0018,msd_pancreas,MissingnessIndicators,ndcg@10,0.800693766409882,280,120,68
same-source,primary,Q0018,msd_pancreas,MissingnessIndicators,precision@10,0.7,280,120,68
same-source,primary,Q0018,msd_pancreas,MissingnessIndicators,recall@10,0.10294117647058823,280,120,68
same-source,primary,Q0018,msd_pancreas,MissingnessIndicators,map,0.4375957702101251,280,120,68
same-source,primary,Q0018,msd_pancreas,OAKG,ndcg@10,0.94546789582947,280,120,68
same-source,primary,Q0018,msd_pancreas,OAKG,precision@10,0.9,280,120,68
same-source,primary,Q0018,msd_pancreas,OAKG,recall@10,0.1323529411764706,280,120,68
same-source,primary,Q0018,msd_pancreas,OAKG,map,0.5451336386514294,280,120,68
same-source,primary,Q0018,msd_pancreas,OAKG-Union,ndcg@10,0.94546789582947,280,120,68
same-source,primary,Q0018,msd_pancreas,OAKG-Union,precision@10,0.9,280,120,68
same-source,primary,Q0018,msd_pancreas,OAKG-Union,recall@10,0.1323529411764706,280,120,68
same-source,primary,Q0018,msd_pancreas,OAKG-Union,map,0.5451336386514294,280,120,68
same-source,primary,Q0018,msd_pancreas,WL,ndcg@10,0.6402900881481707,280,120,68
same-source,primary,Q0018,msd_pancreas,WL,precision@10,0.7,280,120,68
same-source,primary,Q0018,msd_pancreas,WL,recall@10,0.10294117647058823,280,120,68
same-source,primary,Q0018,msd_pancreas,WL,map,0.4730908316950449,280,120,68
same-source,primary,Q0018,msd_pancreas,ZeroImputation,ndcg@10,0.7155506487682609,280,120,68
same-source,primary,Q0018,msd_pancreas,ZeroImputation,precision@10,0.6,280,120,68
same-source,primary,Q0018,msd_pancreas,ZeroImputation,recall@10,0.08823529411764706,280,120,68
same-source,primary,Q0018,msd_pancreas,ZeroImputation,map,0.3975068443793352,280,120,68
same-source,primary,Q0019,msd_pancreas,MissingnessIndicators,ndcg@10,0.0,280,2,1
same-source,primary,Q0019,msd_pancreas,MissingnessIndicators,precision@10,0.0,280,2,1
same-source,primary,Q0019,msd_pancreas,MissingnessIndicators,recall@10,0.0,280,2,1
same-source,primary,Q0019,msd_pancreas,MissingnessIndicators,map,0.005,280,2,1
same-source,primary,Q0019,msd_pancreas,OAKG,ndcg@10,0.0,280,2,1
same-source,primary,Q0019,msd_pancreas,OAKG,precision@10,0.0,280,2,1
same-source,primary,Q0019,msd_pancreas,OAKG,recall@10,0.0,280,2,1
same-source,primary,Q0019,msd_pancreas,OAKG,map,0.006134969325153374,280,2,1
same-source,primary,Q0019,msd_pancreas,OAKG-Union,ndcg@10,0.0,280,2,1
same-source,primary,Q0019,msd_pancreas,OAKG-Union,precision@10,0.0,280,2,1
same-source,primary,Q0019,msd_pancreas,OAKG-Union,recall@10,0.0,280,2,1
same-source,primary,Q0019,msd_pancreas,OAKG-Union,map,0.006134969325153374,280,2,1
same-source,primary,Q0019,msd_pancreas,WL,ndcg@10,0.0,280,2,1
same-source,primary,Q0019,msd_pancreas,WL,precision@10,0.0,280,2,1
same-source,primary,Q0019,msd_pancreas,WL,recall@10,0.0,280,2,1
same-source,primary,Q0019,msd_pancreas,WL,map,0.003745318352059925,280,2,1
same-source,primary,Q0019,msd_pancreas,ZeroImputation,ndcg@10,0.0,280,2,1
same-source,primary,Q0019,msd_pancreas,ZeroImputation,precision@10,0.0,280,2,1
same-source,primary,Q0019,msd_pancreas,ZeroImputation,recall@10,0.0,280,2,1
same-source,primary,Q0019,msd_pancreas,ZeroImputation,map,0.005025125628140704,280,2,1
same-source,primary,Q0020,msd_pancreas,MissingnessIndicators,ndcg@10,0.5367422483720246,280,131,68
same-source,primary,Q0020,msd_pancreas,MissingnessIndicators,precision@10,0.4,280,131,68
same-source,primary,Q0020,msd_pancreas,MissingnessIndicators,recall@10,0.058823529411764705,280,131,68
same-source,primary,Q0020,msd_pancreas,MissingnessIndicators,map,0.38673915140375975,280,131,68
same-source,primary,Q0020,msd_pancreas,OAKG,ndcg@10,0.9363792118010483,280,131,68
same-source,primary,Q0020,msd_pancreas,OAKG,precision@10,0.9,280,131,68
same-source,primary,Q0020,msd_pancreas,OAKG,recall@10,0.1323529411764706,280,131,68
same-source,primary,Q0020,msd_pancreas,OAKG,map,0.5626928903094358,280,131,68
same-source,primary,Q0020,msd_pancreas,OAKG-Union,ndcg@10,0.9363792118010483,280,131,68
same-source,primary,Q0020,msd_pancreas,OAKG-Union,precision@10,0.9,280,131,68
same-source,primary,Q0020,msd_pancreas,OAKG-Union,recall@10,0.1323529411764706,280,131,68
same-source,primary,Q0020,msd_pancreas,OAKG-Union,map,0.5626928903094358,280,131,68
same-source,primary,Q0020,msd_pancreas,WL,ndcg@10,0.6916772184127177,280,131,68
same-source,primary,Q0020,msd_pancreas,WL,precision@10,0.7,280,131,68
same-source,primary,Q0020,msd_pancreas,WL,recall@10,0.10294117647058823,280,131,68
same-source,primary,Q0020,msd_pancreas,WL,map,0.4732840396088411,280,131,68
same-source,primary,Q0020,msd_pancreas,ZeroImputation,ndcg@10,0.42107197809505964,280,131,68
same-source,primary,Q0020,msd_pancreas,ZeroImputation,precision@10,0.4,280,131,68
same-source,primary,Q0020,msd_pancreas,ZeroImputation,recall@10,0.058823529411764705,280,131,68
same-source,primary,Q0020,msd_pancreas,ZeroImputation,map,0.3673402938327039,280,131,68
same-source,primary,Q0021,msd_pancreas,MissingnessIndicators,ndcg@10,0.3170853252047272,280,280,2
same-source,primary,Q0021,msd_pancreas,MissingnessIndicators,precision@10,0.0,280,280,2
same-source,primary,Q0021,msd_pancreas,MissingnessIndicators,recall@10,0.0,280,280,2
same-source,primary,Q0021,msd_pancreas,MissingnessIndicators,map,0.007156883620791634,280,280,2
same-source,primary,Q0021,msd_pancreas,OAKG,ndcg@10,0.3170853252047272,280,280,2
same-source,primary,Q0021,msd_pancreas,OAKG,precision@10,0.0,280,280,2
same-source,primary,Q0021,msd_pancreas,OAKG,recall@10,0.0,280,280,2
same-source,primary,Q0021,msd_pancreas,OAKG,map,0.02399211218229623,280,280,2
same-source,primary,Q0021,msd_pancreas,OAKG-Union,ndcg@10,0.3170853252047272,280,280,2
same-source,primary,Q0021,msd_pancreas,OAKG-Union,precision@10,0.0,280,280,2
same-source,primary,Q0021,msd_pancreas,OAKG-Union,recall@10,0.0,280,280,2
same-source,primary,Q0021,msd_pancreas,OAKG-Union,map,0.02399211218229623,280,280,2
same-source,primary,Q0021,msd_pancreas,WL,ndcg@10,0.3170853252047272,280,280,2
same-source,primary,Q0021,msd_pancreas,WL,precision@10,0.0,280,280,2
same-source,primary,Q0021,msd_pancreas,WL,recall@10,0.0,280,280,2
same-source,primary,Q0021,msd_pancreas,WL,map,0.005562696076398966,280,280,2
same-source,primary,Q0021,msd_pancreas,ZeroImputation,ndcg@10,0.3170853252047272,280,280,2
same-source,primary,Q0021,msd_pancreas,ZeroImputation,precision@10,0.0,280,280,2
same-source,primary,Q0021,msd_pancreas,ZeroImputation,recall@10,0.0,280,280,2
same-source,primary,Q0021,msd_pancreas,ZeroImputation,map,0.007083525611444393,280,280,2
same-source,primary,Q0022,msd_pancreas,MissingnessIndicators,ndcg@10,0.3170853252047272,280,280,2
same-source,primary,Q0022,msd_pancreas,MissingnessIndicators,precision@10,0.0,280,280,2
same-source,primary,Q0022,msd_pancreas,MissingnessIndicators,recall@10,0.0,280,280,2
same-source,primary,Q0022,msd_pancreas,MissingnessIndicators,map,0.007289858666005455,280,280,2
same-source,primary,Q0022,msd_pancreas,OAKG,ndcg@10,0.3170853252047272,280,280,2
same-source,primary,Q0022,msd_pancreas,OAKG,precision@10,0.0,280,280,2
same-source,primary,Q0022,msd_pancreas,OAKG,recall@10,0.0,280,280,2
same-source,primary,Q0022,msd_pancreas,OAKG,map,0.009249786871270246,280,280,2
same-source,primary,Q0022,msd_pancreas,OAKG-Union,ndcg@10,0.3170853252047272,280,280,2
same-source,primary,Q0022,msd_pancreas,OAKG-Union,precision@10,0.0,280,280,2
same-source,primary,Q0022,msd_pancreas,OAKG-Union,recall@10,0.0,280,280,2
same-source,primary,Q0022,msd_pancreas,OAKG-Union,map,0.009249786871270246,280,280,2
same-source,primary,Q0022,msd_pancreas,WL,ndcg@10,0.3170853252047272,280,280,2
same-source,primary,Q0022,msd_pancreas,WL,precision@10,0.0,280,280,2
same-source,primary,Q0022,msd_pancreas,WL,recall@10,0.0,280,280,2
same-source,primary,Q0022,msd_pancreas,WL,map,0.005562696076398966,280,280,2
same-source,primary,Q0022,msd_pancreas,ZeroImputation,ndcg@10,0.3170853252047272,280,280,2
same-source,primary,Q0022,msd_pancreas,ZeroImputation,precision@10,0.0,280,280,2
same-source,primary,Q0022,msd_pancreas,ZeroImputation,recall@10,0.0,280,280,2
same-source,primary,Q0022,msd_pancreas,ZeroImputation,map,0.00707590728599132,280,280,2
same-source,primary,Q0023,msd_pancreas,MissingnessIndicators,ndcg@10,0.2916633893544165,280,131,69
same-source,primary,Q0023,msd_pancreas,MissingnessIndicators,precision@10,0.3,280,131,69
same-source,primary,Q0023,msd_pancreas,MissingnessIndicators,recall@10,0.043478260869565216,280,131,69
same-source,primary,Q0023,msd_pancreas,MissingnessIndicators,map,0.3345473678483545,280,131,69
same-source,primary,Q0023,msd_pancreas,OAKG,ndcg@10,0.1509086328040494,280,131,69
same-source,primary,Q0023,msd_pancreas,OAKG,precision@10,0.1,280,131,69
same-source,primary,Q0023,msd_pancreas,OAKG,recall@10,0.014492753623188406,280,131,69
same-source,primary,Q0023,msd_pancreas,OAKG,map,0.21147560208233152,280,131,69
same-source,primary,Q0023,msd_pancreas,OAKG-Union,ndcg@10,0.1509086328040494,280,131,69
same-source,primary,Q0023,msd_pancreas,OAKG-Union,precision@10,0.1,280,131,69
same-source,primary,Q0023,msd_pancreas,OAKG-Union,recall@10,0.014492753623188406,280,131,69
same-source,primary,Q0023,msd_pancreas,OAKG-Union,map,0.21147560208233152,280,131,69
same-source,primary,Q0023,msd_pancreas,WL,ndcg@10,0.6916772184127177,280,131,69
same-source,primary,Q0023,msd_pancreas,WL,precision@10,0.7,280,131,69
same-source,primary,Q0023,msd_pancreas,WL,recall@10,0.10144927536231885,280,131,69
same-source,primary,Q0023,msd_pancreas,WL,map,0.4761344677437059,280,131,69
same-source,primary,Q0023,msd_pancreas,ZeroImputation,ndcg@10,0.27321001229597497,280,131,69
same-source,primary,Q0023,msd_pancreas,ZeroImputation,precision@10,0.3,280,131,69
same-source,primary,Q0023,msd_pancreas,ZeroImputation,recall@10,0.043478260869565216,280,131,69
same-source,primary,Q0023,msd_pancreas,ZeroImputation,map,0.33206921618778823,280,131,69
same-source,primary,Q0024,msd_pancreas,MissingnessIndicators,ndcg@10,0.0,280,2,2
same-source,primary,Q0024,msd_pancreas,MissingnessIndicators,precision@10,0.0,280,2,2
same-source,primary,Q0024,msd_pancreas,MissingnessIndicators,recall@10,0.0,280,2,2
same-source,primary,Q0024,msd_pancreas,MissingnessIndicators,map,0.007223917604424947,280,2,2
same-source,primary,Q0024,msd_pancreas,OAKG,ndcg@10,0.0,280,2,2
same-source,primary,Q0024,msd_pancreas,OAKG,precision@10,0.0,280,2,2
same-source,primary,Q0024,msd_pancreas,OAKG,recall@10,0.0,280,2,2
same-source,primary,Q0024,msd_pancreas,OAKG,map,0.012384969325153376,280,2,2
same-source,primary,Q0024,msd_pancreas,OAKG-Union,ndcg@10,0.0,280,2,2
same-source,primary,Q0024,msd_pancreas,OAKG-Union,precision@10,0.0,280,2,2
same-source,primary,Q0024,msd_pancreas,OAKG-Union,recall@10,0.0,280,2,2
same-source,primary,Q0024,msd_pancreas,OAKG-Union,map,0.012384969325153376,280,2,2
same-source,primary,Q0024,msd_pancreas,WL,ndcg@10,0.0,280,2,2
same-source,primary,Q0024,msd_pancreas,WL,precision@10,0.0,280,2,2
same-source,primary,Q0024,msd_pancreas,WL,recall@10,0.0,280,2,2
same-source,primary,Q0024,msd_pancreas,WL,map,0.005562696076398966,280,2,2
same-source,primary,Q0024,msd_pancreas,ZeroImputation,ndcg@10,0.0,280,2,2
same-source,primary,Q0024,msd_pancreas,ZeroImputation,precision@10,0.0,280,2,2
same-source,primary,Q0024,msd_pancreas,ZeroImputation,recall@10,0.0,280,2,2
same-source,primary,Q0024,msd_pancreas,ZeroImputation,map,0.007050210150494871,280,2,2
same-source,primary,Q0025,msd_pancreas,MissingnessIndicators,ndcg@10,0.3170853252047272,280,280,2
same-source,primary,Q0025,msd_pancreas,MissingnessIndicators,precision@10,0.0,280,280,2
same-source,primary,Q0025,msd_pancreas,MissingnessIndicators,recall@10,0.0,280,280,2
same-source,primary,Q0025,msd_pancreas,MissingnessIndicators,map,0.012857142857142857,280,280,2
same-source,primary,Q0025,msd_pancreas,OAKG,ndcg@10,0.3170853252047272,280,280,2
same-source,primary,Q0025,msd_pancreas,OAKG,precision@10,0.0,280,280,2
same-source,primary,Q0025,msd_pancreas,OAKG,recall@10,0.0,280,280,2
same-source,primary,Q0025,msd_pancreas,OAKG,map,0.014949803579223046,280,280,2
same-source,primary,Q0025,msd_pancreas,OAKG-Union,ndcg@10,0.3170853252047272,280,280,2
same-source,primary,Q0025,msd_pancreas,OAKG-Union,precision@10,0.0,280,280,2
same-source,primary,Q0025,msd_pancreas,OAKG-Union,recall@10,0.0,280,280,2
same-source,primary,Q0025,msd_pancreas,OAKG-Union,map,0.014949803579223046,280,280,2
same-source,primary,Q0025,msd_pancreas,WL,ndcg@10,0.3170853252047272,280,280,2
same-source,primary,Q0025,msd_pancreas,WL,precision@10,0.0,280,280,2
same-source,primary,Q0025,msd_pancreas,WL,recall@10,0.0,280,280,2
same-source,primary,Q0025,msd_pancreas,WL,map,0.005562696076398966,280,280,2
same-source,primary,Q0025,msd_pancreas,ZeroImputation,ndcg@10,0.3170853252047272,280,280,2
same-source,primary,Q0025,msd_pancreas,ZeroImputation,precision@10,0.0,280,280,2
same-source,primary,Q0025,msd_pancreas,ZeroImputation,recall@10,0.0,280,280,2
same-source,primary,Q0025,msd_pancreas,ZeroImputation,map,0.012191528545119706,280,280,2
same-source,primary,Q0026,msd_pancreas,MissingnessIndicators,ndcg@10,0.8230720580842094,280,280,131
same-source,primary,Q0026,msd_pancreas,MissingnessIndicators,precision@10,0.7,280,280,131
same-source,primary,Q0026,msd_pancreas,MissingnessIndicators,recall@10,0.05343511450381679,280,280,131
same-source,primary,Q0026,msd_pancreas,MissingnessIndicators,map,0.6363700376261602,280,280,131
same-source,primary,Q0026,msd_pancreas,OAKG,ndcg@10,0.6371613184811769,280,280,131
same-source,primary,Q0026,msd_pancreas,OAKG,precision@10,0.5,280,280,131
same-source,primary,Q0026,msd_pancreas,OAKG,recall@10,0.03816793893129771,280,280,131
same-source,primary,Q0026,msd_pancreas,OAKG,map,0.43282922603261514,280,280,131
same-source,primary,Q0026,msd_pancreas,OAKG-Union,ndcg@10,0.6371613184811769,280,280,131
same-source,primary,Q0026,msd_pancreas,OAKG-Union,precision@10,0.5,280,280,131
same-source,primary,Q0026,msd_pancreas,OAKG-Union,recall@10,0.03816793893129771,280,280,131
same-source,primary,Q0026,msd_pancreas,OAKG-Union,map,0.43282922603261514,280,280,131
same-source,primary,Q0026,msd_pancreas,WL,ndcg@10,1.0,280,280,131
same-source,primary,Q0026,msd_pancreas,WL,precision@10,1.0,280,280,131
same-source,primary,Q0026,msd_pancreas,WL,recall@10,0.07633587786259542,280,280,131
same-source,primary,Q0026,msd_pancreas,WL,map,0.6141135591491904,280,280,131
same-source,primary,Q0026,msd_pancreas,ZeroImputation,ndcg@10,0.7862605394731865,280,280,131
same-source,primary,Q0026,msd_pancreas,ZeroImputation,precision@10,0.7,280,280,131
same-source,primary,Q0026,msd_pancreas,ZeroImputation,recall@10,0.05343511450381679,280,280,131
same-source,primary,Q0026,msd_pancreas,ZeroImputation,map,0.6304072763120075,280,280,131
same-source,primary,Q0027,msd_pancreas,MissingnessIndicators,ndcg@10,0.0,280,2,2
same-source,primary,Q0027,msd_pancreas,MissingnessIndicators,precision@10,0.0,280,2,2
same-source,primary,Q0027,msd_pancreas,MissingnessIndicators,recall@10,0.0,280,2,2
same-source,primary,Q0027,msd_pancreas,MissingnessIndicators,map,0.05148883374689826,280,2,2
same-source,primary,Q0027,msd_pancreas,OAKG,ndcg@10,0.0,280,2,2
same-source,primary,Q0027,msd_pancreas,OAKG,precision@10,0.0,280,2,2
same-source,primary,Q0027,msd_pancreas,OAKG,recall@10,0.0,280,2,2
same-source,primary,Q0027,msd_pancreas,OAKG,map,0.018502331002331,280,2,2
same-source,primary,Q0027,msd_pancreas,OAKG-Union,ndcg@10,0.0,280,2,2
same-source,primary,Q0027,msd_pancreas,OAKG-Union,precision@10,0.0,280,2,2
same-source,primary,Q0027,msd_pancreas,OAKG-Union,recall@10,0.0,280,2,2
same-source,primary,Q0027,msd_pancreas,OAKG-Union,map,0.018502331002331,280,2,2
same-source,primary,Q0027,msd_pancreas,WL,ndcg@10,0.0,280,2,2
same-source,primary,Q0027,msd_pancreas,WL,precision@10,0.0,280,2,2
same-source,primary,Q0027,msd_pancreas,WL,recall@10,0.0,280,2,2
same-source,primary,Q0027,msd_pancreas,WL,map,0.005562696076398966,280,2,2
same-source,primary,Q0027,msd_pancreas,ZeroImputation,ndcg@10,0.0,280,2,2
same-source,primary,Q0027,msd_pancreas,ZeroImputation,precision@10,0.0,280,2,2
same-source,primary,Q0027,msd_pancreas,ZeroImputation,recall@10,0.0,280,2,2
same-source,primary,Q0027,msd_pancreas,ZeroImputation,map,0.04857142857142857,280,2,2
same-source,primary,Q0028,msd_pancreas,MissingnessIndicators,ndcg@10,0.0,280,121,1
same-source,primary,Q0028,msd_pancreas,MissingnessIndicators,precision@10,0.0,280,121,1
same-source,primary,Q0028,msd_pancreas,MissingnessIndicators,recall@10,0.0,280,121,1
same-source,primary,Q0028,msd_pancreas,MissingnessIndicators,map,0.013513513513513514,280,121,1
same-source,primary,Q0028,msd_pancreas,OAKG,ndcg@10,0.0,280,121,1
same-source,primary,Q0028,msd_pancreas,OAKG,precision@10,0.0,280,121,1
same-source,primary,Q0028,msd_pancreas,OAKG,recall@10,0.0,280,121,1
same-source,primary,Q0028,msd_pancreas,OAKG,map,0.006172839506172839,280,121,1
same-source,primary,Q0028,msd_pancreas,OAKG-Union,ndcg@10,0.0,280,121,1
same-source,primary,Q0028,msd_pancreas,OAKG-Union,precision@10,0.0,280,121,1
same-source,primary,Q0028,msd_pancreas,OAKG-Union,recall@10,0.0,280,121,1
same-source,primary,Q0028,msd_pancreas,OAKG-Union,map,0.006172839506172839,280,121,1
same-source,primary,Q0028,msd_pancreas,WL,ndcg@10,0.27592162341057186,280,121,1
same-source,primary,Q0028,msd_pancreas,WL,precision@10,0.0,280,121,1
same-source,primary,Q0028,msd_pancreas,WL,recall@10,0.0,280,121,1
same-source,primary,Q0028,msd_pancreas,WL,map,0.003745318352059925,280,121,1
same-source,primary,Q0028,msd_pancreas,ZeroImputation,ndcg@10,0.0,280,121,1
same-source,primary,Q0028,msd_pancreas,ZeroImputation,precision@10,0.0,280,121,1
same-source,primary,Q0028,msd_pancreas,ZeroImputation,recall@10,0.0,280,121,1
same-source,primary,Q0028,msd_pancreas,ZeroImputation,map,0.014492753623188406,280,121,1
same-source,primary,Q0029,msd_pancreas,MissingnessIndicators,ndcg@10,0.0,280,2,2
same-source,primary,Q0029,msd_pancreas,MissingnessIndicators,precision@10,0.0,280,2,2
same-source,primary,Q0029,msd_pancreas,MissingnessIndicators,recall@10,0.0,280,2,2
same-source,primary,Q0029,msd_pancreas,MissingnessIndicators,map,0.007197788993030521,280,2,2
same-source,primary,Q0029,msd_pancreas,OAKG,ndcg@10,0.0,280,2,2
same-source,primary,Q0029,msd_pancreas,OAKG,precision@10,0.0,280,2,2
same-source,primary,Q0029,msd_pancreas,OAKG,recall@10,0.0,280,2,2
same-source,primary,Q0029,msd_pancreas,OAKG,map,0.013276980874316939,280,2,2
same-source,primary,Q0029,msd_pancreas,OAKG-Union,ndcg@10,0.0,280,2,2
same-source,primary,Q0029,msd_pancreas,OAKG-Union,precision@10,0.0,280,2,2
same-source,primary,Q0029,msd_pancreas,OAKG-Union,recall@10,0.0,280,2,2
same-source,primary,Q0029,msd_pancreas,OAKG-Union,map,0.013276980874316939,280,2,2
same-source,primary,Q0029,msd_pancreas,WL,ndcg@10,0.0,280,2,2
same-source,primary,Q0029,msd_pancreas,WL,precision@10,0.0,280,2,2
same-source,primary,Q0029,msd_pancreas,WL,recall@10,0.0,280,2,2
same-source,primary,Q0029,msd_pancreas,WL,map,0.005562696076398966,280,2,2
same-source,primary,Q0029,msd_pancreas,ZeroImputation,ndcg@10,0.0,280,2,2
same-source,primary,Q0029,msd_pancreas,ZeroImputation,precision@10,0.0,280,2,2
same-source,primary,Q0029,msd_pancreas,ZeroImputation,recall@10,0.0,280,2,2
same-source,primary,Q0029,msd_pancreas,ZeroImputation,map,0.007062957943817902,280,2,2
same-source,primary,Q0030,msd_pancreas,MissingnessIndicators,ndcg@10,0.49639329739530086,280,121,121
same-source,primary,Q0030,msd_pancreas,MissingnessIndicators,precision@10,0.6,280,121,121
same-source,primary,Q0030,msd_pancreas,MissingnessIndicators,recall@10,0.049586776859504134,280,121,121
same-source,primary,Q0030,msd_pancreas,MissingnessIndicators,map,0.40285223275709797,280,121,121
same-source,primary,Q0030,msd_pancreas,OAKG,ndcg@10,0.0,280,121,121
same-source,primary,Q0030,msd_pancreas,OAKG,precision@10,0.0,280,121,121
same-source,primary,Q0030,msd_pancreas,OAKG,recall@10,0.0,280,121,121
same-source,primary,Q0030,msd_pancreas,OAKG,map,0.2668450725925354,280,121,121
same-source,primary,Q0030,msd_pancreas,OAKG-Union,ndcg@10,0.0,280,121,121
same-source,primary,Q0030,msd_pancreas,OAKG-Union,precision@10,0.0,280,121,121
same-source,primary,Q0030,msd_pancreas,OAKG-Union,recall@10,0.0,280,121,121
same-source,primary,Q0030,msd_pancreas,OAKG-Union,map,0.2668450725925354,280,121,121
same-source,primary,Q0030,msd_pancreas,WL,ndcg@10,0.6402900881481707,280,121,121
same-source,primary,Q0030,msd_pancreas,WL,precision@10,0.7,280,121,121
same-source,primary,Q0030,msd_pancreas,WL,recall@10,0.05785123966942149,280,121,121
same-source,primary,Q0030,msd_pancreas,WL,map,0.627594934434312,280,121,121
same-source,primary,Q0030,msd_pancreas,ZeroImputation,ndcg@10,0.5455017237786199,280,121,121
same-source,primary,Q0030,msd_pancreas,ZeroImputation,precision@10,0.6,280,121,121
same-source,primary,Q0030,msd_pancreas,ZeroImputation,recall@10,0.049586776859504134,280,121,121
same-source,primary,Q0030,msd_pancreas,ZeroImputation,map,0.40698054657786475,280,121,121
same-source,primary,Q0031,msd_pancreas,MissingnessIndicators,ndcg@10,0.6306637463657282,280,121,121
same-source,primary,Q0031,msd_pancreas,MissingnessIndicators,precision@10,0.6,280,121,121
same-source,primary,Q0031,msd_pancreas,MissingnessIndicators,recall@10,0.049586776859504134,280,121,121
same-source,primary,Q0031,msd_pancreas,MissingnessIndicators,map,0.5397053334349652,280,121,121
same-source,primary,Q0031,msd_pancreas,OAKG,ndcg@10,0.0,280,121,121
same-source,primary,Q0031,msd_pancreas,OAKG,precision@10,0.0,280,121,121
same-source,primary,Q0031,msd_pancreas,OAKG,recall@10,0.0,280,121,121
same-source,primary,Q0031,msd_pancreas,OAKG,map,0.3772447243525355,280,121,121
same-source,primary,Q0031,msd_pancreas,OAKG-Union,ndcg@10,0.0,280,121,121
same-source,primary,Q0031,msd_pancreas,OAKG-Union,precision@10,0.0,280,121,121
same-source,primary,Q0031,msd_pancreas,OAKG-Union,recall@10,0.0,280,121,121
same-source,primary,Q0031,msd_pancreas,OAKG-Union,map,0.3772447243525355,280,121,121
same-source,primary,Q0031,msd_pancreas,WL,ndcg@10,0.6402900881481707,280,121,121
same-source,primary,Q0031,msd_pancreas,WL,precision@10,0.7,280,121,121
same-source,primary,Q0031,msd_pancreas,WL,recall@10,0.05785123966942149,280,121,121
same-source,primary,Q0031,msd_pancreas,WL,map,0.627594934434312,280,121,121
same-source,primary,Q0031,msd_pancreas,ZeroImputation,ndcg@10,0.6320787427864671,280,121,121
same-source,primary,Q0031,msd_pancreas,ZeroImputation,precision@10,0.7,280,121,121
same-source,primary,Q0031,msd_pancreas,ZeroImputation,recall@10,0.05785123966942149,280,121,121
same-source,primary,Q0031,msd_pancreas,ZeroImputation,map,0.5313552767264994,280,121,121
same-source,primary,Q0032,msd_pancreas,MissingnessIndicators,ndcg@10,0.0,280,2,1
same-source,primary,Q0032,msd_pancreas,MissingnessIndicators,precision@10,0.0,280,2,1
same-source,primary,Q0032,msd_pancreas,MissingnessIndicators,recall@10,0.0,280,2,1
same-source,primary,Q0032,msd_pancreas,MissingnessIndicators,map,0.02,280,2,1
same-source,primary,Q0032,msd_pancreas,OAKG,ndcg@10,0.0,280,2,1
same-source,primary,Q0032,msd_pancreas,OAKG,precision@10,0.0,280,2,1
same-source,primary,Q0032,msd_pancreas,OAKG,recall@10,0.0,280,2,1
same-source,primary,Q0032,msd_pancreas,OAKG,map,0.006289308176100629,280,2,1
same-source,primary,Q0032,msd_pancreas,OAKG-Union,ndcg@10,0.0,280,2,1
same-source,primary,Q0032,msd_pancreas,OAKG-Union,precision@10,0.0,280,2,1
same-source,primary,Q0032,msd_pancreas,OAKG-Union,recall@10,0.0,280,2,1
same-source,primary,Q0032,msd_pancreas,OAKG-Union,map,0.006289308176100629,280,2,1
same-source,primary,Q0032,msd_pancreas,WL,ndcg@10,0.0,280,2,1
same-source,primary,Q0032,msd_pancreas,WL,precision@10,0.0,280,2,1
same-source,primary,Q0032,msd_pancreas,WL,recall@10,0.0,280,2,1
same-source,primary,Q0032,msd_pancreas,WL,map,0.003745318352059925,280,2,1
same-source,primary,Q0032,msd_pancreas,ZeroImputation,ndcg@10,0.0,280,2,1
same-source,primary,Q0032,msd_pancreas,ZeroImputation,precision@10,0.0,280,2,1
same-source,primary,Q0032,msd_pancreas,ZeroImputation,recall@10,0.0,280,2,1
same-source,primary,Q0032,msd_pancreas,ZeroImputation,map,0.02127659574468085,280,2,1
same-source,primary,Q0033,msd_pancreas,MissingnessIndicators,ndcg@10,1.0,280,280,280
same-source,primary,Q0033,msd_pancreas,MissingnessIndicators,precision@10,1.0,280,280,280
same-source,primary,Q0033,msd_pancreas,MissingnessIndicators,recall@10,0.03571428571428571,280,280,280
same-source,primary,Q0033,msd_pancreas,MissingnessIndicators,map,1.0,280,280,280
same-source,primary,Q0033,msd_pancreas,OAKG,ndcg@10,1.0,280,280,280
same-source,primary,Q0033,msd_pancreas,OAKG,precision@10,1.0,280,280,280
same-source,primary,Q0033,msd_pancreas,OAKG,recall@10,0.03571428571428571,280,280,280
same-source,primary,Q0033,msd_pancreas,OAKG,map,1.0,280,280,280
same-source,primary,Q0033,msd_pancreas,OAKG-Union,ndcg@10,1.0,280,280,280
same-source,primary,Q0033,msd_pancreas,OAKG-Union,precision@10,1.0,280,280,280
same-source,primary,Q0033,msd_pancreas,OAKG-Union,recall@10,0.03571428571428571,280,280,280
same-source,primary,Q0033,msd_pancreas,OAKG-Union,map,1.0,280,280,280
same-source,primary,Q0033,msd_pancreas,WL,ndcg@10,1.0,280,280,280
same-source,primary,Q0033,msd_pancreas,WL,precision@10,1.0,280,280,280
same-source,primary,Q0033,msd_pancreas,WL,recall@10,0.03571428571428571,280,280,280
same-source,primary,Q0033,msd_pancreas,WL,map,1.0,280,280,280
same-source,primary,Q0033,msd_pancreas,ZeroImputation,ndcg@10,1.0,280,280,280
same-source,primary,Q0033,msd_pancreas,ZeroImputation,precision@10,1.0,280,280,280
same-source,primary,Q0033,msd_pancreas,ZeroImputation,recall@10,0.03571428571428571,280,280,280
same-source,primary,Q0033,msd_pancreas,ZeroImputation,map,1.0,280,280,280
same-source,primary,Q0034,msd_pancreas,MissingnessIndicators,ndcg@10,0.7484827570411833,280,280,120
same-source,primary,Q0034,msd_pancreas,MissingnessIndicators,precision@10,0.7,280,280,120
same-source,primary,Q0034,msd_pancreas,MissingnessIndicators,recall@10,0.058333333333333334,280,280,120
same-source,primary,Q0034,msd_pancreas,MissingnessIndicators,map,0.5621272710061143,280,280,120
same-source,primary,Q0034,msd_pancreas,OAKG,ndcg@10,1.0,280,280,120
same-source,primary,Q0034,msd_pancreas,OAKG,precision@10,1.0,280,280,120
same-source,primary,Q0034,msd_pancreas,OAKG,recall@10,0.08333333333333333,280,280,120
same-source,primary,Q0034,msd_pancreas,OAKG,map,0.5646616281363206,280,280,120
same-source,primary,Q0034,msd_pancreas,OAKG-Union,ndcg@10,1.0,280,280,120
same-source,primary,Q0034,msd_pancreas,OAKG-Union,precision@10,1.0,280,280,120
same-source,primary,Q0034,msd_pancreas,OAKG-Union,recall@10,0.08333333333333333,280,280,120
same-source,primary,Q0034,msd_pancreas,OAKG-Union,map,0.5646616281363206,280,280,120
same-source,primary,Q0034,msd_pancreas,WL,ndcg@10,0.6916772184127177,280,280,120
same-source,primary,Q0034,msd_pancreas,WL,precision@10,0.7,280,280,120
same-source,primary,Q0034,msd_pancreas,WL,recall@10,0.058333333333333334,280,280,120
same-source,primary,Q0034,msd_pancreas,WL,map,0.6266153143814469,280,280,120
same-source,primary,Q0034,msd_pancreas,ZeroImputation,ndcg@10,0.8180916863089303,280,280,120
same-source,primary,Q0034,msd_pancreas,ZeroImputation,precision@10,0.8,280,280,120
same-source,primary,Q0034,msd_pancreas,ZeroImputation,recall@10,0.06666666666666667,280,280,120
same-source,primary,Q0034,msd_pancreas,ZeroImputation,map,0.5493772084575493,280,280,120
same-source,primary,Q0035,msd_pancreas,MissingnessIndicators,ndcg@10,0.13568544539116628,280,132,132
same-source,primary,Q0035,msd_pancreas,MissingnessIndicators,precision@10,0.2,280,132,132
same-source,primary,Q0035,msd_pancreas,MissingnessIndicators,recall@10,0.015151515151515152,280,132,132
same-source,primary,Q0035,msd_pancreas,MissingnessIndicators,map,0.3309894084387303,280,132,132
same-source,primary,Q0035,msd_pancreas,OAKG,ndcg@10,0.4193979998881982,280,132,132
same-source,primary,Q0035,msd_pancreas,OAKG,precision@10,0.4,280,132,132
same-source,primary,Q0035,msd_pancreas,OAKG,recall@10,0.030303030303030304,280,132,132
same-source,primary,Q0035,msd_pancreas,OAKG,map,0.46816301819042955,280,132,132
same-source,primary,Q0035,msd_pancreas,OAKG-Union,ndcg@10,0.4193979998881982,280,132,132
same-source,primary,Q0035,msd_pancreas,OAKG-Union,precision@10,0.4,280,132,132
same-source,primary,Q0035,msd_pancreas,OAKG-Union,recall@10,0.030303030303030304,280,132,132
same-source,primary,Q0035,msd_pancreas,OAKG-Union,map,0.46816301819042955,280,132,132
same-source,primary,Q0035,msd_pancreas,WL,ndcg@10,1.0,280,132,132
same-source,primary,Q0035,msd_pancreas,WL,precision@10,1.0,280,132,132
same-source,primary,Q0035,msd_pancreas,WL,recall@10,0.07575757575757576,280,132,132
same-source,primary,Q0035,msd_pancreas,WL,map,0.6162117765296835,280,132,132
same-source,primary,Q0035,msd_pancreas,ZeroImputation,ndcg@10,0.14465249243306436,280,132,132
same-source,primary,Q0035,msd_pancreas,ZeroImputation,precision@10,0.2,280,132,132
same-source,primary,Q0035,msd_pancreas,ZeroImputation,recall@10,0.015151515151515152,280,132,132
same-source,primary,Q0035,msd_pancreas,ZeroImputation,map,0.3299219935581519,280,132,132
same-source,primary,Q0036,msd_pancreas,MissingnessIndicators,ndcg@10,1.0,280,280,120
same-source,primary,Q0036,msd_pancreas,MissingnessIndicators,precision@10,1.0,280,280,120
same-source,primary,Q0036,msd_pancreas,MissingnessIndicators,recall@10,0.08333333333333333,280,280,120
same-source,primary,Q0036,msd_pancreas,MissingnessIndicators,map,0.6959352657029476,280,280,120
same-source,primary,Q0036,msd_pancreas,OAKG,ndcg@10,1.0,280,280,120
same-source,primary,Q0036,msd_pancreas,OAKG,precision@10,1.0,280,280,120
same-source,primary,Q0036,msd_pancreas,OAKG,recall@10,0.08333333333333333,280,280,120
same-source,primary,Q0036,msd_pancreas,OAKG,map,0.8745289245654863,280,280,120
same-source,primary,Q0036,msd_pancreas,OAKG-Union,ndcg@10,1.0,280,280,120
same-source,primary,Q0036,msd_pancreas,OAKG-Union,precision@10,1.0,280,280,120
same-source,primary,Q0036,msd_pancreas,OAKG-Union,recall@10,0.08333333333333333,280,280,120
same-source,primary,Q0036,msd_pancreas,OAKG-Union,map,0.8745289245654863,280,280,120
same-source,primary,Q0036,msd_pancreas,WL,ndcg@10,0.6916772184127177,280,280,120
same-source,primary,Q0036,msd_pancreas,WL,precision@10,0.7,280,280,120
same-source,primary,Q0036,msd_pancreas,WL,recall@10,0.058333333333333334,280,280,120
same-source,primary,Q0036,msd_pancreas,WL,map,0.6267606663747092,280,280,120
same-source,primary,Q0036,msd_pancreas,ZeroImputation,ndcg@10,1.0,280,280,120
same-source,primary,Q0036,msd_pancreas,ZeroImputation,precision@10,1.0,280,280,120
same-source,primary,Q0036,msd_pancreas,ZeroImputation,recall@10,0.08333333333333333,280,280,120
same-source,primary,Q0036,msd_pancreas,ZeroImputation,map,0.6452354730165342,280,280,120
same-source,primary,Q0037,msd_pancreas,MissingnessIndicators,ndcg@10,1.0,280,280,131
same-source,primary,Q0037,msd_pancreas,MissingnessIndicators,precision@10,1.0,280,280,131
same-source,primary,Q0037,msd_pancreas,MissingnessIndicators,recall@10,0.07633587786259542,280,280,131
same-source,primary,Q0037,msd_pancreas,MissingnessIndicators,map,0.8286657661632988,280,280,131
same-source,primary,Q0037,msd_pancreas,OAKG,ndcg@10,0.6261043923059075,280,280,131
same-source,primary,Q0037,msd_pancreas,OAKG,precision@10,0.4,280,280,131
same-source,primary,Q0037,msd_pancreas,OAKG,recall@10,0.030534351145038167,280,280,131
same-source,primary,Q0037,msd_pancreas,OAKG,map,0.45075002870756964,280,280,131
same-source,primary,Q0037,msd_pancreas,OAKG-Union,ndcg@10,0.6261043923059075,280,280,131
same-source,primary,Q0037,msd_pancreas,OAKG-Union,precision@10,0.4,280,280,131
same-source,primary,Q0037,msd_pancreas,OAKG-Union,recall@10,0.030534351145038167,280,280,131
same-source,primary,Q0037,msd_pancreas,OAKG-Union,map,0.45075002870756964,280,280,131
same-source,primary,Q0037,msd_pancreas,WL,ndcg@10,1.0,280,280,131
same-source,primary,Q0037,msd_pancreas,WL,precision@10,1.0,280,280,131
same-source,primary,Q0037,msd_pancreas,WL,recall@10,0.07633587786259542,280,280,131
same-source,primary,Q0037,msd_pancreas,WL,map,0.6152107634800676,280,280,131
same-source,primary,Q0037,msd_pancreas,ZeroImputation,ndcg@10,1.0,280,280,131
same-source,primary,Q0037,msd_pancreas,ZeroImputation,precision@10,1.0,280,280,131
same-source,primary,Q0037,msd_pancreas,ZeroImputation,recall@10,0.07633587786259542,280,280,131
same-source,primary,Q0037,msd_pancreas,ZeroImputation,map,0.8156248670354246,280,280,131
same-source,primary,Q0038,msd_pancreas,MissingnessIndicators,ndcg@10,0.29382270210755734,280,131,2
same-source,primary,Q0038,msd_pancreas,MissingnessIndicators,precision@10,0.0,280,131,2
same-source,primary,Q0038,msd_pancreas,MissingnessIndicators,recall@10,0.0,280,131,2
same-source,primary,Q0038,msd_pancreas,MissingnessIndicators,map,0.008054287163876205,280,131,2
same-source,primary,Q0038,msd_pancreas,OAKG,ndcg@10,0.24789885215535917,280,131,2
same-source,primary,Q0038,msd_pancreas,OAKG,precision@10,0.0,280,131,2
same-source,primary,Q0038,msd_pancreas,OAKG,recall@10,0.0,280,131,2
same-source,primary,Q0038,msd_pancreas,OAKG,map,0.011333163069850594,280,131,2
same-source,primary,Q0038,msd_pancreas,OAKG-Union,ndcg@10,0.24789885215535917,280,131,2
same-source,primary,Q0038,msd_pancreas,OAKG-Union,precision@10,0.0,280,131,2
same-source,primary,Q0038,msd_pancreas,OAKG-Union,recall@10,0.0,280,131,2
same-source,primary,Q0038,msd_pancreas,OAKG-Union,map,0.011333163069850594,280,131,2
same-source,primary,Q0038,msd_pancreas,WL,ndcg@10,0.3170853252047272,280,131,2
same-source,primary,Q0038,msd_pancreas,WL,precision@10,0.0,280,131,2
same-source,primary,Q0038,msd_pancreas,WL,recall@10,0.0,280,131,2
same-source,primary,Q0038,msd_pancreas,WL,map,0.005562696076398966,280,131,2
same-source,primary,Q0038,msd_pancreas,ZeroImputation,ndcg@10,0.27281446011733573,280,131,2
same-source,primary,Q0038,msd_pancreas,ZeroImputation,precision@10,0.0,280,131,2
same-source,primary,Q0038,msd_pancreas,ZeroImputation,recall@10,0.0,280,131,2
same-source,primary,Q0038,msd_pancreas,ZeroImputation,map,0.007709600253624233,280,131,2
same-source,primary,Q0039,msd_pancreas,MissingnessIndicators,ndcg@10,1.0,280,120,120
same-source,primary,Q0039,msd_pancreas,MissingnessIndicators,precision@10,1.0,280,120,120
same-source,primary,Q0039,msd_pancreas,MissingnessIndicators,recall@10,0.08333333333333333,280,120,120
same-source,primary,Q0039,msd_pancreas,MissingnessIndicators,map,0.6919177614768827,280,120,120
same-source,primary,Q0039,msd_pancreas,OAKG,ndcg@10,1.0,280,120,120
same-source,primary,Q0039,msd_pancreas,OAKG,precision@10,1.0,280,120,120
same-source,primary,Q0039,msd_pancreas,OAKG,recall@10,0.08333333333333333,280,120,120
same-source,primary,Q0039,msd_pancreas,OAKG,map,0.8951508575337167,280,120,120
same-source,primary,Q0039,msd_pancreas,OAKG-Union,ndcg@10,1.0,280,120,120
same-source,primary,Q0039,msd_pancreas,OAKG-Union,precision@10,1.0,280,120,120
same-source,primary,Q0039,msd_pancreas,OAKG-Union,recall@10,0.08333333333333333,280,120,120
same-source,primary,Q0039,msd_pancreas,OAKG-Union,map,0.8951508575337167,280,120,120
same-source,primary,Q0039,msd_pancreas,WL,ndcg@10,0.5079937796926363,280,120,120
same-source,primary,Q0039,msd_pancreas,WL,precision@10,0.6,280,120,120
same-source,primary,Q0039,msd_pancreas,WL,recall@10,0.05,280,120,120
same-source,primary,Q0039,msd_pancreas,WL,map,0.6120028020442542,280,120,120
same-source,primary,Q0039,msd_pancreas,ZeroImputation,ndcg@10,1.0,280,120,120
same-source,primary,Q0039,msd_pancreas,ZeroImputation,precision@10,1.0,280,120,120
same-source,primary,Q0039,msd_pancreas,ZeroImputation,recall@10,0.08333333333333333,280,120,120
same-source,primary,Q0039,msd_pancreas,ZeroImputation,map,0.6370908416426256,280,120,120
same-source,primary,Q0040,msd_pancreas,MissingnessIndicators,ndcg@10,1.0,280,280,280
same-source,primary,Q0040,msd_pancreas,MissingnessIndicators,precision@10,1.0,280,280,280
same-source,primary,Q0040,msd_pancreas,MissingnessIndicators,recall@10,0.03571428571428571,280,280,280
same-source,primary,Q0040,msd_pancreas,MissingnessIndicators,map,1.0,280,280,280
same-source,primary,Q0040,msd_pancreas,OAKG,ndcg@10,1.0,280,280,280
same-source,primary,Q0040,msd_pancreas,OAKG,precision@10,1.0,280,280,280
same-source,primary,Q0040,msd_pancreas,OAKG,recall@10,0.03571428571428571,280,280,280
same-source,primary,Q0040,msd_pancreas,OAKG,map,1.0,280,280,280
same-source,primary,Q0040,msd_pancreas,OAKG-Union,ndcg@10,1.0,280,280,280
same-source,primary,Q0040,msd_pancreas,OAKG-Union,precision@10,1.0,280,280,280
same-source,primary,Q0040,msd_pancreas,OAKG-Union,recall@10,0.03571428571428571,280,280,280
same-source,primary,Q0040,msd_pancreas,OAKG-Union,map,1.0,280,280,280
same-source,primary,Q0040,msd_pancreas,WL,ndcg@10,1.0,280,280,280
same-source,primary,Q0040,msd_pancreas,WL,precision@10,1.0,280,280,280
same-source,primary,Q0040,msd_pancreas,WL,recall@10,0.03571428571428571,280,280,280
same-source,primary,Q0040,msd_pancreas,WL,map,1.0,280,280,280
same-source,primary,Q0040,msd_pancreas,ZeroImputation,ndcg@10,1.0,280,280,280
same-source,primary,Q0040,msd_pancreas,ZeroImputation,precision@10,1.0,280,280,280
same-source,primary,Q0040,msd_pancreas,ZeroImputation,recall@10,0.03571428571428571,280,280,280
same-source,primary,Q0040,msd_pancreas,ZeroImputation,map,1.0,280,280,280
same-source,primary,Q0041,msd_pancreas,MissingnessIndicators,ndcg@10,0.06625422345438903,280,121,69
same-source,primary,Q0041,msd_pancreas,MissingnessIndicators,precision@10,0.1,280,121,69
same-source,primary,Q0041,msd_pancreas,MissingnessIndicators,recall@10,0.014492753623188406,280,121,69
same-source,primary,Q0041,msd_pancreas,MissingnessIndicators,map,0.2750528809994799,280,121,69
same-source,primary,Q0041,msd_pancreas,OAKG,ndcg@10,0.0,280,121,69
same-source,primary,Q0041,msd_pancreas,OAKG,precision@10,0.0,280,121,69
same-source,primary,Q0041,msd_pancreas,OAKG,recall@10,0.0,280,121,69
same-source,primary,Q0041,msd_pancreas,OAKG,map,0.1552484330655427,280,121,69
same-source,primary,Q0041,msd_pancreas,OAKG-Union,ndcg@10,0.0,280,121,69
same-source,primary,Q0041,msd_pancreas,OAKG-Union,precision@10,0.0,280,121,69
same-source,primary,Q0041,msd_pancreas,OAKG-Union,recall@10,0.0,280,121,69
same-source,primary,Q0041,msd_pancreas,OAKG-Union,map,0.1552484330655427,280,121,69
same-source,primary,Q0041,msd_pancreas,WL,ndcg@10,0.539435460592362,280,121,69
same-source,primary,Q0041,msd_pancreas,WL,precision@10,0.6,280,121,69
same-source,primary,Q0041,msd_pancreas,WL,recall@10,0.08695652173913043,280,121,69
same-source,primary,Q0041,msd_pancreas,WL,map,0.45425036119237583,280,121,69
same-source,primary,Q0041,msd_pancreas,ZeroImputation,ndcg@10,0.06943122193677727,280,121,69
same-source,primary,Q0041,msd_pancreas,ZeroImputation,precision@10,0.1,280,121,69
same-source,primary,Q0041,msd_pancreas,ZeroImputation,recall@10,0.014492753623188406,280,121,69
same-source,primary,Q0041,msd_pancreas,ZeroImputation,map,0.29613641138673324,280,121,69
same-source,primary,Q0042,msd_pancreas,MissingnessIndicators,ndcg@10,1.0,280,131,131
same-source,primary,Q0042,msd_pancreas,MissingnessIndicators,precision@10,1.0,280,131,131
same-source,primary,Q0042,msd_pancreas,MissingnessIndicators,recall@10,0.07633587786259542,280,131,131
same-source,primary,Q0042,msd_pancreas,MissingnessIndicators,map,0.8020228986110758,280,131,131
same-source,primary,Q0042,msd_pancreas,OAKG,ndcg@10,0.5637884576902256,280,131,131
same-source,primary,Q0042,msd_pancreas,OAKG,precision@10,0.4,280,131,131
same-source,primary,Q0042,msd_pancreas,OAKG,recall@10,0.030534351145038167,280,131,131
same-source,primary,Q0042,msd_pancreas,OAKG,map,0.44572722650902596,280,131,131
same-source,primary,Q0042,msd_pancreas,OAKG-Union,ndcg@10,0.5637884576902256,280,131,131
same-source,primary,Q0042,msd_pancreas,OAKG-Union,precision@10,0.4,280,131,131
same-source,primary,Q0042,msd_pancreas,OAKG-Union,recall@10,0.030534351145038167,280,131,131
same-source,primary,Q0042,msd_pancreas,OAKG-Union,map,0.44572722650902596,280,131,131
same-source,primary,Q0042,msd_pancreas,WL,ndcg@10,1.0,280,131,131
same-source,primary,Q0042,msd_pancreas,WL,precision@10,1.0,280,131,131
same-source,primary,Q0042,msd_pancreas,WL,recall@10,0.07633587786259542,280,131,131
same-source,primary,Q0042,msd_pancreas,WL,map,0.6154165129532974,280,131,131
same-source,primary,Q0042,msd_pancreas,ZeroImputation,ndcg@10,1.0,280,131,131
same-source,primary,Q0042,msd_pancreas,ZeroImputation,precision@10,1.0,280,131,131
same-source,primary,Q0042,msd_pancreas,ZeroImputation,recall@10,0.07633587786259542,280,131,131
same-source,primary,Q0042,msd_pancreas,ZeroImputation,map,0.790734009552335,280,131,131
same-source,primary,Q0043,msd_pancreas,MissingnessIndicators,ndcg@10,0.0,280,121,121
same-source,primary,Q0043,msd_pancreas,MissingnessIndicators,precision@10,0.0,280,121,121
same-source,primary,Q0043,msd_pancreas,MissingnessIndicators,recall@10,0.0,280,121,121
same-source,primary,Q0043,msd_pancreas,MissingnessIndicators,map,0.3732636992713425,280,121,121
same-source,primary,Q0043,msd_pancreas,OAKG,ndcg@10,0.0,280,121,121
same-source,primary,Q0043,msd_pancreas,OAKG,precision@10,0.0,280,121,121
same-source,primary,Q0043,msd_pancreas,OAKG,recall@10,0.0,280,121,121
same-source,primary,Q0043,msd_pancreas,OAKG,map,0.266946778676884,280,121,121
same-source,primary,Q0043,msd_pancreas,OAKG-Union,ndcg@10,0.0,280,121,121
same-source,primary,Q0043,msd_pancreas,OAKG-Union,precision@10,0.0,280,121,121
same-source,primary,Q0043,msd_pancreas,OAKG-Union,recall@10,0.0,280,121,121
same-source,primary,Q0043,msd_pancreas,OAKG-Union,map,0.266946778676884,280,121,121
same-source,primary,Q0043,msd_pancreas,WL,ndcg@10,0.6402900881481707,280,121,121
same-source,primary,Q0043,msd_pancreas,WL,precision@10,0.7,280,121,121
same-source,primary,Q0043,msd_pancreas,WL,recall@10,0.05785123966942149,280,121,121
same-source,primary,Q0043,msd_pancreas,WL,map,0.6272378598400812,280,121,121
same-source,primary,Q0043,msd_pancreas,ZeroImputation,ndcg@10,0.0,280,121,121
same-source,primary,Q0043,msd_pancreas,ZeroImputation,precision@10,0.0,280,121,121
same-source,primary,Q0043,msd_pancreas,ZeroImputation,recall@10,0.0,280,121,121
same-source,primary,Q0043,msd_pancreas,ZeroImputation,map,0.4007597742966737,280,121,121
same-source,primary,Q0044,msd_pancreas,MissingnessIndicators,ndcg@10,0.24261785528500338,280,121,121
same-source,primary,Q0044,msd_pancreas,MissingnessIndicators,precision@10,0.3,280,121,121
same-source,primary,Q0044,msd_pancreas,MissingnessIndicators,recall@10,0.024793388429752067,280,121,121
same-source,primary,Q0044,msd_pancreas,MissingnessIndicators,map,0.4888606008410149,280,121,121
same-source,primary,Q0044,msd_pancreas,OAKG,ndcg@10,0.0,280,121,121
same-source,primary,Q0044,msd_pancreas,OAKG,precision@10,0.0,280,121,121
same-source,primary,Q0044,msd_pancreas,OAKG,recall@10,0.0,280,121,121
same-source,primary,Q0044,msd_pancreas,OAKG,map,0.3126873567648896,280,121,121
same-source,primary,Q0044,msd_pancreas,OAKG-Union,ndcg@10,0.0,280,121,121
same-source,primary,Q0044,msd_pancreas,OAKG-Union,precision@10,0.0,280,121,121
same-source,primary,Q0044,msd_pancreas,OAKG-Union,recall@10,0.0,280,121,121
same-source,primary,Q0044,msd_pancreas,OAKG-Union,map,0.3126873567648896,280,121,121
same-source,primary,Q0044,msd_pancreas,WL,ndcg@10,0.7280855459907164,280,121,121
same-source,primary,Q0044,msd_pancreas,WL,precision@10,0.7,280,121,121
same-source,primary,Q0044,msd_pancreas,WL,recall@10,0.05785123966942149,280,121,121
same-source,primary,Q0044,msd_pancreas,WL,map,0.636242712660333,280,121,121
same-source,primary,Q0044,msd_pancreas,ZeroImputation,ndcg@10,0.42331179510529354,280,121,121
same-source,primary,Q0044,msd_pancreas,ZeroImputation,precision@10,0.5,280,121,121
same-source,primary,Q0044,msd_pancreas,ZeroImputation,recall@10,0.04132231404958678,280,121,121
same-source,primary,Q0044,msd_pancreas,ZeroImputation,map,0.5016690586561419,280,121,121
same-source,primary,Q0045,msd_pancreas,MissingnessIndicators,ndcg@10,0.0,280,121,121
same-source,primary,Q0045,msd_pancreas,MissingnessIndicators,precision@10,0.0,280,121,121
same-source,primary,Q0045,msd_pancreas,MissingnessIndicators,recall@10,0.0,280,121,121
same-source,primary,Q0045,msd_pancreas,MissingnessIndicators,map,0.39194419007434195,280,121,121
same-source,primary,Q0045,msd_pancreas,OAKG,ndcg@10,0.0,280,121,121
same-source,primary,Q0045,msd_pancreas,OAKG,precision@10,0.0,280,121,121
same-source,primary,Q0045,msd_pancreas,OAKG,recall@10,0.0,280,121,121
same-source,primary,Q0045,msd_pancreas,OAKG,map,0.26705607586920205,280,121,121
same-source,primary,Q0045,msd_pancreas,OAKG-Union,ndcg@10,0.0,280,121,121
same-source,primary,Q0045,msd_pancreas,OAKG-Union,precision@10,0.0,280,121,121
same-source,primary,Q0045,msd_pancreas,OAKG-Union,recall@10,0.0,280,121,121
same-source,primary,Q0045,msd_pancreas,OAKG-Union,map,0.26705607586920205,280,121,121
same-source,primary,Q0045,msd_pancreas,WL,ndcg@10,0.6402900881481707,280,121,121
same-source,primary,Q0045,msd_pancreas,WL,precision@10,0.7,280,121,121
same-source,primary,Q0045,msd_pancreas,WL,recall@10,0.05785123966942149,280,121,121
same-source,primary,Q0045,msd_pancreas,WL,map,0.6271950781007873,280,121,121
same-source,primary,Q0045,msd_pancreas,ZeroImputation,ndcg@10,0.0,280,121,121
same-source,primary,Q0045,msd_pancreas,ZeroImputation,precision@10,0.0,280,121,121
same-source,primary,Q0045,msd_pancreas,ZeroImputation,recall@10,0.0,280,121,121
same-source,primary,Q0045,msd_pancreas,ZeroImputation,map,0.4195297626310404,280,121,121
same-source,primary,Q0046,msd_pancreas,MissingnessIndicators,ndcg@10,0.0,280,132,69
same-source,primary,Q0046,msd_pancreas,MissingnessIndicators,precision@10,0.0,280,132,69
same-source,primary,Q0046,msd_pancreas,MissingnessIndicators,recall@10,0.0,280,132,69
same-source,primary,Q0046,msd_pancreas,MissingnessIndicators,map,0.16212419698547886,280,132,69
same-source,primary,Q0046,msd_pancreas,OAKG,ndcg@10,0.010480560299908579,280,132,69
same-source,primary,Q0046,msd_pancreas,OAKG,precision@10,0.0,280,132,69
same-source,primary,Q0046,msd_pancreas,OAKG,recall@10,0.0,280,132,69
same-source,primary,Q0046,msd_pancreas,OAKG,map,0.1490238328164008,280,132,69
same-source,primary,Q0046,msd_pancreas,OAKG-Union,ndcg@10,0.010480560299908579,280,132,69
same-source,primary,Q0046,msd_pancreas,OAKG-Union,precision@10,0.0,280,132,69
same-source,primary,Q0046,msd_pancreas,OAKG-Union,recall@10,0.0,280,132,69
same-source,primary,Q0046,msd_pancreas,OAKG-Union,map,0.1490238328164008,280,132,69
same-source,primary,Q0046,msd_pancreas,WL,ndcg@10,0.6916772184127177,280,132,69
same-source,primary,Q0046,msd_pancreas,WL,precision@10,0.7,280,132,69
same-source,primary,Q0046,msd_pancreas,WL,recall@10,0.10144927536231885,280,132,69
same-source,primary,Q0046,msd_pancreas,WL,map,0.4757083053120275,280,132,69
same-source,primary,Q0046,msd_pancreas,ZeroImputation,ndcg@10,0.0,280,132,69
same-source,primary,Q0046,msd_pancreas,ZeroImputation,precision@10,0.0,280,132,69
same-source,primary,Q0046,msd_pancreas,ZeroImputation,recall@10,0.0,280,132,69
same-source,primary,Q0046,msd_pancreas,ZeroImputation,map,0.16751092365571144,280,132,69
same-source,primary,Q0047,msd_pancreas,MissingnessIndicators,ndcg@10,0.20027881745630052,280,132,2
same-source,primary,Q0047,msd_pancreas,MissingnessIndicators,precision@10,0.0,280,132,2
same-source,primary,Q0047,msd_pancreas,MissingnessIndicators,recall@10,0.0,280,132,2
same-source,primary,Q0047,msd_pancreas,MissingnessIndicators,map,0.012316384180790962,280,132,2
same-source,primary,Q0047,msd_pancreas,OAKG,ndcg@10,0.09031040361479108,280,132,2
same-source,primary,Q0047,msd_pancreas,OAKG,precision@10,0.0,280,132,2
same-source,primary,Q0047,msd_pancreas,OAKG,recall@10,0.0,280,132,2
same-source,primary,Q0047,msd_pancreas,OAKG,map,0.014709028669234061,280,132,2
same-source,primary,Q0047,msd_pancreas,OAKG-Union,ndcg@10,0.09031040361479108,280,132,2
same-source,primary,Q0047,msd_pancreas,OAKG-Union,precision@10,0.0,280,132,2
same-source,primary,Q0047,msd_pancreas,OAKG-Union,recall@10,0.0,280,132,2
same-source,primary,Q0047,msd_pancreas,OAKG-Union,map,0.014709028669234061,280,132,2
same-source,primary,Q0047,msd_pancreas,WL,ndcg@10,0.3170853252047272,280,132,2
same-source,primary,Q0047,msd_pancreas,WL,precision@10,0.0,280,132,2
same-source,primary,Q0047,msd_pancreas,WL,recall@10,0.0,280,132,2
same-source,primary,Q0047,msd_pancreas,WL,map,0.005555708542160048,280,132,2
same-source,primary,Q0047,msd_pancreas,ZeroImputation,ndcg@10,0.20187513497372161,280,132,2
same-source,primary,Q0047,msd_pancreas,ZeroImputation,precision@10,0.0,280,132,2
same-source,primary,Q0047,msd_pancreas,ZeroImputation,recall@10,0.0,280,132,2
same-source,primary,Q0047,msd_pancreas,ZeroImputation,map,0.011684782608695652,280,132,2
same-source,primary,Q0048,msd_pancreas,MissingnessIndicators,ndcg@10,0.0,280,2,2
same-source,primary,Q0048,msd_pancreas,MissingnessIndicators,precision@10,0.0,280,2,2
same-source,primary,Q0048,msd_pancreas,MissingnessIndicators,recall@10,0.0,280,2,2
same-source,primary,Q0048,msd_pancreas,MissingnessIndicators,map,0.007138176371466017,280,2,2
same-source,primary,Q0048,msd_pancreas,OAKG,ndcg@10,0.0,280,2,2
same-source,primary,Q0048,msd_pancreas,OAKG,precision@10,0.0,280,2,2
same-source,primary,Q0048,msd_pancreas,OAKG,recall@10,0.0,280,2,2
same-source,primary,Q0048,msd_pancreas,OAKG,map,0.02806824435883324,280,2,2
same-source,primary,Q0048,msd_pancreas,OAKG-Union,ndcg@10,0.0,280,2,2
same-source,primary,Q0048,msd_pancreas,OAKG-Union,precision@10,0.0,280,2,2
same-source,primary,Q0048,msd_pancreas,OAKG-Union,recall@10,0.0,280,2,2
same-source,primary,Q0048,msd_pancreas,OAKG-Union,map,0.02806824435883324,280,2,2
same-source,primary,Q0048,msd_pancreas,WL,ndcg@10,0.0,280,2,2
same-source,primary,Q0048,msd_pancreas,WL,precision@10,0.0,280,2,2
same-source,primary,Q0048,msd_pancreas,WL,recall@10,0.0,280,2,2
same-source,primary,Q0048,msd_pancreas,WL,map,0.005562696076398966,280,2,2
same-source,primary,Q0048,msd_pancreas,ZeroImputation,ndcg@10,0.0,280,2,2
same-source,primary,Q0048,msd_pancreas,ZeroImputation,precision@10,0.0,280,2,2
same-source,primary,Q0048,msd_pancreas,ZeroImputation,recall@10,0.0,280,2,2
same-source,primary,Q0048,msd_pancreas,ZeroImputation,map,0.007070707070707071,280,2,2
same-source,primary,Q0049,msd_pancreas,MissingnessIndicators,ndcg@10,1.0,280,131,131
same-source,primary,Q0049,msd_pancreas,MissingnessIndicators,precision@10,1.0,280,131,131
same-source,primary,Q0049,msd_pancreas,MissingnessIndicators,recall@10,0.07633587786259542,280,131,131
same-source,primary,Q0049,msd_pancreas,MissingnessIndicators,map,0.5452030436814238,280,131,131
same-source,primary,Q0049,msd_pancreas,OAKG,ndcg@10,0.5672274908036508,280,131,131
same-source,primary,Q0049,msd_pancreas,OAKG,precision@10,0.5,280,131,131
same-source,primary,Q0049,msd_pancreas,OAKG,recall@10,0.03816793893129771,280,131,131
same-source,primary,Q0049,msd_pancreas,OAKG,map,0.5659097161538896,280,131,131
same-source,primary,Q0049,msd_pancreas,OAKG-Union,ndcg@10,0.5672274908036508,280,131,131
same-source,primary,Q0049,msd_pancreas,OAKG-Union,precision@10,0.5,280,131,131
same-source,primary,Q0049,msd_pancreas,OAKG-Union,recall@10,0.03816793893129771,280,131,131
same-source,primary,Q0049,msd_pancreas,OAKG-Union,map,0.5659097161538896,280,131,131
same-source,primary,Q0049,msd_pancreas,WL,ndcg@10,1.0,280,131,131
same-source,primary,Q0049,msd_pancreas,WL,precision@10,1.0,280,131,131
same-source,primary,Q0049,msd_pancreas,WL,recall@10,0.07633587786259542,280,131,131
same-source,primary,Q0049,msd_pancreas,WL,map,0.6158419990210009,280,131,131
same-source,primary,Q0049,msd_pancreas,ZeroImputation,ndcg@10,1.0,280,131,131
same-source,primary,Q0049,msd_pancreas,ZeroImputation,precision@10,1.0,280,131,131
same-source,primary,Q0049,msd_pancreas,ZeroImputation,recall@10,0.07633587786259542,280,131,131
same-source,primary,Q0049,msd_pancreas,ZeroImputation,map,0.5147327798247467,280,131,131
same-source,primary,Q0050,msd_pancreas,MissingnessIndicators,ndcg@10,0.0,280,2,1
same-source,primary,Q0050,msd_pancreas,MissingnessIndicators,precision@10,0.0,280,2,1
same-source,primary,Q0050,msd_pancreas,MissingnessIndicators,recall@10,0.0,280,2,1
same-source,primary,Q0050,msd_pancreas,MissingnessIndicators,map,0.004975124378109453,280,2,1
same-source,primary,Q0050,msd_pancreas,OAKG,ndcg@10,0.0,280,2,1
same-source,primary,Q0050,msd_pancreas,OAKG,precision@10,0.0,280,2,1
same-source,primary,Q0050,msd_pancreas,OAKG,recall@10,0.0,280,2,1
same-source,primary,Q0050,msd_pancreas,OAKG,map,0.006134969325153374,280,2,1
same-source,primary,Q0050,msd_pancreas,OAKG-Union,ndcg@10,0.0,280,2,1
same-source,primary,Q0050,msd_pancreas,OAKG-Union,precision@10,0.0,280,2,1
same-source,primary,Q0050,msd_pancreas,OAKG-Union,recall@10,0.0,280,2,1
same-source,primary,Q0050,msd_pancreas,OAKG-Union,map,0.006134969325153374,280,2,1
same-source,primary,Q0050,msd_pancreas,WL,ndcg@10,0.0,280,2,1
same-source,primary,Q0050,msd_pancreas,WL,precision@10,0.0,280,2,1
same-source,primary,Q0050,msd_pancreas,WL,recall@10,0.0,280,2,1
same-source,primary,Q0050,msd_pancreas,WL,map,0.003745318352059925,280,2,1
same-source,primary,Q0050,msd_pancreas,ZeroImputation,ndcg@10,0.0,280,2,1
same-source,primary,Q0050,msd_pancreas,ZeroImputation,precision@10,0.0,280,2,1
same-source,primary,Q0050,msd_pancreas,ZeroImputation,recall@10,0.0,280,2,1
same-source,primary,Q0050,msd_pancreas,ZeroImputation,map,0.005025125628140704,280,2,1
same-source,primary,Q0051,msd_pancreas,MissingnessIndicators,ndcg@10,0.14285714285714285,280,280,132
same-source,primary,Q0051,msd_pancreas,MissingnessIndicators,precision@10,0.0,280,280,132
same-source,primary,Q0051,msd_pancreas,MissingnessIndicators,recall@10,0.0,280,280,132
same-source,primary,Q0051,msd_pancreas,MissingnessIndicators,map,0.2996538787618288,280,280,132
same-source,primary,Q0051,msd_pancreas,OAKG,ndcg@10,0.33542575087676413,280,280,132
same-source,primary,Q0051,msd_pancreas,OAKG,precision@10,0.3,280,280,132
same-source,primary,Q0051,msd_pancreas,OAKG,recall@10,0.022727272727272728,280,280,132
same-source,primary,Q0051,msd_pancreas,OAKG,map,0.4060658507887937,280,280,132
same-source,primary,Q0051,msd_pancreas,OAKG-Union,ndcg@10,0.33542575087676413,280,280,132
same-source,primary,Q0051,msd_pancreas,OAKG-Union,precision@10,0.3,280,280,132
same-source,primary,Q0051,msd_pancreas,OAKG-Union,recall@10,0.022727272727272728,280,280,132
same-source,primary,Q0051,msd_pancreas,OAKG-Union,map,0.4060658507887937,280,280,132
same-source,primary,Q0051,msd_pancreas,WL,ndcg@10,1.0,280,280,132
same-source,primary,Q0051,msd_pancreas,WL,precision@10,1.0,280,280,132
same-source,primary,Q0051,msd_pancreas,WL,recall@10,0.07575757575757576,280,280,132
same-source,primary,Q0051,msd_pancreas,WL,map,0.6157540469712037,280,280,132
same-source,primary,Q0051,msd_pancreas,ZeroImputation,ndcg@10,0.14285714285714285,280,280,132
same-source,primary,Q0051,msd_pancreas,ZeroImputation,precision@10,0.0,280,280,132
same-source,primary,Q0051,msd_pancreas,ZeroImputation,recall@10,0.0,280,280,132
same-source,primary,Q0051,msd_pancreas,ZeroImputation,map,0.2983891924596148,280,280,132
same-source,primary,Q0052,msd_pancreas,MissingnessIndicators,ndcg@10,0.3170853252047272,280,280,2
same-source,primary,Q0052,msd_pancreas,MissingnessIndicators,precision@10,0.0,280,280,2
same-source,primary,Q0052,msd_pancreas,MissingnessIndicators,recall@10,0.0,280,280,2
same-source,primary,Q0052,msd_pancreas,MissingnessIndicators,map,0.0265113137453563,280,280,2
same-source,primary,Q0052,msd_pancreas,OAKG,ndcg@10,0.3170853252047272,280,280,2
same-source,primary,Q0052,msd_pancreas,OAKG,precision@10,0.0,280,280,2
same-source,primary,Q0052,msd_pancreas,OAKG,recall@10,0.0,280,280,2
same-source,primary,Q0052,msd_pancreas,OAKG,map,0.014646464646464647,280,280,2
same-source,primary,Q0052,msd_pancreas,OAKG-Union,ndcg@10,0.3170853252047272,280,280,2
same-source,primary,Q0052,msd_pancreas,OAKG-Union,precision@10,0.0,280,280,2
same-source,primary,Q0052,msd_pancreas,OAKG-Union,recall@10,0.0,280,280,2
same-source,primary,Q0052,msd_pancreas,OAKG-Union,map,0.014646464646464647,280,280,2
same-source,primary,Q0052,msd_pancreas,WL,ndcg@10,0.3170853252047272,280,280,2
same-source,primary,Q0052,msd_pancreas,WL,precision@10,0.0,280,280,2
same-source,primary,Q0052,msd_pancreas,WL,recall@10,0.0,280,280,2
same-source,primary,Q0052,msd_pancreas,WL,map,0.005562696076398966,280,280,2
same-source,primary,Q0052,msd_pancreas,ZeroImputation,ndcg@10,0.3170853252047272,280,280,2
same-source,primary,Q0052,msd_pancreas,ZeroImputation,precision@10,0.0,280,280,2
same-source,primary,Q0052,msd_pancreas,ZeroImputation,recall@10,0.0,280,280,2
same-source,primary,Q0052,msd_pancreas,ZeroImputation,map,0.025342039800995024,280,280,2
same-source,primary,Q0053,msd_pancreas,MissingnessIndicators,ndcg@10,0.0,280,2,2
same-source,primary,Q0053,msd_pancreas,MissingnessIndicators,precision@10,0.0,280,2,2
same-source,primary,Q0053,msd_pancreas,MissingnessIndicators,recall@10,0.0,280,2,2
same-source,primary,Q0053,msd_pancreas,MissingnessIndicators,map,0.007225784513747207,280,2,2
same-source,primary,Q0053,msd_pancreas,OAKG,ndcg@10,0.0,280,2,2
same-source,primary,Q0053,msd_pancreas,OAKG,precision@10,0.0,280,2,2
same-source,primary,Q0053,msd_pancreas,OAKG,recall@10,0.0,280,2,2
same-source,primary,Q0053,msd_pancreas,OAKG,map,0.008796296296296295,280,2,2
same-source,primary,Q0053,msd_pancreas,OAKG-Union,ndcg@10,0.0,280,2,2
same-source,primary,Q0053,msd_pancreas,OAKG-Union,precision@10,0.0,280,2,2
same-source,primary,Q0053,msd_pancreas,OAKG-Union,recall@10,0.0,280,2,2
same-source,primary,Q0053,msd_pancreas,OAKG-Union,map,0.008796296296296295,280,2,2
same-source,primary,Q0053,msd_pancreas,WL,ndcg@10,0.0,280,2,2
same-source,primary,Q0053,msd_pancreas,WL,precision@10,0.0,280,2,2
same-source,primary,Q0053,msd_pancreas,WL,recall@10,0.0,280,2,2
same-source,primary,Q0053,msd_pancreas,WL,map,0.005363543266769073,280,2,2
same-source,primary,Q0053,msd_pancreas,ZeroImputation,ndcg@10,0.0,280,2,2
same-source,primary,Q0053,msd_pancreas,ZeroImputation,precision@10,0.0,280,2,2
same-source,primary,Q0053,msd_pancreas,ZeroImputation,recall@10,0.0,280,2,2
same-source,primary,Q0053,msd_pancreas,ZeroImputation,map,0.007042575570494352,280,2,2
same-source,primary,Q0054,msd_pancreas,MissingnessIndicators,ndcg@10,0.7619675692267485,280,280,120
same-source,primary,Q0054,msd_pancreas,MissingnessIndicators,precision@10,0.6,280,280,120
same-source,primary,Q0054,msd_pancreas,MissingnessIndicators,recall@10,0.05,280,280,120
same-source,primary,Q0054,msd_pancreas,MissingnessIndicators,map,0.43011269704254423,280,280,120
same-source,primary,Q0054,msd_pancreas,OAKG,ndcg@10,1.0,280,280,120
same-source,primary,Q0054,msd_pancreas,OAKG,precision@10,1.0,280,280,120
same-source,primary,Q0054,msd_pancreas,OAKG,recall@10,0.08333333333333333,280,280,120
same-source,primary,Q0054,msd_pancreas,OAKG,map,0.9577438046240836,280,280,120
same-source,primary,Q0054,msd_pancreas,OAKG-Union,ndcg@10,1.0,280,280,120
same-source,primary,Q0054,msd_pancreas,OAKG-Union,precision@10,1.0,280,280,120
same-source,primary,Q0054,msd_pancreas,OAKG-Union,recall@10,0.08333333333333333,280,280,120
same-source,primary,Q0054,msd_pancreas,OAKG-Union,map,0.9577438046240836,280,280,120
same-source,primary,Q0054,msd_pancreas,WL,ndcg@10,0.6916772184127177,280,280,120
same-source,primary,Q0054,msd_pancreas,WL,precision@10,0.7,280,280,120
same-source,primary,Q0054,msd_pancreas,WL,recall@10,0.058333333333333334,280,280,120
same-source,primary,Q0054,msd_pancreas,WL,map,0.6279139463016211,280,280,120
same-source,primary,Q0054,msd_pancreas,ZeroImputation,ndcg@10,0.753616311597827,280,280,120
same-source,primary,Q0054,msd_pancreas,ZeroImputation,precision@10,0.6,280,280,120
same-source,primary,Q0054,msd_pancreas,ZeroImputation,recall@10,0.05,280,280,120
same-source,primary,Q0054,msd_pancreas,ZeroImputation,map,0.4128308777592029,280,280,120
same-source,primary,Q0055,msd_pancreas,MissingnessIndicators,ndcg@10,1.0,280,280,131
same-source,primary,Q0055,msd_pancreas,MissingnessIndicators,precision@10,1.0,280,280,131
same-source,primary,Q0055,msd_pancreas,MissingnessIndicators,recall@10,0.07633587786259542,280,280,131
same-source,primary,Q0055,msd_pancreas,MissingnessIndicators,map,0.9012609718549474,280,280,131
same-source,primary,Q0055,msd_pancreas,OAKG,ndcg@10,0.6850355542351181,280,280,131
same-source,primary,Q0055,msd_pancreas,OAKG,precision@10,0.5,280,280,131
same-source,primary,Q0055,msd_pancreas,OAKG,recall@10,0.03816793893129771,280,280,131
same-source,primary,Q0055,msd_pancreas,OAKG,map,0.43401352145757555,280,280,131
same-source,primary,Q0055,msd_pancreas,OAKG-Union,ndcg@10,0.6850355542351181,280,280,131
same-source,primary,Q0055,msd_pancreas,OAKG-Union,precision@10,0.5,280,280,131
same-source,primary,Q0055,msd_pancreas,OAKG-Union,recall@10,0.03816793893129771,280,280,131
same-source,primary,Q0055,msd_pancreas,OAKG-Union,map,0.43401352145757555,280,280,131
same-source,primary,Q0055,msd_pancreas,WL,ndcg@10,1.0,280,280,131
same-source,primary,Q0055,msd_pancreas,WL,precision@10,1.0,280,280,131
same-source,primary,Q0055,msd_pancreas,WL,recall@10,0.07633587786259542,280,280,131
same-source,primary,Q0055,msd_pancreas,WL,map,0.6161584320968991,280,280,131
same-source,primary,Q0055,msd_pancreas,ZeroImputation,ndcg@10,1.0,280,280,131
same-source,primary,Q0055,msd_pancreas,ZeroImputation,precision@10,1.0,280,280,131
same-source,primary,Q0055,msd_pancreas,ZeroImputation,recall@10,0.07633587786259542,280,280,131
same-source,primary,Q0055,msd_pancreas,ZeroImputation,map,0.9018445494101592,280,280,131
same-source,primary,Q0056,msd_pancreas,MissingnessIndicators,ndcg@10,0.0,280,2,2
same-source,primary,Q0056,msd_pancreas,MissingnessIndicators,precision@10,0.0,280,2,2
same-source,primary,Q0056,msd_pancreas,MissingnessIndicators,recall@10,0.0,280,2,2
same-source,primary,Q0056,msd_pancreas,MissingnessIndicators,map,0.007151258527405316,280,2,2
same-source,primary,Q0056,msd_pancreas,OAKG,ndcg@10,0.0,280,2,2
same-source,primary,Q0056,msd_pancreas,OAKG,precision@10,0.0,280,2,2
same-source,primary,Q0056,msd_pancreas,OAKG,recall@10,0.0,280,2,2
same-source,primary,Q0056,msd_pancreas,OAKG,map,0.021182266009852214,280,2,2
same-source,primary,Q0056,msd_pancreas,OAKG-Union,ndcg@10,0.0,280,2,2
same-source,primary,Q0056,msd_pancreas,OAKG-Union,precision@10,0.0,280,2,2
same-source,primary,Q0056,msd_pancreas,OAKG-Union,recall@10,0.0,280,2,2
same-source,primary,Q0056,msd_pancreas,OAKG-Union,map,0.021182266009852214,280,2,2
same-source,primary,Q0056,msd_pancreas,WL,ndcg@10,0.0,280,2,2
same-source,primary,Q0056,msd_pancreas,WL,precision@10,0.0,280,2,2
same-source,primary,Q0056,msd_pancreas,WL,recall@10,0.0,280,2,2
same-source,primary,Q0056,msd_pancreas,WL,map,0.005562696076398966,280,2,2
same-source,primary,Q0056,msd_pancreas,ZeroImputation,ndcg@10,0.0,280,2,2
same-source,primary,Q0056,msd_pancreas,ZeroImputation,precision@10,0.0,280,2,2
same-source,primary,Q0056,msd_pancreas,ZeroImputation,recall@10,0.0,280,2,2
same-source,primary,Q0056,msd_pancreas,ZeroImputation,map,0.007083525611444393,280,2,2
same-source,primary,Q0057,msd_pancreas,MissingnessIndicators,ndcg@10,0.39991859859785234,280,280,121
same-source,primary,Q0057,msd_pancreas,MissingnessIndicators,precision@10,0.3,280,280,121
same-source,primary,Q0057,msd_pancreas,MissingnessIndicators,recall@10,0.024793388429752067,280,280,121
same-source,primary,Q0057,msd_pancreas,MissingnessIndicators,map,0.39714369411088496,280,280,121
same-source,primary,Q0057,msd_pancreas,OAKG,ndcg@10,0.14285714285714285,280,280,121
same-source,primary,Q0057,msd_pancreas,OAKG,precision@10,0.0,280,280,121
same-source,primary,Q0057,msd_pancreas,OAKG,recall@10,0.0,280,280,121
same-source,primary,Q0057,msd_pancreas,OAKG,map,0.26717087543071943,280,280,121
same-source,primary,Q0057,msd_pancreas,OAKG-Union,ndcg@10,0.14285714285714285,280,280,121
same-source,primary,Q0057,msd_pancreas,OAKG-Union,precision@10,0.0,280,280,121
same-source,primary,Q0057,msd_pancreas,OAKG-Union,recall@10,0.0,280,280,121
same-source,primary,Q0057,msd_pancreas,OAKG-Union,map,0.26717087543071943,280,280,121
same-source,primary,Q0057,msd_pancreas,WL,ndcg@10,0.6916772184127177,280,280,121
same-source,primary,Q0057,msd_pancreas,WL,precision@10,0.7,280,280,121
same-source,primary,Q0057,msd_pancreas,WL,recall@10,0.05785123966942149,280,280,121
same-source,primary,Q0057,msd_pancreas,WL,map,0.626888071152064,280,280,121
same-source,primary,Q0057,msd_pancreas,ZeroImputation,ndcg@10,0.39991859859785234,280,280,121
same-source,primary,Q0057,msd_pancreas,ZeroImputation,precision@10,0.3,280,280,121
same-source,primary,Q0057,msd_pancreas,ZeroImputation,recall@10,0.024793388429752067,280,280,121
same-source,primary,Q0057,msd_pancreas,ZeroImputation,map,0.3972269949187883,280,280,121
same-source,primary,Q0058,msd_pancreas,MissingnessIndicators,ndcg@10,1.0,280,280,280
same-source,primary,Q0058,msd_pancreas,MissingnessIndicators,precision@10,1.0,280,280,280
same-source,primary,Q0058,msd_pancreas,MissingnessIndicators,recall@10,0.03571428571428571,280,280,280
same-source,primary,Q0058,msd_pancreas,MissingnessIndicators,map,1.0,280,280,280
same-source,primary,Q0058,msd_pancreas,OAKG,ndcg@10,1.0,280,280,280
same-source,primary,Q0058,msd_pancreas,OAKG,precision@10,1.0,280,280,280
same-source,primary,Q0058,msd_pancreas,OAKG,recall@10,0.03571428571428571,280,280,280
same-source,primary,Q0058,msd_pancreas,OAKG,map,1.0,280,280,280
same-source,primary,Q0058,msd_pancreas,OAKG-Union,ndcg@10,1.0,280,280,280
same-source,primary,Q0058,msd_pancreas,OAKG-Union,precision@10,1.0,280,280,280
same-source,primary,Q0058,msd_pancreas,OAKG-Union,recall@10,0.03571428571428571,280,280,280
same-source,primary,Q0058,msd_pancreas,OAKG-Union,map,1.0,280,280,280
same-source,primary,Q0058,msd_pancreas,WL,ndcg@10,1.0,280,280,280
same-source,primary,Q0058,msd_pancreas,WL,precision@10,1.0,280,280,280
same-source,primary,Q0058,msd_pancreas,WL,recall@10,0.03571428571428571,280,280,280
same-source,primary,Q0058,msd_pancreas,WL,map,1.0,280,280,280
same-source,primary,Q0058,msd_pancreas,ZeroImputation,ndcg@10,1.0,280,280,280
same-source,primary,Q0058,msd_pancreas,ZeroImputation,precision@10,1.0,280,280,280
same-source,primary,Q0058,msd_pancreas,ZeroImputation,recall@10,0.03571428571428571,280,280,280
same-source,primary,Q0058,msd_pancreas,ZeroImputation,map,1.0,280,280,280
same-source,primary,Q0059,msd_pancreas,MissingnessIndicators,ndcg@10,0.0,280,2,1
same-source,primary,Q0059,msd_pancreas,MissingnessIndicators,precision@10,0.0,280,2,1
same-source,primary,Q0059,msd_pancreas,MissingnessIndicators,recall@10,0.0,280,2,1
same-source,primary,Q0059,msd_pancreas,MissingnessIndicators,map,0.0125,280,2,1
same-source,primary,Q0059,msd_pancreas,OAKG,ndcg@10,0.0,280,2,1
same-source,primary,Q0059,msd_pancreas,OAKG,precision@10,0.0,280,2,1
same-source,primary,Q0059,msd_pancreas,OAKG,recall@10,0.0,280,2,1
same-source,primary,Q0059,msd_pancreas,OAKG,map,0.012987012987012988,280,2,1
same-source,primary,Q0059,msd_pancreas,OAKG-Union,ndcg@10,0.0,280,2,1
same-source,primary,Q0059,msd_pancreas,OAKG-Union,precision@10,0.0,280,2,1
same-source,primary,Q0059,msd_pancreas,OAKG-Union,recall@10,0.0,280,2,1
same-source,primary,Q0059,msd_pancreas,OAKG-Union,map,0.012987012987012988,280,2,1
same-source,primary,Q0059,msd_pancreas,WL,ndcg@10,0.0,280,2,1
same-source,primary,Q0059,msd_pancreas,WL,precision@10,0.0,280,2,1
same-source,primary,Q0059,msd_pancreas,WL,recall@10,0.0,280,2,1
same-source,primary,Q0059,msd_pancreas,WL,map,0.003745318352059925,280,2,1
same-source,primary,Q0059,msd_pancreas,ZeroImputation,ndcg@10,0.0,280,2,1
same-source,primary,Q0059,msd_pancreas,ZeroImputation,precision@10,0.0,280,2,1
same-source,primary,Q0059,msd_pancreas,ZeroImputation,recall@10,0.0,280,2,1
same-source,primary,Q0059,msd_pancreas,ZeroImputation,map,0.0125,280,2,1
same-source,primary,Q0060,lits,MissingnessIndicators,ndcg@10,0.0,130,54,10
same-source,primary,Q0060,lits,MissingnessIndicators,precision@10,0.0,130,54,10
same-source,primary,Q0060,lits,MissingnessIndicators,recall@10,0.0,130,54,10
same-source,primary,Q0060,lits,MissingnessIndicators,map,0.052039104411322444,130,54,10
same-source,primary,Q0060,lits,OAKG,ndcg@10,0.0,130,54,10
same-source,primary,Q0060,lits,OAKG,precision@10,0.0,130,54,10
same-source,primary,Q0060,lits,OAKG,recall@10,0.0,130,54,10
same-source,primary,Q0060,lits,OAKG,map,0.05288645242961219,130,54,10
same-source,primary,Q0060,lits,OAKG-Union,ndcg@10,0.0,130,54,10
same-source,primary,Q0060,lits,OAKG-Union,precision@10,0.0,130,54,10
same-source,primary,Q0060,lits,OAKG-Union,recall@10,0.0,130,54,10
same-source,primary,Q0060,lits,OAKG-Union,map,0.05288645242961219,130,54,10
same-source,primary,Q0060,lits,WL,ndcg@10,0.010480560299908579,130,54,10
same-source,primary,Q0060,lits,WL,precision@10,0.0,130,54,10
same-source,primary,Q0060,lits,WL,recall@10,0.0,130,54,10
same-source,primary,Q0060,lits,WL,map,0.06188124610328383,130,54,10
same-source,primary,Q0060,lits,ZeroImputation,ndcg@10,0.0,130,54,10
same-source,primary,Q0060,lits,ZeroImputation,precision@10,0.0,130,54,10
same-source,primary,Q0060,lits,ZeroImputation,recall@10,0.0,130,54,10
same-source,primary,Q0060,lits,ZeroImputation,map,0.05182658536742363,130,54,10
same-source,primary,Q0061,lits,MissingnessIndicators,ndcg@10,0.0,130,54,10
same-source,primary,Q0061,lits,MissingnessIndicators,precision@10,0.0,130,54,10
same-source,primary,Q0061,lits,MissingnessIndicators,recall@10,0.0,130,54,10
same-source,primary,Q0061,lits,MissingnessIndicators,map,0.05197042063267687,130,54,10
same-source,primary,Q0061,lits,OAKG,ndcg@10,0.0,130,54,10
same-source,primary,Q0061,lits,OAKG,precision@10,0.0,130,54,10
same-source,primary,Q0061,lits,OAKG,recall@10,0.0,130,54,10
same-source,primary,Q0061,lits,OAKG,map,0.052993766941760424,130,54,10
same-source,primary,Q0061,lits,OAKG-Union,ndcg@10,0.0,130,54,10
same-source,primary,Q0061,lits,OAKG-Union,precision@10,0.0,130,54,10
same-source,primary,Q0061,lits,OAKG-Union,recall@10,0.0,130,54,10
same-source,primary,Q0061,lits,OAKG-Union,map,0.052993766941760424,130,54,10
same-source,primary,Q0061,lits,WL,ndcg@10,0.041465683567080656,130,54,10
same-source,primary,Q0061,lits,WL,precision@10,0.0,130,54,10
same-source,primary,Q0061,lits,WL,recall@10,0.0,130,54,10
same-source,primary,Q0061,lits,WL,map,0.055993584718431834,130,54,10
same-source,primary,Q0061,lits,ZeroImputation,ndcg@10,0.0,130,54,10
same-source,primary,Q0061,lits,ZeroImputation,precision@10,0.0,130,54,10
same-source,primary,Q0061,lits,ZeroImputation,recall@10,0.0,130,54,10
same-source,primary,Q0061,lits,ZeroImputation,map,0.05183554292272273,130,54,10
same-source,primary,Q0062,lits,MissingnessIndicators,ndcg@10,1.0,130,117,117
same-source,primary,Q0062,lits,MissingnessIndicators,precision@10,1.0,130,117,117
same-source,primary,Q0062,lits,MissingnessIndicators,recall@10,0.08547008547008547,130,117,117
same-source,primary,Q0062,lits,MissingnessIndicators,map,0.9285922825781651,130,117,117
same-source,primary,Q0062,lits,OAKG,ndcg@10,1.0,130,117,117
same-source,primary,Q0062,lits,OAKG,precision@10,1.0,130,117,117
same-source,primary,Q0062,lits,OAKG,recall@10,0.08547008547008547,130,117,117
same-source,primary,Q0062,lits,OAKG,map,1.0,130,117,117
same-source,primary,Q0062,lits,OAKG-Union,ndcg@10,1.0,130,117,117
same-source,primary,Q0062,lits,OAKG-Union,precision@10,1.0,130,117,117
same-source,primary,Q0062,lits,OAKG-Union,recall@10,0.08547008547008547,130,117,117
same-source,primary,Q0062,lits,OAKG-Union,map,1.0,130,117,117
same-source,primary,Q0062,lits,WL,ndcg@10,1.0,130,117,117
same-source,primary,Q0062,lits,WL,precision@10,1.0,130,117,117
same-source,primary,Q0062,lits,WL,recall@10,0.08547008547008547,130,117,117
same-source,primary,Q0062,lits,WL,map,1.0,130,117,117
same-source,primary,Q0062,lits,ZeroImputation,ndcg@10,1.0,130,117,117
same-source,primary,Q0062,lits,ZeroImputation,precision@10,1.0,130,117,117
same-source,primary,Q0062,lits,ZeroImputation,recall@10,0.08547008547008547,130,117,117
same-source,primary,Q0062,lits,ZeroImputation,map,0.933147769601594,130,117,117
same-source,primary,Q0063,lits,MissingnessIndicators,ndcg@10,1.0,130,117,117
same-source,primary,Q0063,lits,MissingnessIndicators,precision@10,1.0,130,117,117
same-source,primary,Q0063,lits,MissingnessIndicators,recall@10,0.08547008547008547,130,117,117
same-source,primary,Q0063,lits,MissingnessIndicators,map,0.9543809081149728,130,117,117
same-source,primary,Q0063,lits,OAKG,ndcg@10,1.0,130,117,117
same-source,primary,Q0063,lits,OAKG,precision@10,1.0,130,117,117
same-source,primary,Q0063,lits,OAKG,recall@10,0.08547008547008547,130,117,117
same-source,primary,Q0063,lits,OAKG,map,1.0,130,117,117
same-source,primary,Q0063,lits,OAKG-Union,ndcg@10,1.0,130,117,117
same-source,primary,Q0063,lits,OAKG-Union,precision@10,1.0,130,117,117
same-source,primary,Q0063,lits,OAKG-Union,recall@10,0.08547008547008547,130,117,117
same-source,primary,Q0063,lits,OAKG-Union,map,1.0,130,117,117
same-source,primary,Q0063,lits,WL,ndcg@10,1.0,130,117,117
same-source,primary,Q0063,lits,WL,precision@10,1.0,130,117,117
same-source,primary,Q0063,lits,WL,recall@10,0.08547008547008547,130,117,117
same-source,primary,Q0063,lits,WL,map,1.0,130,117,117
same-source,primary,Q0063,lits,ZeroImputation,ndcg@10,1.0,130,117,117
same-source,primary,Q0063,lits,ZeroImputation,precision@10,1.0,130,117,117
same-source,primary,Q0063,lits,ZeroImputation,recall@10,0.08547008547008547,130,117,117
same-source,primary,Q0063,lits,ZeroImputation,map,0.9572824606828241,130,117,117
same-source,primary,Q0064,lits,MissingnessIndicators,ndcg@10,0.0,130,54,47
same-source,primary,Q0064,lits,MissingnessIndicators,precision@10,0.0,130,54,47
same-source,primary,Q0064,lits,MissingnessIndicators,recall@10,0.0,130,54,47
same-source,primary,Q0064,lits,MissingnessIndicators,map,0.22028060319941403,130,54,47
same-source,primary,Q0064,lits,OAKG,ndcg@10,0.009088684028421673,130,54,47
same-source,primary,Q0064,lits,OAKG,precision@10,0.0,130,54,47
same-source,primary,Q0064,lits,OAKG,recall@10,0.0,130,54,47
same-source,primary,Q0064,lits,OAKG,map,0.25896195168612623,130,54,47
same-source,primary,Q0064,lits,OAKG-Union,ndcg@10,0.009088684028421673,130,54,47
same-source,primary,Q0064,lits,OAKG-Union,precision@10,0.0,130,54,47
same-source,primary,Q0064,lits,OAKG-Union,recall@10,0.0,130,54,47
same-source,primary,Q0064,lits,OAKG-Union,map,0.25896195168612623,130,54,47
same-source,primary,Q0064,lits,WL,ndcg@10,0.010480560299908579,130,54,47
same-source,primary,Q0064,lits,WL,precision@10,0.0,130,54,47
same-source,primary,Q0064,lits,WL,recall@10,0.0,130,54,47
same-source,primary,Q0064,lits,WL,map,0.26871790033866266,130,54,47
same-source,primary,Q0064,lits,ZeroImputation,ndcg@10,0.0,130,54,47
same-source,primary,Q0064,lits,ZeroImputation,precision@10,0.0,130,54,47
same-source,primary,Q0064,lits,ZeroImputation,recall@10,0.0,130,54,47
same-source,primary,Q0064,lits,ZeroImputation,map,0.21971972121543074,130,54,47
same-source,primary,Q0065,lits,MissingnessIndicators,ndcg@10,1.0,130,12,0
same-source,primary,Q0065,lits,OAKG,ndcg@10,1.0,130,12,0
same-source,primary,Q0065,lits,OAKG-Union,ndcg@10,1.0,130,12,0
same-source,primary,Q0065,lits,WL,ndcg@10,1.0,130,12,0
same-source,primary,Q0065,lits,ZeroImputation,ndcg@10,1.0,130,12,0
same-source,primary,Q0066,lits,MissingnessIndicators,ndcg@10,1.0,130,53,53
same-source,primary,Q0066,lits,MissingnessIndicators,precision@10,1.0,130,53,53
same-source,primary,Q0066,lits,MissingnessIndicators,recall@10,0.18867924528301888,130,53,53
same-source,primary,Q0066,lits,MissingnessIndicators,map,0.8647561513931331,130,53,53
same-source,primary,Q0066,lits,OAKG,ndcg@10,0.6489315753318466,130,53,53
same-source,primary,Q0066,lits,OAKG,precision@10,0.5,130,53,53
same-source,primary,Q0066,lits,OAKG,recall@10,0.09433962264150944,130,53,53
same-source,primary,Q0066,lits,OAKG,map,0.4350129241945834,130,53,53
same-source,primary,Q0066,lits,OAKG-Union,ndcg@10,0.6489315753318466,130,53,53
same-source,primary,Q0066,lits,OAKG-Union,precision@10,0.5,130,53,53
same-source,primary,Q0066,lits,OAKG-Union,recall@10,0.09433962264150944,130,53,53
same-source,primary,Q0066,lits,OAKG-Union,map,0.4350129241945834,130,53,53
same-source,primary,Q0066,lits,WL,ndcg@10,0.15139734109601005,130,53,53
same-source,primary,Q0066,lits,WL,precision@10,0.2,130,53,53
same-source,primary,Q0066,lits,WL,recall@10,0.03773584905660377,130,53,53
same-source,primary,Q0066,lits,WL,map,0.37329391916656535,130,53,53
same-source,primary,Q0066,lits,ZeroImputation,ndcg@10,1.0,130,53,53
same-source,primary,Q0066,lits,ZeroImputation,precision@10,1.0,130,53,53
same-source,primary,Q0066,lits,ZeroImputation,recall@10,0.18867924528301888,130,53,53
same-source,primary,Q0066,lits,ZeroImputation,map,0.8642022634571697,130,53,53
same-source,primary,Q0067,lits,MissingnessIndicators,ndcg@10,0.29343678345195284,130,83,83
same-source,primary,Q0067,lits,MissingnessIndicators,precision@10,0.3,130,83,83
same-source,primary,Q0067,lits,MissingnessIndicators,recall@10,0.03614457831325301,130,83,83
same-source,primary,Q0067,lits,MissingnessIndicators,map,0.48634716706414716,130,83,83
same-source,primary,Q0067,lits,OAKG,ndcg@10,0.23297260855707358,130,83,83
same-source,primary,Q0067,lits,OAKG,precision@10,0.3,130,83,83
same-source,primary,Q0067,lits,OAKG,recall@10,0.03614457831325301,130,83,83
same-source,primary,Q0067,lits,OAKG,map,0.5571596272594327,130,83,83
same-source,primary,Q0067,lits,OAKG-Union,ndcg@10,0.23297260855707358,130,83,83
same-source,primary,Q0067,lits,OAKG-Union,precision@10,0.3,130,83,83
same-source,primary,Q0067,lits,OAKG-Union,recall@10,0.03614457831325301,130,83,83
same-source,primary,Q0067,lits,OAKG-Union,map,0.5571596272594327,130,83,83
same-source,primary,Q0067,lits,WL,ndcg@10,0.0,130,83,83
same-source,primary,Q0067,lits,WL,precision@10,0.0,130,83,83
same-source,primary,Q0067,lits,WL,recall@10,0.0,130,83,83
same-source,primary,Q0067,lits,WL,map,0.49800965201683434,130,83,83
same-source,primary,Q0067,lits,ZeroImputation,ndcg@10,0.22784037450527975,130,83,83
same-source,primary,Q0067,lits,ZeroImputation,precision@10,0.3,130,83,83
same-source,primary,Q0067,lits,ZeroImputation,recall@10,0.03614457831325301,130,83,83
same-source,primary,Q0067,lits,ZeroImputation,map,0.4818666707775283,130,83,83
same-source,primary,Q0068,lits,MissingnessIndicators,ndcg@10,0.0636207881989517,130,14,11
same-source,primary,Q0068,lits,MissingnessIndicators,precision@10,0.1,130,14,11
same-source,primary,Q0068,lits,MissingnessIndicators,recall@10,0.09090909090909091,130,14,11
same-source,primary,Q0068,lits,MissingnessIndicators,map,0.09141725462023453,130,14,11
same-source,primary,Q0068,lits,OAKG,ndcg@10,0.0,130,14,11
same-source,primary,Q0068,lits,OAKG,precision@10,0.0,130,14,11
same-source,primary,Q0068,lits,OAKG,recall@10,0.0,130,14,11
same-source,primary,Q0068,lits,OAKG,map,0.06525019287130862,130,14,11
same-source,primary,Q0068,lits,OAKG-Union,ndcg@10,0.0,130,14,11
same-source,primary,Q0068,lits,OAKG-Union,precision@10,0.0,130,14,11
same-source,primary,Q0068,lits,OAKG-Union,recall@10,0.0,130,14,11
same-source,primary,Q0068,lits,OAKG-Union,map,0.06525019287130862,130,14,11
same-source,primary,Q0068,lits,WL,ndcg@10,0.0,130,14,11
same-source,primary,Q0068,lits,WL,precision@10,0.0,130,14,11
same-source,primary,Q0068,lits,WL,recall@10,0.0,130,14,11
same-source,primary,Q0068,lits,WL,map,0.06172631648227363,130,14,11
same-source,primary,Q0068,lits,ZeroImputation,ndcg@10,0.0636207881989517,130,14,11
same-source,primary,Q0068,lits,ZeroImputation,precision@10,0.1,130,14,11
same-source,primary,Q0068,lits,ZeroImputation,recall@10,0.09090909090909091,130,14,11
same-source,primary,Q0068,lits,ZeroImputation,map,0.09233336477720369,130,14,11
same-source,primary,Q0069,lits,MissingnessIndicators,ndcg@10,1.0,130,12,0
same-source,primary,Q0069,lits,OAKG,ndcg@10,1.0,130,12,0
same-source,primary,Q0069,lits,OAKG-Union,ndcg@10,1.0,130,12,0
same-source,primary,Q0069,lits,WL,ndcg@10,1.0,130,12,0
same-source,primary,Q0069,lits,ZeroImputation,ndcg@10,1.0,130,12,0
same-source,primary,Q0070,lits,MissingnessIndicators,ndcg@10,1.0,130,117,117
same-source,primary,Q0070,lits,MissingnessIndicators,precision@10,1.0,130,117,117
same-source,primary,Q0070,lits,MissingnessIndicators,recall@10,0.08547008547008547,130,117,117
same-source,primary,Q0070,lits,MissingnessIndicators,map,0.8804459053889699,130,117,117
same-source,primary,Q0070,lits,OAKG,ndcg@10,1.0,130,117,117
same-source,primary,Q0070,lits,OAKG,precision@10,1.0,130,117,117
same-source,primary,Q0070,lits,OAKG,recall@10,0.08547008547008547,130,117,117
same-source,primary,Q0070,lits,OAKG,map,1.0,130,117,117
same-source,primary,Q0070,lits,OAKG-Union,ndcg@10,1.0,130,117,117
same-source,primary,Q0070,lits,OAKG-Union,precision@10,1.0,130,117,117
same-source,primary,Q0070,lits,OAKG-Union,recall@10,0.08547008547008547,130,117,117
same-source,primary,Q0070,lits,OAKG-Union,map,1.0,130,117,117
same-source,primary,Q0070,lits,WL,ndcg@10,1.0,130,117,117
same-source,primary,Q0070,lits,WL,precision@10,1.0,130,117,117
same-source,primary,Q0070,lits,WL,recall@10,0.08547008547008547,130,117,117
same-source,primary,Q0070,lits,WL,map,1.0,130,117,117
same-source,primary,Q0070,lits,ZeroImputation,ndcg@10,1.0,130,117,117
same-source,primary,Q0070,lits,ZeroImputation,precision@10,1.0,130,117,117
same-source,primary,Q0070,lits,ZeroImputation,recall@10,0.08547008547008547,130,117,117
same-source,primary,Q0070,lits,ZeroImputation,map,0.8853439897466806,130,117,117
same-source,primary,Q0071,lits,MissingnessIndicators,ndcg@10,1.0,130,117,117
same-source,primary,Q0071,lits,MissingnessIndicators,precision@10,1.0,130,117,117
same-source,primary,Q0071,lits,MissingnessIndicators,recall@10,0.08547008547008547,130,117,117
same-source,primary,Q0071,lits,MissingnessIndicators,map,0.947294474525839,130,117,117
same-source,primary,Q0071,lits,OAKG,ndcg@10,1.0,130,117,117
same-source,primary,Q0071,lits,OAKG,precision@10,1.0,130,117,117
same-source,primary,Q0071,lits,OAKG,recall@10,0.08547008547008547,130,117,117
same-source,primary,Q0071,lits,OAKG,map,1.0,130,117,117
same-source,primary,Q0071,lits,OAKG-Union,ndcg@10,1.0,130,117,117
same-source,primary,Q0071,lits,OAKG-Union,precision@10,1.0,130,117,117
same-source,primary,Q0071,lits,OAKG-Union,recall@10,0.08547008547008547,130,117,117
same-source,primary,Q0071,lits,OAKG-Union,map,1.0,130,117,117
same-source,primary,Q0071,lits,WL,ndcg@10,1.0,130,117,117
same-source,primary,Q0071,lits,WL,precision@10,1.0,130,117,117
same-source,primary,Q0071,lits,WL,recall@10,0.08547008547008547,130,117,117
same-source,primary,Q0071,lits,WL,map,1.0,130,117,117
same-source,primary,Q0071,lits,ZeroImputation,ndcg@10,1.0,130,117,117
same-source,primary,Q0071,lits,ZeroImputation,precision@10,1.0,130,117,117
same-source,primary,Q0071,lits,ZeroImputation,recall@10,0.08547008547008547,130,117,117
same-source,primary,Q0071,lits,ZeroImputation,map,0.9490476379603447,130,117,117
same-source,primary,Q0072,lits,MissingnessIndicators,ndcg@10,0.0,130,54,47
same-source,primary,Q0072,lits,MissingnessIndicators,precision@10,0.0,130,54,47
same-source,primary,Q0072,lits,MissingnessIndicators,recall@10,0.0,130,54,47
same-source,primary,Q0072,lits,MissingnessIndicators,map,0.2193703965362814,130,54,47
same-source,primary,Q0072,lits,OAKG,ndcg@10,0.013541194909935826,130,54,47
same-source,primary,Q0072,lits,OAKG,precision@10,0.0,130,54,47
same-source,primary,Q0072,lits,OAKG,recall@10,0.0,130,54,47
same-source,primary,Q0072,lits,OAKG,map,0.2593435187085086,130,54,47
same-source,primary,Q0072,lits,OAKG-Union,ndcg@10,0.013541194909935826,130,54,47
same-source,primary,Q0072,lits,OAKG-Union,precision@10,0.0,130,54,47
same-source,primary,Q0072,lits,OAKG-Union,recall@10,0.0,130,54,47
same-source,primary,Q0072,lits,OAKG-Union,map,0.2593435187085086,130,54,47
same-source,primary,Q0072,lits,WL,ndcg@10,0.009918745990968182,130,54,47
same-source,primary,Q0072,lits,WL,precision@10,0.0,130,54,47
same-source,primary,Q0072,lits,WL,recall@10,0.0,130,54,47
same-source,primary,Q0072,lits,WL,map,0.26988434538797906,130,54,47
same-source,primary,Q0072,lits,ZeroImputation,ndcg@10,0.0,130,54,47
same-source,primary,Q0072,lits,ZeroImputation,precision@10,0.0,130,54,47
same-source,primary,Q0072,lits,ZeroImputation,recall@10,0.0,130,54,47
same-source,primary,Q0072,lits,ZeroImputation,map,0.21931662447730332,130,54,47
same-source,primary,Q0073,lits,MissingnessIndicators,ndcg@10,1.0,130,53,53
same-source,primary,Q0073,lits,MissingnessIndicators,precision@10,1.0,130,53,53
same-source,primary,Q0073,lits,MissingnessIndicators,recall@10,0.18867924528301888,130,53,53
same-source,primary,Q0073,lits,MissingnessIndicators,map,0.9292605347843604,130,53,53
same-source,primary,Q0073,lits,OAKG,ndcg@10,0.5933607200949346,130,53,53
same-source,primary,Q0073,lits,OAKG,precision@10,0.5,130,53,53
same-source,primary,Q0073,lits,OAKG,recall@10,0.09433962264150944,130,53,53
same-source,primary,Q0073,lits,OAKG,map,0.5377439819913107,130,53,53
same-source,primary,Q0073,lits,OAKG-Union,ndcg@10,0.5933607200949346,130,53,53
same-source,primary,Q0073,lits,OAKG-Union,precision@10,0.5,130,53,53
same-source,primary,Q0073,lits,OAKG-Union,recall@10,0.09433962264150944,130,53,53
same-source,primary,Q0073,lits,OAKG-Union,map,0.5377439819913107,130,53,53
same-source,primary,Q0073,lits,WL,ndcg@10,0.4911802372710601,130,53,53
same-source,primary,Q0073,lits,WL,precision@10,0.4,130,53,53
same-source,primary,Q0073,lits,WL,recall@10,0.07547169811320754,130,53,53
same-source,primary,Q0073,lits,WL,map,0.4444545902505441,130,53,53
same-source,primary,Q0073,lits,ZeroImputation,ndcg@10,1.0,130,53,53
same-source,primary,Q0073,lits,ZeroImputation,precision@10,1.0,130,53,53
same-source,primary,Q0073,lits,ZeroImputation,recall@10,0.18867924528301888,130,53,53
same-source,primary,Q0073,lits,ZeroImputation,map,0.9296886513621414,130,53,53
same-source,primary,Q0074,lits,MissingnessIndicators,ndcg@10,0.8521705090845474,130,53,53
same-source,primary,Q0074,lits,MissingnessIndicators,precision@10,0.8,130,53,53
same-source,primary,Q0074,lits,MissingnessIndicators,recall@10,0.1509433962264151,130,53,53
same-source,primary,Q0074,lits,MissingnessIndicators,map,0.4874701964698413,130,53,53
same-source,primary,Q0074,lits,OAKG,ndcg@10,0.22009176629808017,130,53,53
same-source,primary,Q0074,lits,OAKG,precision@10,0.1,130,53,53
same-source,primary,Q0074,lits,OAKG,recall@10,0.018867924528301886,130,53,53
same-source,primary,Q0074,lits,OAKG,map,0.37421476279877725,130,53,53
same-source,primary,Q0074,lits,OAKG-Union,ndcg@10,0.22009176629808017,130,53,53
same-source,primary,Q0074,lits,OAKG-Union,precision@10,0.1,130,53,53
same-source,primary,Q0074,lits,OAKG-Union,recall@10,0.018867924528301886,130,53,53
same-source,primary,Q0074,lits,OAKG-Union,map,0.37421476279877725,130,53,53
same-source,primary,Q0074,lits,WL,ndcg@10,0.07336392209936006,130,53,53
same-source,primary,Q0074,lits,WL,precision@10,0.1,130,53,53
same-source,primary,Q0074,lits,WL,recall@10,0.018867924528301886,130,53,53
same-source,primary,Q0074,lits,WL,map,0.3346155083915221,130,53,53
same-source,primary,Q0074,lits,ZeroImputation,ndcg@10,0.8482378089219647,130,53,53
same-source,primary,Q0074,lits,ZeroImputation,precision@10,0.8,130,53,53
same-source,primary,Q0074,lits,ZeroImputation,recall@10,0.1509433962264151,130,53,53
same-source,primary,Q0074,lits,ZeroImputation,map,0.48513126202545226,130,53,53
same-source,primary,Q0075,lits,MissingnessIndicators,ndcg@10,0.14285714285714285,130,117,54
same-source,primary,Q0075,lits,MissingnessIndicators,precision@10,0.0,130,117,54
same-source,primary,Q0075,lits,MissingnessIndicators,recall@10,0.0,130,117,54
same-source,primary,Q0075,lits,MissingnessIndicators,map,0.2552588160679981,130,117,54
same-source,primary,Q0075,lits,OAKG,ndcg@10,0.14285714285714285,130,117,54
same-source,primary,Q0075,lits,OAKG,precision@10,0.0,130,117,54
same-source,primary,Q0075,lits,OAKG,recall@10,0.0,130,117,54
same-source,primary,Q0075,lits,OAKG,map,0.31516100311670603,130,117,54
same-source,primary,Q0075,lits,OAKG-Union,ndcg@10,0.14285714285714285,130,117,54
same-source,primary,Q0075,lits,OAKG-Union,precision@10,0.0,130,117,54
same-source,primary,Q0075,lits,OAKG-Union,recall@10,0.0,130,117,54
same-source,primary,Q0075,lits,OAKG-Union,map,0.31516100311670603,130,117,54
same-source,primary,Q0075,lits,WL,ndcg@10,0.20574050465659433,130,117,54
same-source,primary,Q0075,lits,WL,precision@10,0.1,130,117,54
same-source,primary,Q0075,lits,WL,recall@10,0.018518518518518517,130,117,54
same-source,primary,Q0075,lits,WL,map,0.3451598211543591,130,117,54
same-source,primary,Q0075,lits,ZeroImputation,ndcg@10,0.14285714285714285,130,117,54
same-source,primary,Q0075,lits,ZeroImputation,precision@10,0.0,130,117,54
same-source,primary,Q0075,lits,ZeroImputation,recall@10,0.0,130,117,54
same-source,primary,Q0075,lits,ZeroImputation,map,0.2544145504991389,130,117,54
same-source,primary,Q0076,lits,MissingnessIndicators,ndcg@10,0.0,130,54,54
same-source,primary,Q0076,lits,MissingnessIndicators,precision@10,0.0,130,54,54
same-source,primary,Q0076,lits,MissingnessIndicators,recall@10,0.0,130,54,54
same-source,primary,Q0076,lits,MissingnessIndicators,map,0.25600067079389927,130,54,54
same-source,primary,Q0076,lits,OAKG,ndcg@10,0.31488013066763093,130,54,54
same-source,primary,Q0076,lits,OAKG,precision@10,0.2,130,54,54
same-source,primary,Q0076,lits,OAKG,recall@10,0.037037037037037035,130,54,54
same-source,primary,Q0076,lits,OAKG,map,0.3492368449128802,130,54,54
same-source,primary,Q0076,lits,OAKG-Union,ndcg@10,0.31488013066763093,130,54,54
same-source,primary,Q0076,lits,OAKG-Union,precision@10,0.2,130,54,54
same-source,primary,Q0076,lits,OAKG-Union,recall@10,0.037037037037037035,130,54,54
same-source,primary,Q0076,lits,OAKG-Union,map,0.3492368449128802,130,54,54
same-source,primary,Q0076,lits,WL,ndcg@10,0.25206494032666715,130,54,54
same-source,primary,Q0076,lits,WL,precision@10,0.3,130,54,54
same-source,primary,Q0076,lits,WL,recall@10,0.05555555555555555,130,54,54
same-source,primary,Q0076,lits,WL,map,0.3951605305316432,130,54,54
same-source,primary,Q0076,lits,ZeroImputation,ndcg@10,0.0,130,54,54
same-source,primary,Q0076,lits,ZeroImputation,precision@10,0.0,130,54,54
same-source,primary,Q0076,lits,ZeroImputation,recall@10,0.0,130,54,54
same-source,primary,Q0076,lits,ZeroImputation,map,0.25467741688360207,130,54,54
same-source,primary,Q0077,lits,MissingnessIndicators,ndcg@10,0.14201905717762703,130,14,0
same-source,primary,Q0077,lits,OAKG,ndcg@10,0.0,130,14,0
same-source,primary,Q0077,lits,OAKG-Union,ndcg@10,0.0,130,14,0
same-source,primary,Q0077,lits,WL,ndcg@10,0.0,130,14,0
same-source,primary,Q0077,lits,ZeroImputation,ndcg@10,0.0,130,14,0
same-source,primary,Q0078,lits,MissingnessIndicators,ndcg@10,0.06362078819895171,130,83,0
same-source,primary,Q0078,lits,OAKG,ndcg@10,0.0,130,83,0
same-source,primary,Q0078,lits,OAKG-Union,ndcg@10,0.0,130,83,0
same-source,primary,Q0078,lits,WL,ndcg@10,0.0,130,83,0
same-source,primary,Q0078,lits,ZeroImputation,ndcg@10,0.0,130,83,0
same-source,primary,Q0079,lits,MissingnessIndicators,ndcg@10,0.0636207881989517,130,13,13
same-source,primary,Q0079,lits,MissingnessIndicators,precision@10,0.1,130,13,13
same-source,primary,Q0079,lits,MissingnessIndicators,recall@10,0.07692307692307693,130,13,13
same-source,primary,Q0079,lits,MissingnessIndicators,map,0.09950447480323123,130,13,13
same-source,primary,Q0079,lits,OAKG,ndcg@10,0.5473983622993501,130,13,13
same-source,primary,Q0079,lits,OAKG,precision@10,0.4,130,13,13
same-source,primary,Q0079,lits,OAKG,recall@10,0.3076923076923077,130,13,13
same-source,primary,Q0079,lits,OAKG,map,0.36821122307983145,130,13,13
same-source,primary,Q0079,lits,OAKG-Union,ndcg@10,0.5473983622993501,130,13,13
same-source,primary,Q0079,lits,OAKG-Union,precision@10,0.4,130,13,13
same-source,primary,Q0079,lits,OAKG-Union,recall@10,0.3076923076923077,130,13,13
same-source,primary,Q0079,lits,OAKG-Union,map,0.36821122307983145,130,13,13
same-source,primary,Q0079,lits,WL,ndcg@10,0.09478836436955078,130,13,13
same-source,primary,Q0079,lits,WL,precision@10,0.1,130,13,13
same-source,primary,Q0079,lits,WL,recall@10,0.07692307692307693,130,13,13
same-source,primary,Q0079,lits,WL,map,0.09253983579344506,130,13,13
same-source,primary,Q0079,lits,ZeroImputation,ndcg@10,0.0,130,13,13
same-source,primary,Q0079,lits,ZeroImputation,precision@10,0.0,130,13,13
same-source,primary,Q0079,lits,ZeroImputation,recall@10,0.0,130,13,13
same-source,primary,Q0079,lits,ZeroImputation,map,0.09220158709725655,130,13,13
same-source,primary,Q0080,lits,MissingnessIndicators,ndcg@10,1.0,130,53,53
same-source,primary,Q0080,lits,MissingnessIndicators,precision@10,1.0,130,53,53
same-source,primary,Q0080,lits,MissingnessIndicators,recall@10,0.18867924528301888,130,53,53
same-source,primary,Q0080,lits,MissingnessIndicators,map,0.8627272666078507,130,53,53
same-source,primary,Q0080,lits,OAKG,ndcg@10,1.0,130,53,53
same-source,primary,Q0080,lits,OAKG,precision@10,1.0,130,53,53
same-source,primary,Q0080,lits,OAKG,recall@10,0.18867924528301888,130,53,53
same-source,primary,Q0080,lits,OAKG,map,0.6387266957053704,130,53,53
same-source,primary,Q0080,lits,OAKG-Union,ndcg@10,1.0,130,53,53
same-source,primary,Q0080,lits,OAKG-Union,precision@10,1.0,130,53,53
same-source,primary,Q0080,lits,OAKG-Union,recall@10,0.18867924528301888,130,53,53
same-source,primary,Q0080,lits,OAKG-Union,map,0.6387266957053704,130,53,53
same-source,primary,Q0080,lits,WL,ndcg@10,0.6300426811446146,130,53,53
same-source,primary,Q0080,lits,WL,precision@10,0.5,130,53,53
same-source,primary,Q0080,lits,WL,recall@10,0.09433962264150944,130,53,53
same-source,primary,Q0080,lits,WL,map,0.470471177160184,130,53,53
same-source,primary,Q0080,lits,ZeroImputation,ndcg@10,1.0,130,53,53
same-source,primary,Q0080,lits,ZeroImputation,precision@10,1.0,130,53,53
same-source,primary,Q0080,lits,ZeroImputation,recall@10,0.18867924528301888,130,53,53
same-source,primary,Q0080,lits,ZeroImputation,map,0.8608576157715121,130,53,53
same-source,primary,Q0081,lits,MissingnessIndicators,ndcg@10,0.866947989864271,130,12,0
same-source,primary,Q0081,lits,OAKG,ndcg@10,1.0,130,12,0
same-source,primary,Q0081,lits,OAKG-Union,ndcg@10,1.0,130,12,0
same-source,primary,Q0081,lits,WL,ndcg@10,1.0,130,12,0
same-source,primary,Q0081,lits,ZeroImputation,ndcg@10,1.0,130,12,0
same-source,primary,Q0082,lits,MissingnessIndicators,ndcg@10,0.20236961880295196,130,117,13
same-source,primary,Q0082,lits,MissingnessIndicators,precision@10,0.1,130,117,13
same-source,primary,Q0082,lits,MissingnessIndicators,recall@10,0.07692307692307693,130,117,13
same-source,primary,Q0082,lits,MissingnessIndicators,map,0.10019853042818089,130,117,13
same-source,primary,Q0082,lits,OAKG,ndcg@10,0.35459765152630157,130,117,13
same-source,primary,Q0082,lits,OAKG,precision@10,0.3,130,117,13
same-source,primary,Q0082,lits,OAKG,recall@10,0.23076923076923078,130,117,13
same-source,primary,Q0082,lits,OAKG,map,0.16402766520252304,130,117,13
same-source,primary,Q0082,lits,OAKG-Union,ndcg@10,0.35459765152630157,130,117,13
same-source,primary,Q0082,lits,OAKG-Union,precision@10,0.3,130,117,13
same-source,primary,Q0082,lits,OAKG-Union,recall@10,0.23076923076923078,130,117,13
same-source,primary,Q0082,lits,OAKG-Union,map,0.16402766520252304,130,117,13
same-source,primary,Q0082,lits,WL,ndcg@10,0.14285714285714285,130,117,13
same-source,primary,Q0082,lits,WL,precision@10,0.0,130,117,13
same-source,primary,Q0082,lits,WL,recall@10,0.0,130,117,13
same-source,primary,Q0082,lits,WL,map,0.07619709941881385,130,117,13
same-source,primary,Q0082,lits,ZeroImputation,ndcg@10,0.1996464772466192,130,117,13
same-source,primary,Q0082,lits,ZeroImputation,precision@10,0.1,130,117,13
same-source,primary,Q0082,lits,ZeroImputation,recall@10,0.07692307692307693,130,117,13
same-source,primary,Q0082,lits,ZeroImputation,map,0.08810687490953942,130,117,13
same-source,primary,Q0083,lits,MissingnessIndicators,ndcg@10,0.3315072282554974,130,117,13
same-source,primary,Q0083,lits,MissingnessIndicators,precision@10,0.1,130,117,13
same-source,primary,Q0083,lits,MissingnessIndicators,recall@10,0.07692307692307693,130,117,13
same-source,primary,Q0083,lits,MissingnessIndicators,map,0.19161458338041978,130,117,13
same-source,primary,Q0083,lits,OAKG,ndcg@10,0.5803013296579812,130,117,13
same-source,primary,Q0083,lits,OAKG,precision@10,0.4,130,117,13
same-source,primary,Q0083,lits,OAKG,recall@10,0.3076923076923077,130,117,13
same-source,primary,Q0083,lits,OAKG,map,0.44431527536790694,130,117,13
same-source,primary,Q0083,lits,OAKG-Union,ndcg@10,0.5803013296579812,130,117,13
same-source,primary,Q0083,lits,OAKG-Union,precision@10,0.4,130,117,13
same-source,primary,Q0083,lits,OAKG-Union,recall@10,0.3076923076923077,130,117,13
same-source,primary,Q0083,lits,OAKG-Union,map,0.44431527536790694,130,117,13
same-source,primary,Q0083,lits,WL,ndcg@10,0.31842935501593506,130,117,13
same-source,primary,Q0083,lits,WL,precision@10,0.2,130,117,13
same-source,primary,Q0083,lits,WL,recall@10,0.15384615384615385,130,117,13
same-source,primary,Q0083,lits,WL,map,0.1465046241100239,130,117,13
same-source,primary,Q0083,lits,ZeroImputation,ndcg@10,0.261882094748761,130,117,13
same-source,primary,Q0083,lits,ZeroImputation,precision@10,0.1,130,117,13
same-source,primary,Q0083,lits,ZeroImputation,recall@10,0.07692307692307693,130,117,13
same-source,primary,Q0083,lits,ZeroImputation,map,0.15076023750265727,130,117,13
same-source,primary,Q0084,lits,MissingnessIndicators,ndcg@10,1.0,130,117,117
same-source,primary,Q0084,lits,MissingnessIndicators,precision@10,1.0,130,117,117
same-source,primary,Q0084,lits,MissingnessIndicators,recall@10,0.08547008547008547,130,117,117
same-source,primary,Q0084,lits,MissingnessIndicators,map,0.9982839727025774,130,117,117
same-source,primary,Q0084,lits,OAKG,ndcg@10,1.0,130,117,117
same-source,primary,Q0084,lits,OAKG,precision@10,1.0,130,117,117
same-source,primary,Q0084,lits,OAKG,recall@10,0.08547008547008547,130,117,117
same-source,primary,Q0084,lits,OAKG,map,1.0,130,117,117
same-source,primary,Q0084,lits,OAKG-Union,ndcg@10,1.0,130,117,117
same-source,primary,Q0084,lits,OAKG-Union,precision@10,1.0,130,117,117
same-source,primary,Q0084,lits,OAKG-Union,recall@10,0.08547008547008547,130,117,117
same-source,primary,Q0084,lits,OAKG-Union,map,1.0,130,117,117
same-source,primary,Q0084,lits,WL,ndcg@10,1.0,130,117,117
same-source,primary,Q0084,lits,WL,precision@10,1.0,130,117,117
same-source,primary,Q0084,lits,WL,recall@10,0.08547008547008547,130,117,117
same-source,primary,Q0084,lits,WL,map,1.0,130,117,117
same-source,primary,Q0084,lits,ZeroImputation,ndcg@10,1.0,130,117,117
same-source,primary,Q0084,lits,ZeroImputation,precision@10,1.0,130,117,117
same-source,primary,Q0084,lits,ZeroImputation,recall@10,0.08547008547008547,130,117,117
same-source,primary,Q0084,lits,ZeroImputation,map,0.9982839727025774,130,117,117
same-source,primary,Q0085,flare22,MissingnessIndicators,ndcg@10,0.3159817773843635,99,40,29
same-source,primary,Q0085,flare22,MissingnessIndicators,precision@10,0.4,99,40,29
same-source,primary,Q0085,flare22,MissingnessIndicators,recall@10,0.13793103448275862,99,40,29
same-source,primary,Q0085,flare22,MissingnessIndicators,map,0.2938548440333417,99,40,29
same-source,primary,Q0085,flare22,OAKG,ndcg@10,0.07839826897867533,99,40,29
same-source,primary,Q0085,flare22,OAKG,precision@10,0.1,99,40,29
same-source,primary,Q0085,flare22,OAKG,recall@10,0.034482758620689655,99,40,29
same-source,primary,Q0085,flare22,OAKG,map,0.2150090445417845,99,40,29
same-source,primary,Q0085,flare22,OAKG-Union,ndcg@10,0.07839826897867533,99,40,29
same-source,primary,Q0085,flare22,OAKG-Union,precision@10,0.1,99,40,29
same-source,primary,Q0085,flare22,OAKG-Union,recall@10,0.034482758620689655,99,40,29
same-source,primary,Q0085,flare22,OAKG-Union,map,0.2150090445417845,99,40,29
same-source,primary,Q0085,flare22,WL,ndcg@10,0.21726071285222986,99,40,29
same-source,primary,Q0085,flare22,WL,precision@10,0.2,99,40,29
same-source,primary,Q0085,flare22,WL,recall@10,0.06896551724137931,99,40,29
same-source,primary,Q0085,flare22,WL,map,0.2946826428144326,99,40,29
same-source,primary,Q0085,flare22,ZeroImputation,ndcg@10,0.3159817773843635,99,40,29
same-source,primary,Q0085,flare22,ZeroImputation,precision@10,0.4,99,40,29
same-source,primary,Q0085,flare22,ZeroImputation,recall@10,0.13793103448275862,99,40,29
same-source,primary,Q0085,flare22,ZeroImputation,map,0.2938548440333417,99,40,29
same-source,primary,Q0086,flare22,MissingnessIndicators,ndcg@10,0.3125291152215463,99,43,29
same-source,primary,Q0086,flare22,MissingnessIndicators,precision@10,0.3,99,43,29
same-source,primary,Q0086,flare22,MissingnessIndicators,recall@10,0.10344827586206896,99,43,29
same-source,primary,Q0086,flare22,MissingnessIndicators,map,0.29819727731203527,99,43,29
same-source,primary,Q0086,flare22,OAKG,ndcg@10,0.2863459897524692,99,43,29
same-source,primary,Q0086,flare22,OAKG,precision@10,0.2,99,43,29
same-source,primary,Q0086,flare22,OAKG,recall@10,0.06896551724137931,99,43,29
same-source,primary,Q0086,flare22,OAKG,map,0.2668227256498197,99,43,29
same-source,primary,Q0086,flare22,OAKG-Union,ndcg@10,0.2863459897524692,99,43,29
same-source,primary,Q0086,flare22,OAKG-Union,precision@10,0.2,99,43,29
same-source,primary,Q0086,flare22,OAKG-Union,recall@10,0.06896551724137931,99,43,29
same-source,primary,Q0086,flare22,OAKG-Union,map,0.2668227256498197,99,43,29
same-source,primary,Q0086,flare22,WL,ndcg@10,0.2122263659729146,99,43,29
same-source,primary,Q0086,flare22,WL,precision@10,0.2,99,43,29
same-source,primary,Q0086,flare22,WL,recall@10,0.06896551724137931,99,43,29
same-source,primary,Q0086,flare22,WL,map,0.30847154132784166,99,43,29
same-source,primary,Q0086,flare22,ZeroImputation,ndcg@10,0.3125291152215463,99,43,29
same-source,primary,Q0086,flare22,ZeroImputation,precision@10,0.3,99,43,29
same-source,primary,Q0086,flare22,ZeroImputation,recall@10,0.10344827586206896,99,43,29
same-source,primary,Q0086,flare22,ZeroImputation,map,0.29819727731203527,99,43,29
same-source,primary,Q0087,flare22,MissingnessIndicators,ndcg@10,0.09823576096061169,99,40,29
same-source,primary,Q0087,flare22,MissingnessIndicators,precision@10,0.1,99,40,29
same-source,primary,Q0087,flare22,MissingnessIndicators,recall@10,0.034482758620689655,99,40,29
same-source,primary,Q0087,flare22,MissingnessIndicators,map,0.24550397623518508,99,40,29
same-source,primary,Q0087,flare22,OAKG,ndcg@10,0.0,99,40,29
same-source,primary,Q0087,flare22,OAKG,precision@10,0.0,99,40,29
same-source,primary,Q0087,flare22,OAKG,recall@10,0.0,99,40,29
same-source,primary,Q0087,flare22,OAKG,map,0.19286574196734954,99,40,29
same-source,primary,Q0087,flare22,OAKG-Union,ndcg@10,0.0,99,40,29
same-source,primary,Q0087,flare22,OAKG-Union,precision@10,0.0,99,40,29
same-source,primary,Q0087,flare22,OAKG-Union,recall@10,0.0,99,40,29
same-source,primary,Q0087,flare22,OAKG-Union,map,0.19275762133561614,99,40,29
same-source,primary,Q0087,flare22,WL,ndcg@10,0.2122263659729146,99,40,29
same-source,primary,Q0087,flare22,WL,precision@10,0.2,99,40,29
same-source,primary,Q0087,flare22,WL,recall@10,0.06896551724137931,99,40,29
same-source,primary,Q0087,flare22,WL,map,0.2930406066896379,99,40,29
same-source,primary,Q0087,flare22,ZeroImputation,ndcg@10,0.09823576096061169,99,40,29
same-source,primary,Q0087,flare22,ZeroImputation,precision@10,0.1,99,40,29
same-source,primary,Q0087,flare22,ZeroImputation,recall@10,0.034482758620689655,99,40,29
same-source,primary,Q0087,flare22,ZeroImputation,map,0.24550397623518508,99,40,29
same-source,primary,Q0088,flare22,MissingnessIndicators,ndcg@10,0.06943122193677727,99,40,26
same-source,primary,Q0088,flare22,MissingnessIndicators,precision@10,0.1,99,40,26
same-source,primary,Q0088,flare22,MissingnessIndicators,recall@10,0.038461538461538464,99,40,26
same-source,primary,Q0088,flare22,MissingnessIndicators,map,0.2232371416842283,99,40,26
same-source,primary,Q0088,flare22,OAKG,ndcg@10,0.07336392209936006,99,40,26
same-source,primary,Q0088,flare22,OAKG,precision@10,0.1,99,40,26
same-source,primary,Q0088,flare22,OAKG,recall@10,0.038461538461538464,99,40,26
same-source,primary,Q0088,flare22,OAKG,map,0.21763432365489507,99,40,26
same-source,primary,Q0088,flare22,OAKG-Union,ndcg@10,0.07336392209936006,99,40,26
same-source,primary,Q0088,flare22,OAKG-Union,precision@10,0.1,99,40,26
same-source,primary,Q0088,flare22,OAKG-Union,recall@10,0.038461538461538464,99,40,26
same-source,primary,Q0088,flare22,OAKG-Union,map,0.2177353931539579,99,40,26
same-source,primary,Q0088,flare22,WL,ndcg@10,0.2122263659729146,99,40,26
same-source,primary,Q0088,flare22,WL,precision@10,0.2,99,40,26
same-source,primary,Q0088,flare22,WL,recall@10,0.07692307692307693,99,40,26
same-source,primary,Q0088,flare22,WL,map,0.28789673181377906,99,40,26
same-source,primary,Q0088,flare22,ZeroImputation,ndcg@10,0.06943122193677727,99,40,26
same-source,primary,Q0088,flare22,ZeroImputation,precision@10,0.1,99,40,26
same-source,primary,Q0088,flare22,ZeroImputation,recall@10,0.038461538461538464,99,40,26
same-source,primary,Q0088,flare22,ZeroImputation,map,0.2232371416842283,99,40,26
same-source,primary,Q0089,flare22,MissingnessIndicators,ndcg@10,0.0,99,50,30
same-source,primary,Q0089,flare22,MissingnessIndicators,precision@10,0.0,99,50,30
same-source,primary,Q0089,flare22,MissingnessIndicators,recall@10,0.0,99,50,30
same-source,primary,Q0089,flare22,MissingnessIndicators,map,0.21825834110032735,99,50,30
same-source,primary,Q0089,flare22,OAKG,ndcg@10,0.23177307466786254,99,50,30
same-source,primary,Q0089,flare22,OAKG,precision@10,0.3,99,50,30
same-source,primary,Q0089,flare22,OAKG,recall@10,0.1,99,50,30
same-source,primary,Q0089,flare22,OAKG,map,0.30469309693244107,99,50,30
same-source,primary,Q0089,flare22,OAKG-Union,ndcg@10,0.23177307466786254,99,50,30
same-source,primary,Q0089,flare22,OAKG-Union,precision@10,0.3,99,50,30
same-source,primary,Q0089,flare22,OAKG-Union,recall@10,0.1,99,50,30
same-source,primary,Q0089,flare22,OAKG-Union,map,0.3045907577511545,99,50,30
same-source,primary,Q0089,flare22,WL,ndcg@10,0.3452783761086436,99,50,30
same-source,primary,Q0089,flare22,WL,precision@10,0.4,99,50,30
same-source,primary,Q0089,flare22,WL,recall@10,0.13333333333333333,99,50,30
same-source,primary,Q0089,flare22,WL,map,0.31244964598025926,99,50,30
same-source,primary,Q0089,flare22,ZeroImputation,ndcg@10,0.0,99,50,30
same-source,primary,Q0089,flare22,ZeroImputation,precision@10,0.0,99,50,30
same-source,primary,Q0089,flare22,ZeroImputation,recall@10,0.0,99,50,30
same-source,primary,Q0089,flare22,ZeroImputation,map,0.21825834110032735,99,50,30
same-source,primary,Q0090,flare22,MissingnessIndicators,ndcg@10,0.11815141960102168,99,50,30
same-source,primary,Q0090,flare22,MissingnessIndicators,precision@10,0.1,99,50,30
same-source,primary,Q0090,flare22,MissingnessIndicators,recall@10,0.03333333333333333,99,50,30
same-source,primary,Q0090,flare22,MissingnessIndicators,map,0.23694722710614366,99,50,30
same-source,primary,Q0090,flare22,OAKG,ndcg@10,0.0,99,50,30
same-source,primary,Q0090,flare22,OAKG,precision@10,0.0,99,50,30
same-source,primary,Q0090,flare22,OAKG,recall@10,0.0,99,50,30
same-source,primary,Q0090,flare22,OAKG,map,0.19730357568569248,99,50,30
same-source,primary,Q0090,flare22,OAKG-Union,ndcg@10,0.0,99,50,30
same-source,primary,Q0090,flare22,OAKG-Union,precision@10,0.0,99,50,30
same-source,primary,Q0090,flare22,OAKG-Union,recall@10,0.0,99,50,30
same-source,primary,Q0090,flare22,OAKG-Union,map,0.19730357568569248,99,50,30
same-source,primary,Q0090,flare22,WL,ndcg@10,0.3452783761086436,99,50,30
same-source,primary,Q0090,flare22,WL,precision@10,0.4,99,50,30
same-source,primary,Q0090,flare22,WL,recall@10,0.13333333333333333,99,50,30
same-source,primary,Q0090,flare22,WL,map,0.3118356108925399,99,50,30
same-source,primary,Q0090,flare22,ZeroImputation,ndcg@10,0.11815141960102168,99,50,30
same-source,primary,Q0090,flare22,ZeroImputation,precision@10,0.1,99,50,30
same-source,primary,Q0090,flare22,ZeroImputation,recall@10,0.03333333333333333,99,50,30
same-source,primary,Q0090,flare22,ZeroImputation,map,0.23694722710614366,99,50,30
same-source,primary,Q0091,flare22,MissingnessIndicators,ndcg@10,0.5572998242663683,99,43,43
same-source,primary,Q0091,flare22,MissingnessIndicators,precision@10,0.5,99,43,43
same-source,primary,Q0091,flare22,MissingnessIndicators,recall@10,0.11627906976744186,99,43,43
same-source,primary,Q0091,flare22,MissingnessIndicators,map,0.48775617355255857,99,43,43
same-source,primary,Q0091,flare22,OAKG,ndcg@10,0.31204907722178066,99,43,43
same-source,primary,Q0091,flare22,OAKG,precision@10,0.3,99,43,43
same-source,primary,Q0091,flare22,OAKG,recall@10,0.06976744186046512,99,43,43
same-source,primary,Q0091,flare22,OAKG,map,0.3741380764054078,99,43,43
same-source,primary,Q0091,flare22,OAKG-Union,ndcg@10,0.31204907722178066,99,43,43
same-source,primary,Q0091,flare22,OAKG-Union,precision@10,0.3,99,43,43
same-source,primary,Q0091,flare22,OAKG-Union,recall@10,0.06976744186046512,99,43,43
same-source,primary,Q0091,flare22,OAKG-Union,map,0.3741380764054078,99,43,43
same-source,primary,Q0091,flare22,WL,ndcg@10,0.2122263659729146,99,43,43
same-source,primary,Q0091,flare22,WL,precision@10,0.2,99,43,43
same-source,primary,Q0091,flare22,WL,recall@10,0.046511627906976744,99,43,43
same-source,primary,Q0091,flare22,WL,map,0.38220002916846474,99,43,43
same-source,primary,Q0091,flare22,ZeroImputation,ndcg@10,0.5572998242663683,99,43,43
same-source,primary,Q0091,flare22,ZeroImputation,precision@10,0.5,99,43,43
same-source,primary,Q0091,flare22,ZeroImputation,recall@10,0.11627906976744186,99,43,43
same-source,primary,Q0091,flare22,ZeroImputation,map,0.48775617355255857,99,43,43
same-source,primary,Q0092,flare22,MissingnessIndicators,ndcg@10,0.718803744844459,99,49,30
same-source,primary,Q0092,flare22,MissingnessIndicators,precision@10,0.6,99,49,30
same-source,primary,Q0092,flare22,MissingnessIndicators,recall@10,0.2,99,49,30
same-source,primary,Q0092,flare22,MissingnessIndicators,map,0.558521691844543,99,49,30
same-source,primary,Q0092,flare22,OAKG,ndcg@10,0.41115323210409144,99,49,30
same-source,primary,Q0092,flare22,OAKG,precision@10,0.4,99,49,30
same-source,primary,Q0092,flare22,OAKG,recall@10,0.13333333333333333,99,49,30
same-source,primary,Q0092,flare22,OAKG,map,0.3637774537805347,99,49,30
same-source,primary,Q0092,flare22,OAKG-Union,ndcg@10,0.41115323210409144,99,49,30
same-source,primary,Q0092,flare22,OAKG-Union,precision@10,0.4,99,49,30
same-source,primary,Q0092,flare22,OAKG-Union,recall@10,0.13333333333333333,99,49,30
same-source,primary,Q0092,flare22,OAKG-Union,map,0.36388495497499246,99,49,30
same-source,primary,Q0092,flare22,WL,ndcg@10,0.3452783761086436,99,49,30
same-source,primary,Q0092,flare22,WL,precision@10,0.4,99,49,30
same-source,primary,Q0092,flare22,WL,recall@10,0.13333333333333333,99,49,30
same-source,primary,Q0092,flare22,WL,map,0.3102902896008418,99,49,30
same-source,primary,Q0092,flare22,ZeroImputation,ndcg@10,0.718803744844459,99,49,30
same-source,primary,Q0092,flare22,ZeroImputation,precision@10,0.6,99,49,30
same-source,primary,Q0092,flare22,ZeroImputation,recall@10,0.2,99,49,30
same-source,primary,Q0092,flare22,ZeroImputation,map,0.558521691844543,99,49,30
same-source,primary,Q0093,flare22,MissingnessIndicators,ndcg@10,0.4784649823855875,99,42,27
same-source,primary,Q0093,flare22,MissingnessIndicators,precision@10,0.3,99,42,27
same-source,primary,Q0093,flare22,MissingnessIndicators,recall@10,0.1111111111111111,99,42,27
same-source,primary,Q0093,flare22,MissingnessIndicators,map,0.4075671784521759,99,42,27
same-source,primary,Q0093,flare22,OAKG,ndcg@10,0.3785988060390612,99,42,27
same-source,primary,Q0093,flare22,OAKG,precision@10,0.3,99,42,27
same-source,primary,Q0093,flare22,OAKG,recall@10,0.1111111111111111,99,42,27
same-source,primary,Q0093,flare22,OAKG,map,0.2726674433517716,99,42,27
same-source,primary,Q0093,flare22,OAKG-Union,ndcg@10,0.3785988060390612,99,42,27
same-source,primary,Q0093,flare22,OAKG-Union,precision@10,0.3,99,42,27
same-source,primary,Q0093,flare22,OAKG-Union,recall@10,0.1111111111111111,99,42,27
same-source,primary,Q0093,flare22,OAKG-Union,map,0.27277113046553714,99,42,27
same-source,primary,Q0093,flare22,WL,ndcg@10,0.2122263659729146,99,42,27
same-source,primary,Q0093,flare22,WL,precision@10,0.2,99,42,27
same-source,primary,Q0093,flare22,WL,recall@10,0.07407407407407407,99,42,27
same-source,primary,Q0093,flare22,WL,map,0.247430051725873,99,42,27
same-source,primary,Q0093,flare22,ZeroImputation,ndcg@10,0.4784649823855875,99,42,27
same-source,primary,Q0093,flare22,ZeroImputation,precision@10,0.3,99,42,27
same-source,primary,Q0093,flare22,ZeroImputation,recall@10,0.1111111111111111,99,42,27
same-source,primary,Q0093,flare22,ZeroImputation,map,0.4075671784521759,99,42,27
same-source,primary,Q0094,flare22,MissingnessIndicators,ndcg@10,0.5077109804726099,99,96,55
same-source,primary,Q0094,flare22,MissingnessIndicators,precision@10,0.5,99,96,55
same-source,primary,Q0094,flare22,MissingnessIndicators,recall@10,0.09090909090909091,99,96,55
same-source,primary,Q0094,flare22,MissingnessIndicators,map,0.5419484658834978,99,96,55
same-source,primary,Q0094,flare22,OAKG,ndcg@10,0.14285714285714285,99,96,55
same-source,primary,Q0094,flare22,OAKG,precision@10,0.0,99,96,55
same-source,primary,Q0094,flare22,OAKG,recall@10,0.0,99,96,55
same-source,primary,Q0094,flare22,OAKG,map,0.41008641368190607,99,96,55
same-source,primary,Q0094,flare22,OAKG-Union,ndcg@10,0.14285714285714285,99,96,55
same-source,primary,Q0094,flare22,OAKG-Union,precision@10,0.0,99,96,55
same-source,primary,Q0094,flare22,OAKG-Union,recall@10,0.0,99,96,55
same-source,primary,Q0094,flare22,OAKG-Union,map,0.41019266554131356,99,96,55
same-source,primary,Q0094,flare22,WL,ndcg@10,0.8079952329869924,99,96,55
same-source,primary,Q0094,flare22,WL,precision@10,0.8,99,96,55
same-source,primary,Q0094,flare22,WL,recall@10,0.14545454545454545,99,96,55
same-source,primary,Q0094,flare22,WL,map,0.6717235126418599,99,96,55
same-source,primary,Q0094,flare22,ZeroImputation,ndcg@10,0.5077109804726099,99,96,55
same-source,primary,Q0094,flare22,ZeroImputation,precision@10,0.5,99,96,55
same-source,primary,Q0094,flare22,ZeroImputation,recall@10,0.09090909090909091,99,96,55
same-source,primary,Q0094,flare22,ZeroImputation,map,0.5419484658834978,99,96,55
same-source,primary,Q0095,flare22,MissingnessIndicators,ndcg@10,0.15139734109601005,99,43,43
same-source,primary,Q0095,flare22,MissingnessIndicators,precision@10,0.2,99,43,43
same-source,primary,Q0095,flare22,MissingnessIndicators,recall@10,0.046511627906976744,99,43,43
same-source,primary,Q0095,flare22,MissingnessIndicators,map,0.3714444255251357,99,43,43
same-source,primary,Q0095,flare22,OAKG,ndcg@10,0.2866919347890071,99,43,43
same-source,primary,Q0095,flare22,OAKG,precision@10,0.3,99,43,43
same-source,primary,Q0095,flare22,OAKG,recall@10,0.06976744186046512,99,43,43
same-source,primary,Q0095,flare22,OAKG,map,0.36882359847051704,99,43,43
same-source,primary,Q0095,flare22,OAKG-Union,ndcg@10,0.2866919347890071,99,43,43
same-source,primary,Q0095,flare22,OAKG-Union,precision@10,0.3,99,43,43
same-source,primary,Q0095,flare22,OAKG-Union,recall@10,0.06976744186046512,99,43,43
same-source,primary,Q0095,flare22,OAKG-Union,map,0.36882359847051704,99,43,43
same-source,primary,Q0095,flare22,WL,ndcg@10,0.2122263659729146,99,43,43
same-source,primary,Q0095,flare22,WL,precision@10,0.2,99,43,43
same-source,primary,Q0095,flare22,WL,recall@10,0.046511627906976744,99,43,43
same-source,primary,Q0095,flare22,WL,map,0.3817579141352019,99,43,43
same-source,primary,Q0095,flare22,ZeroImputation,ndcg@10,0.15139734109601005,99,43,43
same-source,primary,Q0095,flare22,ZeroImputation,precision@10,0.2,99,43,43
same-source,primary,Q0095,flare22,ZeroImputation,recall@10,0.046511627906976744,99,43,43
same-source,primary,Q0095,flare22,ZeroImputation,map,0.3714444255251357,99,43,43
same-source,primary,Q0096,flare22,MissingnessIndicators,ndcg@10,0.14201905717762706,99,50,28
same-source,primary,Q0096,flare22,MissingnessIndicators,precision@10,0.2,99,50,28
same-source,primary,Q0096,flare22,MissingnessIndicators,recall@10,0.07142857142857142,99,50,28
same-source,primary,Q0096,flare22,MissingnessIndicators,map,0.26278015474344646,99,50,28
same-source,primary,Q0096,flare22,OAKG,ndcg@10,0.0,99,50,28
same-source,primary,Q0096,flare22,OAKG,precision@10,0.0,99,50,28
same-source,primary,Q0096,flare22,OAKG,recall@10,0.0,99,50,28
same-source,primary,Q0096,flare22,OAKG,map,0.18601799101063204,99,50,28
same-source,primary,Q0096,flare22,OAKG-Union,ndcg@10,0.0,99,50,28
same-source,primary,Q0096,flare22,OAKG-Union,precision@10,0.0,99,50,28
same-source,primary,Q0096,flare22,OAKG-Union,recall@10,0.0,99,50,28
same-source,primary,Q0096,flare22,OAKG-Union,map,0.18612012520679505,99,50,28
same-source,primary,Q0096,flare22,WL,ndcg@10,0.23123379599230445,99,50,28
same-source,primary,Q0096,flare22,WL,precision@10,0.2,99,50,28
same-source,primary,Q0096,flare22,WL,recall@10,0.07142857142857142,99,50,28
same-source,primary,Q0096,flare22,WL,map,0.25810544987552186,99,50,28
same-source,primary,Q0096,flare22,ZeroImputation,ndcg@10,0.14201905717762706,99,50,28
same-source,primary,Q0096,flare22,ZeroImputation,precision@10,0.2,99,50,28
same-source,primary,Q0096,flare22,ZeroImputation,recall@10,0.07142857142857142,99,50,28
same-source,primary,Q0096,flare22,ZeroImputation,map,0.26278015474344646,99,50,28
same-source,primary,Q0097,flare22,MissingnessIndicators,ndcg@10,0.6974747215056604,99,96,55
same-source,primary,Q0097,flare22,MissingnessIndicators,precision@10,0.6,99,96,55
same-source,primary,Q0097,flare22,MissingnessIndicators,recall@10,0.10909090909090909,99,96,55
same-source,primary,Q0097,flare22,MissingnessIndicators,map,0.5724470615917283,99,96,55
same-source,primary,Q0097,flare22,OAKG,ndcg@10,0.3752186894054114,99,96,55
same-source,primary,Q0097,flare22,OAKG,precision@10,0.3,99,96,55
same-source,primary,Q0097,flare22,OAKG,recall@10,0.05454545454545454,99,96,55
same-source,primary,Q0097,flare22,OAKG,map,0.48733647549830916,99,96,55
same-source,primary,Q0097,flare22,OAKG-Union,ndcg@10,0.3752186894054114,99,96,55
same-source,primary,Q0097,flare22,OAKG-Union,precision@10,0.3,99,96,55
same-source,primary,Q0097,flare22,OAKG-Union,recall@10,0.05454545454545454,99,96,55
same-source,primary,Q0097,flare22,OAKG-Union,map,0.48862189378214277,99,96,55
same-source,primary,Q0097,flare22,WL,ndcg@10,0.7301027451420306,99,96,55
same-source,primary,Q0097,flare22,WL,precision@10,0.8,99,96,55
same-source,primary,Q0097,flare22,WL,recall@10,0.14545454545454545,99,96,55
same-source,primary,Q0097,flare22,WL,map,0.6568043153380393,99,96,55
same-source,primary,Q0097,flare22,ZeroImputation,ndcg@10,0.6974747215056604,99,96,55
same-source,primary,Q0097,flare22,ZeroImputation,precision@10,0.6,99,96,55
same-source,primary,Q0097,flare22,ZeroImputation,recall@10,0.10909090909090909,99,96,55
same-source,primary,Q0097,flare22,ZeroImputation,map,0.5724470615917283,99,96,55
same-source,primary,Q0098,flare22,MissingnessIndicators,ndcg@10,0.2787201307919488,99,55,30
same-source,primary,Q0098,flare22,MissingnessIndicators,precision@10,0.3,99,55,30
same-source,primary,Q0098,flare22,MissingnessIndicators,recall@10,0.1,99,55,30
same-source,primary,Q0098,flare22,MissingnessIndicators,map,0.2852777143506186,99,55,30
same-source,primary,Q0098,flare22,OAKG,ndcg@10,0.36602461869280256,99,55,30
same-source,primary,Q0098,flare22,OAKG,precision@10,0.4,99,55,30
same-source,primary,Q0098,flare22,OAKG,recall@10,0.13333333333333333,99,55,30
same-source,primary,Q0098,flare22,OAKG,map,0.3383990794936994,99,55,30
same-source,primary,Q0098,flare22,OAKG-Union,ndcg@10,0.36602461869280256,99,55,30
same-source,primary,Q0098,flare22,OAKG-Union,precision@10,0.4,99,55,30
same-source,primary,Q0098,flare22,OAKG-Union,recall@10,0.13333333333333333,99,55,30
same-source,primary,Q0098,flare22,OAKG-Union,map,0.33850426883451284,99,55,30
same-source,primary,Q0098,flare22,WL,ndcg@10,0.39382716085489006,99,55,30
same-source,primary,Q0098,flare22,WL,precision@10,0.4,99,55,30
same-source,primary,Q0098,flare22,WL,recall@10,0.13333333333333333,99,55,30
same-source,primary,Q0098,flare22,WL,map,0.31009649115122945,99,55,30
same-source,primary,Q0098,flare22,ZeroImputation,ndcg@10,0.2787201307919488,99,55,30
same-source,primary,Q0098,flare22,ZeroImputation,precision@10,0.3,99,55,30
same-source,primary,Q0098,flare22,ZeroImputation,recall@10,0.1,99,55,30
same-source,primary,Q0098,flare22,ZeroImputation,map,0.2852777143506186,99,55,30
same-source,primary,Q0099,flare22,MissingnessIndicators,ndcg@10,0.2122263659729146,99,43,28
same-source,primary,Q0099,flare22,MissingnessIndicators,precision@10,0.2,99,43,28
same-source,primary,Q0099,flare22,MissingnessIndicators,recall@10,0.07142857142857142,99,43,28
same-source,primary,Q0099,flare22,MissingnessIndicators,map,0.23498514303478873,99,43,28
same-source,primary,Q0099,flare22,OAKG,ndcg@10,0.0,99,43,28
same-source,primary,Q0099,flare22,OAKG,precision@10,0.0,99,43,28
same-source,primary,Q0099,flare22,OAKG,recall@10,0.0,99,43,28
same-source,primary,Q0099,flare22,OAKG,map,0.17872551476754348,99,43,28
same-source,primary,Q0099,flare22,OAKG-Union,ndcg@10,0.0,99,43,28
same-source,primary,Q0099,flare22,OAKG-Union,precision@10,0.0,99,43,28
same-source,primary,Q0099,flare22,OAKG-Union,recall@10,0.0,99,43,28
same-source,primary,Q0099,flare22,OAKG-Union,map,0.1787255821087717,99,43,28
same-source,primary,Q0099,flare22,WL,ndcg@10,0.2122263659729146,99,43,28
same-source,primary,Q0099,flare22,WL,precision@10,0.2,99,43,28
same-source,primary,Q0099,flare22,WL,recall@10,0.07142857142857142,99,43,28
same-source,primary,Q0099,flare22,WL,map,0.25730537534909464,99,43,28
same-source,primary,Q0099,flare22,ZeroImputation,ndcg@10,0.2122263659729146,99,43,28
same-source,primary,Q0099,flare22,ZeroImputation,precision@10,0.2,99,43,28
same-source,primary,Q0099,flare22,ZeroImputation,recall@10,0.07142857142857142,99,43,28
same-source,primary,Q0099,flare22,ZeroImputation,map,0.23498514303478873,99,43,28
same-source,primary,Q0100,flare22,MissingnessIndicators,ndcg@10,0.3866854800005044,99,49,23
same-source,primary,Q0100,flare22,MissingnessIndicators,precision@10,0.3,99,49,23
same-source,primary,Q0100,flare22,MissingnessIndicators,recall@10,0.13043478260869565,99,49,23
same-source,primary,Q0100,flare22,MissingnessIndicators,map,0.27249996590081516,99,49,23
same-source,primary,Q0100,flare22,OAKG,ndcg@10,0.5991460842621132,99,49,23
same-source,primary,Q0100,flare22,OAKG,precision@10,0.6,99,49,23
same-source,primary,Q0100,flare22,OAKG,recall@10,0.2608695652173913,99,49,23
same-source,primary,Q0100,flare22,OAKG,map,0.5479173687501288,99,49,23
same-source,primary,Q0100,flare22,OAKG-Union,ndcg@10,0.5991460842621132,99,49,23
same-source,primary,Q0100,flare22,OAKG-Union,precision@10,0.6,99,49,23
same-source,primary,Q0100,flare22,OAKG-Union,recall@10,0.2608695652173913,99,49,23
same-source,primary,Q0100,flare22,OAKG-Union,map,0.5477047837161151,99,49,23
same-source,primary,Q0100,flare22,WL,ndcg@10,0.23123379599230445,99,49,23
same-source,primary,Q0100,flare22,WL,precision@10,0.2,99,49,23
same-source,primary,Q0100,flare22,WL,recall@10,0.08695652173913043,99,49,23
same-source,primary,Q0100,flare22,WL,map,0.23804467247239766,99,49,23
same-source,primary,Q0100,flare22,ZeroImputation,ndcg@10,0.3866854800005044,99,49,23
same-source,primary,Q0100,flare22,ZeroImputation,precision@10,0.3,99,49,23
same-source,primary,Q0100,flare22,ZeroImputation,recall@10,0.13043478260869565,99,49,23
same-source,primary,Q0100,flare22,ZeroImputation,map,0.27249996590081516,99,49,23
same-source,primary,Q0101,flare22,MissingnessIndicators,ndcg@10,0.6602355375129919,99,49,24
same-source,primary,Q0101,flare22,MissingnessIndicators,precision@10,0.7,99,49,24
same-source,primary,Q0101,flare22,MissingnessIndicators,recall@10,0.2916666666666667,99,49,24
same-source,primary,Q0101,flare22,MissingnessIndicators,map,0.4217349455941761,99,49,24
same-source,primary,Q0101,flare22,OAKG,ndcg@10,0.30944541289499083,99,49,24
same-source,primary,Q0101,flare22,OAKG,precision@10,0.3,99,49,24
same-source,primary,Q0101,flare22,OAKG,recall@10,0.125,99,49,24
same-source,primary,Q0101,flare22,OAKG,map,0.2174635897750544,99,49,24
same-source,primary,Q0101,flare22,OAKG-Union,ndcg@10,0.30944541289499083,99,49,24
same-source,primary,Q0101,flare22,OAKG-Union,precision@10,0.3,99,49,24
same-source,primary,Q0101,flare22,OAKG-Union,recall@10,0.125,99,49,24
same-source,primary,Q0101,flare22,OAKG-Union,map,0.2174635897750544,99,49,24
same-source,primary,Q0101,flare22,WL,ndcg@10,0.23123379599230445,99,49,24
same-source,primary,Q0101,flare22,WL,precision@10,0.2,99,49,24
same-source,primary,Q0101,flare22,WL,recall@10,0.08333333333333333,99,49,24
same-source,primary,Q0101,flare22,WL,map,0.24329860520494576,99,49,24
same-source,primary,Q0101,flare22,ZeroImputation,ndcg@10,0.6602355375129919,99,49,24
same-source,primary,Q0101,flare22,ZeroImputation,precision@10,0.7,99,49,24
same-source,primary,Q0101,flare22,ZeroImputation,recall@10,0.2916666666666667,99,49,24
same-source,primary,Q0101,flare22,ZeroImputation,map,0.4217349455941761,99,49,24
same-source,primary,Q0102,flare22,MissingnessIndicators,ndcg@10,0.5810820381115674,99,54,29
same-source,primary,Q0102,flare22,MissingnessIndicators,precision@10,0.5,99,54,29
same-source,primary,Q0102,flare22,MissingnessIndicators,recall@10,0.1724137931034483,99,54,29
same-source,primary,Q0102,flare22,MissingnessIndicators,map,0.470003753333975,99,54,29
same-source,primary,Q0102,flare22,OAKG,ndcg@10,0.7129364705087687,99,54,29
same-source,primary,Q0102,flare22,OAKG,precision@10,0.6,99,54,29
same-source,primary,Q0102,flare22,OAKG,recall@10,0.20689655172413793,99,54,29
same-source,primary,Q0102,flare22,OAKG,map,0.6231452498570023,99,54,29
same-source,primary,Q0102,flare22,OAKG-Union,ndcg@10,0.7129364705087687,99,54,29
same-source,primary,Q0102,flare22,OAKG-Union,precision@10,0.6,99,54,29
same-source,primary,Q0102,flare22,OAKG-Union,recall@10,0.20689655172413793,99,54,29
same-source,primary,Q0102,flare22,OAKG-Union,map,0.6126414419899956,99,54,29
same-source,primary,Q0102,flare22,WL,ndcg@10,0.39382716085489006,99,54,29
same-source,primary,Q0102,flare22,WL,precision@10,0.4,99,54,29
same-source,primary,Q0102,flare22,WL,recall@10,0.13793103448275862,99,54,29
same-source,primary,Q0102,flare22,WL,map,0.30579519234198027,99,54,29
same-source,primary,Q0102,flare22,ZeroImputation,ndcg@10,0.5810820381115674,99,54,29
same-source,primary,Q0102,flare22,ZeroImputation,precision@10,0.5,99,54,29
same-source,primary,Q0102,flare22,ZeroImputation,recall@10,0.1724137931034483,99,54,29
same-source,primary,Q0102,flare22,ZeroImputation,map,0.470003753333975,99,54,29
same-source,primary,Q0103,flare22,MissingnessIndicators,ndcg@10,0.3646941048482395,99,96,48
same-source,primary,Q0103,flare22,MissingnessIndicators,precision@10,0.3,99,96,48
same-source,primary,Q0103,flare22,MissingnessIndicators,recall@10,0.0625,99,96,48
same-source,primary,Q0103,flare22,MissingnessIndicators,map,0.37261972120535297,99,96,48
same-source,primary,Q0103,flare22,OAKG,ndcg@10,0.7508931700414943,99,96,48
same-source,primary,Q0103,flare22,OAKG,precision@10,0.7,99,96,48
same-source,primary,Q0103,flare22,OAKG,recall@10,0.14583333333333334,99,96,48
same-source,primary,Q0103,flare22,OAKG,map,0.5241496715063712,99,96,48
same-source,primary,Q0103,flare22,OAKG-Union,ndcg@10,0.7508931700414943,99,96,48
same-source,primary,Q0103,flare22,OAKG-Union,precision@10,0.7,99,96,48
same-source,primary,Q0103,flare22,OAKG-Union,recall@10,0.14583333333333334,99,96,48
same-source,primary,Q0103,flare22,OAKG-Union,map,0.5241496715063712,99,96,48
same-source,primary,Q0103,flare22,WL,ndcg@10,0.43881003666455165,99,96,48
same-source,primary,Q0103,flare22,WL,precision@10,0.4,99,96,48
same-source,primary,Q0103,flare22,WL,recall@10,0.08333333333333333,99,96,48
same-source,primary,Q0103,flare22,WL,map,0.43048012351687875,99,96,48
same-source,primary,Q0103,flare22,ZeroImputation,ndcg@10,0.3646941048482395,99,96,48
same-source,primary,Q0103,flare22,ZeroImputation,precision@10,0.3,99,96,48
same-source,primary,Q0103,flare22,ZeroImputation,recall@10,0.0625,99,96,48
same-source,primary,Q0103,flare22,ZeroImputation,map,0.37261972120535297,99,96,48
same-source,primary,Q0104,flare22,MissingnessIndicators,ndcg@10,0.5481540639795447,99,43,43
same-source,primary,Q0104,flare22,MissingnessIndicators,precision@10,0.5,99,43,43
same-source,primary,Q0104,flare22,MissingnessIndicators,recall@10,0.11627906976744186,99,43,43
same-source,primary,Q0104,flare22,MissingnessIndicators,map,0.4432191096861304,99,43,43
same-source,primary,Q0104,flare22,OAKG,ndcg@10,0.0,99,43,43
same-source,primary,Q0104,flare22,OAKG,precision@10,0.0,99,43,43
same-source,primary,Q0104,flare22,OAKG,recall@10,0.0,99,43,43
same-source,primary,Q0104,flare22,OAKG,map,0.2976894806365885,99,43,43
same-source,primary,Q0104,flare22,OAKG-Union,ndcg@10,0.0,99,43,43
same-source,primary,Q0104,flare22,OAKG-Union,precision@10,0.0,99,43,43
same-source,primary,Q0104,flare22,OAKG-Union,recall@10,0.0,99,43,43
same-source,primary,Q0104,flare22,OAKG-Union,map,0.2974843368432764,99,43,43
same-source,primary,Q0104,flare22,WL,ndcg@10,0.17947710508581735,99,43,43
same-source,primary,Q0104,flare22,WL,precision@10,0.2,99,43,43
same-source,primary,Q0104,flare22,WL,recall@10,0.046511627906976744,99,43,43
same-source,primary,Q0104,flare22,WL,map,0.37364816221362,99,43,43
same-source,primary,Q0104,flare22,ZeroImputation,ndcg@10,0.5481540639795447,99,43,43
same-source,primary,Q0104,flare22,ZeroImputation,precision@10,0.5,99,43,43
same-source,primary,Q0104,flare22,ZeroImputation,recall@10,0.11627906976744186,99,43,43
same-source,primary,Q0104,flare22,ZeroImputation,map,0.4432191096861304,99,43,43
same-source,primary,Q0105,flare22,MissingnessIndicators,ndcg@10,0.3947751826126008,99,49,28
same-source,primary,Q0105,flare22,MissingnessIndicators,precision@10,0.4,99,49,28
same-source,primary,Q0105,flare22,MissingnessIndicators,recall@10,0.14285714285714285,99,49,28
same-source,primary,Q0105,flare22,MissingnessIndicators,map,0.31991473383023206,99,49,28
same-source,primary,Q0105,flare22,OAKG,ndcg@10,0.12989283987529454,99,49,28
same-source,primary,Q0105,flare22,OAKG,precision@10,0.1,99,49,28
same-source,primary,Q0105,flare22,OAKG,recall@10,0.03571428571428571,99,49,28
same-source,primary,Q0105,flare22,OAKG,map,0.20425694147065335,99,49,28
same-source,primary,Q0105,flare22,OAKG-Union,ndcg@10,0.12989283987529454,99,49,28
same-source,primary,Q0105,flare22,OAKG-Union,precision@10,0.1,99,49,28
same-source,primary,Q0105,flare22,OAKG-Union,recall@10,0.03571428571428571,99,49,28
same-source,primary,Q0105,flare22,OAKG-Union,map,0.20425725862420982,99,49,28
same-source,primary,Q0105,flare22,WL,ndcg@10,0.23123379599230445,99,49,28
same-source,primary,Q0105,flare22,WL,precision@10,0.2,99,49,28
same-source,primary,Q0105,flare22,WL,recall@10,0.07142857142857142,99,49,28
same-source,primary,Q0105,flare22,WL,map,0.25598925851012416,99,49,28
same-source,primary,Q0105,flare22,ZeroImputation,ndcg@10,0.3947751826126008,99,49,28
same-source,primary,Q0105,flare22,ZeroImputation,precision@10,0.4,99,49,28
same-source,primary,Q0105,flare22,ZeroImputation,recall@10,0.14285714285714285,99,49,28
same-source,primary,Q0105,flare22,ZeroImputation,map,0.31991473383023206,99,49,28
same-source,primary,Q0106,flare22,MissingnessIndicators,ndcg@10,0.7909506325094736,99,39,39
same-source,primary,Q0106,flare22,MissingnessIndicators,precision@10,0.7,99,39,39
same-source,primary,Q0106,flare22,MissingnessIndicators,recall@10,0.1794871794871795,99,39,39
same-source,primary,Q0106,flare22,MissingnessIndicators,map,0.5250148240393805,99,39,39
same-source,primary,Q0106,flare22,OAKG,ndcg@10,0.5232512984721255,99,39,39
same-source,primary,Q0106,flare22,OAKG,precision@10,0.5,99,39,39
same-source,primary,Q0106,flare22,OAKG,recall@10,0.1282051282051282,99,39,39
same-source,primary,Q0106,flare22,OAKG,map,0.4235782747161116,99,39,39
same-source,primary,Q0106,flare22,OAKG-Union,ndcg@10,0.5232512984721255,99,39,39
same-source,primary,Q0106,flare22,OAKG-Union,precision@10,0.5,99,39,39
same-source,primary,Q0106,flare22,OAKG-Union,recall@10,0.1282051282051282,99,39,39
same-source,primary,Q0106,flare22,OAKG-Union,map,0.4236829094856948,99,39,39
same-source,primary,Q0106,flare22,WL,ndcg@10,0.2122263659729146,99,39,39
same-source,primary,Q0106,flare22,WL,precision@10,0.2,99,39,39
same-source,primary,Q0106,flare22,WL,recall@10,0.05128205128205128,99,39,39
same-source,primary,Q0106,flare22,WL,map,0.3651398162816477,99,39,39
same-source,primary,Q0106,flare22,ZeroImputation,ndcg@10,0.7909506325094736,99,39,39
same-source,primary,Q0106,flare22,ZeroImputation,precision@10,0.7,99,39,39
same-source,primary,Q0106,flare22,ZeroImputation,recall@10,0.1794871794871795,99,39,39
same-source,primary,Q0106,flare22,ZeroImputation,map,0.5250148240393805,99,39,39
same-source,primary,Q0107,flare22,MissingnessIndicators,ndcg@10,0.44024387874459703,99,96,48
same-source,primary,Q0107,flare22,MissingnessIndicators,precision@10,0.4,99,96,48
same-source,primary,Q0107,flare22,MissingnessIndicators,recall@10,0.08333333333333333,99,96,48
same-source,primary,Q0107,flare22,MissingnessIndicators,map,0.43332384562988896,99,96,48
same-source,primary,Q0107,flare22,OAKG,ndcg@10,0.5814149852926773,99,96,48
same-source,primary,Q0107,flare22,OAKG,precision@10,0.5,99,96,48
same-source,primary,Q0107,flare22,OAKG,recall@10,0.10416666666666667,99,96,48
same-source,primary,Q0107,flare22,OAKG,map,0.46197060684057645,99,96,48
same-source,primary,Q0107,flare22,OAKG-Union,ndcg@10,0.5814149852926773,99,96,48
same-source,primary,Q0107,flare22,OAKG-Union,precision@10,0.5,99,96,48
same-source,primary,Q0107,flare22,OAKG-Union,recall@10,0.10416666666666667,99,96,48
same-source,primary,Q0107,flare22,OAKG-Union,map,0.46197060684057645,99,96,48
same-source,primary,Q0107,flare22,WL,ndcg@10,0.43881003666455165,99,96,48
same-source,primary,Q0107,flare22,WL,precision@10,0.4,99,96,48
same-source,primary,Q0107,flare22,WL,recall@10,0.08333333333333333,99,96,48
same-source,primary,Q0107,flare22,WL,map,0.4310722809623446,99,96,48
same-source,primary,Q0107,flare22,ZeroImputation,ndcg@10,0.44024387874459703,99,96,48
same-source,primary,Q0107,flare22,ZeroImputation,precision@10,0.4,99,96,48
same-source,primary,Q0107,flare22,ZeroImputation,recall@10,0.08333333333333333,99,96,48
same-source,primary,Q0107,flare22,ZeroImputation,map,0.43332384562988896,99,96,48
same-source,primary,Q0108,flare22,MissingnessIndicators,ndcg@10,0.1505656454292097,99,55,26
same-source,primary,Q0108,flare22,MissingnessIndicators,precision@10,0.1,99,55,26
same-source,primary,Q0108,flare22,MissingnessIndicators,recall@10,0.038461538461538464,99,55,26
same-source,primary,Q0108,flare22,MissingnessIndicators,map,0.23751664178003454,99,55,26
same-source,primary,Q0108,flare22,OAKG,ndcg@10,0.17405014866116933,99,55,26
same-source,primary,Q0108,flare22,OAKG,precision@10,0.2,99,55,26
same-source,primary,Q0108,flare22,OAKG,recall@10,0.07692307692307693,99,55,26
same-source,primary,Q0108,flare22,OAKG,map,0.2399445162404175,99,55,26
same-source,primary,Q0108,flare22,OAKG-Union,ndcg@10,0.17405014866116933,99,55,26
same-source,primary,Q0108,flare22,OAKG-Union,precision@10,0.2,99,55,26
same-source,primary,Q0108,flare22,OAKG-Union,recall@10,0.07692307692307693,99,55,26
same-source,primary,Q0108,flare22,OAKG-Union,map,0.24004570765938515,99,55,26
same-source,primary,Q0108,flare22,WL,ndcg@10,0.27978258073855095,99,55,26
same-source,primary,Q0108,flare22,WL,precision@10,0.2,99,55,26
same-source,primary,Q0108,flare22,WL,recall@10,0.07692307692307693,99,55,26
same-source,primary,Q0108,flare22,WL,map,0.2818392416278717,99,55,26
same-source,primary,Q0108,flare22,ZeroImputation,ndcg@10,0.1505656454292097,99,55,26
same-source,primary,Q0108,flare22,ZeroImputation,precision@10,0.1,99,55,26
same-source,primary,Q0108,flare22,ZeroImputation,recall@10,0.038461538461538464,99,55,26
same-source,primary,Q0108,flare22,ZeroImputation,map,0.23751664178003454,99,55,26
same-source,primary,Q0109,flare22,MissingnessIndicators,ndcg@10,0.36326593572047566,99,42,28
same-source,primary,Q0109,flare22,MissingnessIndicators,precision@10,0.3,99,42,28
same-source,primary,Q0109,flare22,MissingnessIndicators,recall@10,0.10714285714285714,99,42,28
same-source,primary,Q0109,flare22,MissingnessIndicators,map,0.30678382971817103,99,42,28
same-source,primary,Q0109,flare22,OAKG,ndcg@10,0.5841877397823975,99,42,28
same-source,primary,Q0109,flare22,OAKG,precision@10,0.6,99,42,28
same-source,primary,Q0109,flare22,OAKG,recall@10,0.21428571428571427,99,42,28
same-source,primary,Q0109,flare22,OAKG,map,0.536282756914271,99,42,28
same-source,primary,Q0109,flare22,OAKG-Union,ndcg@10,0.4988207993800992,99,42,28
same-source,primary,Q0109,flare22,OAKG-Union,precision@10,0.6,99,42,28
same-source,primary,Q0109,flare22,OAKG-Union,recall@10,0.21428571428571427,99,42,28
same-source,primary,Q0109,flare22,OAKG-Union,map,0.46561703777470725,99,42,28
same-source,primary,Q0109,flare22,WL,ndcg@10,0.2109187859855431,99,42,28
same-source,primary,Q0109,flare22,WL,precision@10,0.2,99,42,28
same-source,primary,Q0109,flare22,WL,recall@10,0.07142857142857142,99,42,28
same-source,primary,Q0109,flare22,WL,map,0.28697138833580044,99,42,28
same-source,primary,Q0109,flare22,ZeroImputation,ndcg@10,0.36326593572047566,99,42,28
same-source,primary,Q0109,flare22,ZeroImputation,precision@10,0.3,99,42,28
same-source,primary,Q0109,flare22,ZeroImputation,recall@10,0.10714285714285714,99,42,28
same-source,primary,Q0109,flare22,ZeroImputation,map,0.30678382971817103,99,42,28
same-source,primary,Q0110,flare22,MissingnessIndicators,ndcg@10,0.527544161530428,99,96,42
same-source,primary,Q0110,flare22,MissingnessIndicators,precision@10,0.5,99,96,42
same-source,primary,Q0110,flare22,MissingnessIndicators,recall@10,0.11904761904761904,99,96,42
same-source,primary,Q0110,flare22,MissingnessIndicators,map,0.4398311662387125,99,96,42
same-source,primary,Q0110,flare22,OAKG,ndcg@10,0.2808936467062341,99,96,42
same-source,primary,Q0110,flare22,OAKG,precision@10,0.2,99,96,42
same-source,primary,Q0110,flare22,OAKG,recall@10,0.047619047619047616,99,96,42
same-source,primary,Q0110,flare22,OAKG,map,0.3744906369753762,99,96,42
same-source,primary,Q0110,flare22,OAKG-Union,ndcg@10,0.2808936467062341,99,96,42
same-source,primary,Q0110,flare22,OAKG-Union,precision@10,0.2,99,96,42
same-source,primary,Q0110,flare22,OAKG-Union,recall@10,0.047619047619047616,99,96,42
same-source,primary,Q0110,flare22,OAKG-Union,map,0.3743858055238953,99,96,42
same-source,primary,Q0110,flare22,WL,ndcg@10,0.32476545654821254,99,96,42
same-source,primary,Q0110,flare22,WL,precision@10,0.2,99,96,42
same-source,primary,Q0110,flare22,WL,recall@10,0.047619047619047616,99,96,42
same-source,primary,Q0110,flare22,WL,map,0.3756351023321321,99,96,42
same-source,primary,Q0110,flare22,ZeroImputation,ndcg@10,0.527544161530428,99,96,42
same-source,primary,Q0110,flare22,ZeroImputation,precision@10,0.5,99,96,42
same-source,primary,Q0110,flare22,ZeroImputation,recall@10,0.11904761904761904,99,96,42
same-source,primary,Q0110,flare22,ZeroImputation,map,0.4398311662387125,99,96,42
cross-source-pooled,primary,Q0017,msd_pancreas,MissingnessIndicators,ndcg@10,1.0,231,55,0
cross-source-pooled,primary,Q0017,msd_pancreas,OAKG,ndcg@10,1.0,231,55,0
cross-source-pooled,primary,Q0017,msd_pancreas,OAKG-Union,ndcg@10,0.6083169141195838,231,55,0
cross-source-pooled,primary,Q0017,msd_pancreas,WL,ndcg@10,0.0,231,55,0
cross-source-pooled,primary,Q0017,msd_pancreas,ZeroImputation,ndcg@10,1.0,231,55,0
cross-source-pooled,primary,Q0018,msd_pancreas,MissingnessIndicators,ndcg@10,1.0,231,55,0
cross-source-pooled,primary,Q0018,msd_pancreas,OAKG,ndcg@10,1.0,231,55,0
cross-source-pooled,primary,Q0018,msd_pancreas,OAKG-Union,ndcg@10,0.5907272848394973,231,55,0
cross-source-pooled,primary,Q0018,msd_pancreas,WL,ndcg@10,0.0,231,55,0
cross-source-pooled,primary,Q0018,msd_pancreas,ZeroImputation,ndcg@10,1.0,231,55,0
cross-source-pooled,primary,Q0028,msd_pancreas,MissingnessIndicators,ndcg@10,0.804810999209339,231,55,0
cross-source-pooled,primary,Q0028,msd_pancreas,OAKG,ndcg@10,0.0,231,55,0
cross-source-pooled,primary,Q0028,msd_pancreas,OAKG-Union,ndcg@10,0.0,231,55,0
cross-source-pooled,primary,Q0028,msd_pancreas,WL,ndcg@10,0.0,231,55,0
cross-source-pooled,primary,Q0028,msd_pancreas,ZeroImputation,ndcg@10,0.804810999209339,231,55,0
cross-source-pooled,primary,Q0030,msd_pancreas,MissingnessIndicators,ndcg@10,0.2180164145324244,231,55,0
cross-source-pooled,primary,Q0030,msd_pancreas,OAKG,ndcg@10,0.0,231,55,0
cross-source-pooled,primary,Q0030,msd_pancreas,OAKG-Union,ndcg@10,0.0,231,55,0
cross-source-pooled,primary,Q0030,msd_pancreas,WL,ndcg@10,0.0,231,55,0
cross-source-pooled,primary,Q0030,msd_pancreas,ZeroImputation,ndcg@10,0.2180164145324244,231,55,0
cross-source-pooled,primary,Q0031,msd_pancreas,MissingnessIndicators,ndcg@10,1.0,231,55,0
cross-source-pooled,primary,Q0031,msd_pancreas,OAKG,ndcg@10,0.06625422345438903,231,55,0
cross-source-pooled,primary,Q0031,msd_pancreas,OAKG-Union,ndcg@10,0.13886244387355454,231,55,0
cross-source-pooled,primary,Q0031,msd_pancreas,WL,ndcg@10,0.0,231,55,0
cross-source-pooled,primary,Q0031,msd_pancreas,ZeroImputation,ndcg@10,1.0,231,55,0
cross-source-pooled,primary,Q0039,msd_pancreas,MissingnessIndicators,ndcg@10,1.0,231,55,0
cross-source-pooled,primary,Q0039,msd_pancreas,OAKG,ndcg@10,1.0,231,55,0
cross-source-pooled,primary,Q0039,msd_pancreas,OAKG-Union,ndcg@10,0.6083169141195838,231,55,0
cross-source-pooled,primary,Q0039,msd_pancreas,WL,ndcg@10,0.0,231,55,0
cross-source-pooled,primary,Q0039,msd_pancreas,ZeroImputation,ndcg@10,1.0,231,55,0
cross-source-pooled,primary,Q0041,msd_pancreas,MissingnessIndicators,ndcg@10,1.0,231,55,0
cross-source-pooled,primary,Q0041,msd_pancreas,OAKG,ndcg@10,0.0,231,55,0
cross-source-pooled,primary,Q0041,msd_pancreas,OAKG-Union,ndcg@10,0.06362078819895171,231,55,0
cross-source-pooled,primary,Q0041,msd_pancreas,WL,ndcg@10,0.0,231,55,0
cross-source-pooled,primary,Q0041,msd_pancreas,ZeroImputation,ndcg@10,1.0,231,55,0
cross-source-pooled,primary,Q0043,msd_pancreas,MissingnessIndicators,ndcg@10,1.0,231,55,0
cross-source-pooled,primary,Q0043,msd_pancreas,OAKG,ndcg@10,0.0,231,55,0
cross-source-pooled,primary,Q0043,msd_pancreas,OAKG-Union,ndcg@10,0.0,231,55,0
cross-source-pooled,primary,Q0043,msd_pancreas,WL,ndcg@10,0.0,231,55,0
cross-source-pooled,primary,Q0043,msd_pancreas,ZeroImputation,ndcg@10,1.0,231,55,0
cross-source-pooled,primary,Q0044,msd_pancreas,MissingnessIndicators,ndcg@10,1.0,231,55,0
cross-source-pooled,primary,Q0044,msd_pancreas,OAKG,ndcg@10,0.0,231,55,0
cross-source-pooled,primary,Q0044,msd_pancreas,OAKG-Union,ndcg@10,0.13886244387355454,231,55,0
cross-source-pooled,primary,Q0044,msd_pancreas,WL,ndcg@10,0.0,231,55,0
cross-source-pooled,primary,Q0044,msd_pancreas,ZeroImputation,ndcg@10,1.0,231,55,0
cross-source-pooled,primary,Q0045,msd_pancreas,MissingnessIndicators,ndcg@10,1.0,231,55,0
cross-source-pooled,primary,Q0045,msd_pancreas,OAKG,ndcg@10,0.0,231,55,0
cross-source-pooled,primary,Q0045,msd_pancreas,OAKG-Union,ndcg@10,0.0,231,55,0
cross-source-pooled,primary,Q0045,msd_pancreas,WL,ndcg@10,0.0,231,55,0
cross-source-pooled,primary,Q0045,msd_pancreas,ZeroImputation,ndcg@10,1.0,231,55,0
cross-source-pooled,primary,Q0068,lits,MissingnessIndicators,ndcg@10,1.0,381,97,0
cross-source-pooled,primary,Q0068,lits,OAKG,ndcg@10,0.5309999066793252,381,97,0
cross-source-pooled,primary,Q0068,lits,OAKG-Union,ndcg@10,0.0,381,97,0
cross-source-pooled,primary,Q0068,lits,WL,ndcg@10,1.0,381,97,0
cross-source-pooled,primary,Q0068,lits,ZeroImputation,ndcg@10,1.0,381,97,0
cross-source-pooled,primary,Q0077,lits,MissingnessIndicators,ndcg@10,1.0,381,97,0
cross-source-pooled,primary,Q0077,lits,OAKG,ndcg@10,0.5309999066793252,381,97,0
cross-source-pooled,primary,Q0077,lits,OAKG-Union,ndcg@10,0.7877736340270854,381,97,0
cross-source-pooled,primary,Q0077,lits,WL,ndcg@10,1.0,381,97,0
cross-source-pooled,primary,Q0077,lits,ZeroImputation,ndcg@10,1.0,381,97,0
cross-source-pooled,primary,Q0079,lits,MissingnessIndicators,ndcg@10,1.0,381,97,0
cross-source-pooled,primary,Q0079,lits,OAKG,ndcg@10,1.0,381,97,0
cross-source-pooled,primary,Q0079,lits,OAKG-Union,ndcg@10,0.06362078819895171,381,97,0
cross-source-pooled,primary,Q0079,lits,WL,ndcg@10,0.0,381,97,0
cross-source-pooled,primary,Q0079,lits,ZeroImputation,ndcg@10,1.0,381,97,0
cross-source-pooled,primary,Q0094,flare22,MissingnessIndicators,ndcg@10,0.22119341301481266,412,14,0
cross-source-pooled,primary,Q0094,flare22,OAKG,ndcg@10,0.07839826897867533,412,14,0
cross-source-pooled,primary,Q0094,flare22,OAKG-Union,ndcg@10,0.0,412,14,0
cross-source-pooled,primary,Q0094,flare22,WL,ndcg@10,0.0,412,14,0
cross-source-pooled,primary,Q0094,flare22,ZeroImputation,ndcg@10,0.06362078819895171,412,14,0
cross-source-pooled,primary,Q0097,flare22,MissingnessIndicators,ndcg@10,0.22119341301481266,412,14,0
cross-source-pooled,primary,Q0097,flare22,OAKG,ndcg@10,0.0,412,14,0
cross-source-pooled,primary,Q0097,flare22,OAKG-Union,ndcg@10,0.0,412,14,0
cross-source-pooled,primary,Q0097,flare22,WL,ndcg@10,0.0,412,14,0
cross-source-pooled,primary,Q0097,flare22,ZeroImputation,ndcg@10,0.06362078819895171,412,14,0
cross-source-pooled,primary,Q0098,flare22,MissingnessIndicators,ndcg@10,0.0,412,121,0
cross-source-pooled,primary,Q0098,flare22,OAKG,ndcg@10,0.0,412,121,0
cross-source-pooled,primary,Q0098,flare22,OAKG-Union,ndcg@10,0.0,412,121,0
cross-source-pooled,primary,Q0098,flare22,WL,ndcg@10,0.0,412,121,0
cross-source-pooled,primary,Q0098,flare22,ZeroImputation,ndcg@10,0.0,412,121,0
cross-source-pooled,primary,Q0102,flare22,MissingnessIndicators,ndcg@10,0.0,412,121,0
cross-source-pooled,primary,Q0102,flare22,OAKG,ndcg@10,1.0,412,121,0
cross-source-pooled,primary,Q0102,flare22,OAKG-Union,ndcg@10,0.0,412,121,0
cross-source-pooled,primary,Q0102,flare22,WL,ndcg@10,0.0,412,121,0
cross-source-pooled,primary,Q0102,flare22,ZeroImputation,ndcg@10,0.0,412,121,0
cross-source-pooled,primary,Q0103,flare22,MissingnessIndicators,ndcg@10,0.23758350840568812,412,14,0
cross-source-pooled,primary,Q0103,flare22,OAKG,ndcg@10,0.06943122193677727,412,14,0
cross-source-pooled,primary,Q0103,flare22,OAKG-Union,ndcg@10,0.0,412,14,0
cross-source-pooled,primary,Q0103,flare22,WL,ndcg@10,0.0,412,14,0
cross-source-pooled,primary,Q0103,flare22,ZeroImputation,ndcg@10,0.06625422345438903,412,14,0
cross-source-pooled,primary,Q0107,flare22,MissingnessIndicators,ndcg@10,0.22119341301481266,412,14,0
cross-source-pooled,primary,Q0107,flare22,OAKG,ndcg@10,0.06625422345438903,412,14,0
cross-source-pooled,primary,Q0107,flare22,OAKG-Union,ndcg@10,0.0,412,14,0
cross-source-pooled,primary,Q0107,flare22,WL,ndcg@10,0.0,412,14,0
cross-source-pooled,primary,Q0107,flare22,ZeroImputation,ndcg@10,0.06362078819895171,412,14,0
cross-source-pooled,primary,Q0108,flare22,MissingnessIndicators,ndcg@10,0.0,412,121,0
cross-source-pooled,primary,Q0108,flare22,OAKG,ndcg@10,0.0,412,121,0
cross-source-pooled,primary,Q0108,flare22,OAKG-Union,ndcg@10,0.0,412,121,0
cross-source-pooled,primary,Q0108,flare22,WL,ndcg@10,0.0,412,121,0
cross-source-pooled,primary,Q0108,flare22,ZeroImputation,ndcg@10,0.0,412,121,0
cross-source-pooled,primary,Q0110,flare22,MissingnessIndicators,ndcg@10,0.22119341301481266,412,14,0
cross-source-pooled,primary,Q0110,flare22,OAKG,ndcg@10,0.22009176629808017,412,14,0
cross-source-pooled,primary,Q0110,flare22,OAKG-Union,ndcg@10,0.0,412,14,0
cross-source-pooled,primary,Q0110,flare22,WL,ndcg@10,0.0,412,14,0
cross-source-pooled,primary,Q0110,flare22,ZeroImputation,ndcg@10,0.0,412,14,0
flare22-to-other-sources,primary,Q0094,flare22,MissingnessIndicators,ndcg@10,0.22119341301481266,412,14,0
flare22-to-other-sources,primary,Q0094,flare22,OAKG,ndcg@10,0.07839826897867533,412,14,0
flare22-to-other-sources,primary,Q0094,flare22,OAKG-Union,ndcg@10,0.0,412,14,0
flare22-to-other-sources,primary,Q0094,flare22,WL,ndcg@10,0.0,412,14,0
flare22-to-other-sources,primary,Q0094,flare22,ZeroImputation,ndcg@10,0.06362078819895171,412,14,0
flare22-to-other-sources,primary,Q0097,flare22,MissingnessIndicators,ndcg@10,0.22119341301481266,412,14,0
flare22-to-other-sources,primary,Q0097,flare22,OAKG,ndcg@10,0.0,412,14,0
flare22-to-other-sources,primary,Q0097,flare22,OAKG-Union,ndcg@10,0.0,412,14,0
flare22-to-other-sources,primary,Q0097,flare22,WL,ndcg@10,0.0,412,14,0
flare22-to-other-sources,primary,Q0097,flare22,ZeroImputation,ndcg@10,0.06362078819895171,412,14,0
flare22-to-other-sources,primary,Q0098,flare22,MissingnessIndicators,ndcg@10,0.0,412,121,0
flare22-to-other-sources,primary,Q0098,flare22,OAKG,ndcg@10,0.0,412,121,0
flare22-to-other-sources,primary,Q0098,flare22,OAKG-Union,ndcg@10,0.0,412,121,0
flare22-to-other-sources,primary,Q0098,flare22,WL,ndcg@10,0.0,412,121,0
flare22-to-other-sources,primary,Q0098,flare22,ZeroImputation,ndcg@10,0.0,412,121,0
flare22-to-other-sources,primary,Q0102,flare22,MissingnessIndicators,ndcg@10,0.0,412,121,0
flare22-to-other-sources,primary,Q0102,flare22,OAKG,ndcg@10,1.0,412,121,0
flare22-to-other-sources,primary,Q0102,flare22,OAKG-Union,ndcg@10,0.0,412,121,0
flare22-to-other-sources,primary,Q0102,flare22,WL,ndcg@10,0.0,412,121,0
flare22-to-other-sources,primary,Q0102,flare22,ZeroImputation,ndcg@10,0.0,412,121,0
flare22-to-other-sources,primary,Q0103,flare22,MissingnessIndicators,ndcg@10,0.23758350840568812,412,14,0
flare22-to-other-sources,primary,Q0103,flare22,OAKG,ndcg@10,0.06943122193677727,412,14,0
flare22-to-other-sources,primary,Q0103,flare22,OAKG-Union,ndcg@10,0.0,412,14,0
flare22-to-other-sources,primary,Q0103,flare22,WL,ndcg@10,0.0,412,14,0
flare22-to-other-sources,primary,Q0103,flare22,ZeroImputation,ndcg@10,0.06625422345438903,412,14,0
flare22-to-other-sources,primary,Q0107,flare22,MissingnessIndicators,ndcg@10,0.22119341301481266,412,14,0
flare22-to-other-sources,primary,Q0107,flare22,OAKG,ndcg@10,0.06625422345438903,412,14,0
flare22-to-other-sources,primary,Q0107,flare22,OAKG-Union,ndcg@10,0.0,412,14,0
flare22-to-other-sources,primary,Q0107,flare22,WL,ndcg@10,0.0,412,14,0
flare22-to-other-sources,primary,Q0107,flare22,ZeroImputation,ndcg@10,0.06362078819895171,412,14,0
flare22-to-other-sources,primary,Q0108,flare22,MissingnessIndicators,ndcg@10,0.0,412,121,0
flare22-to-other-sources,primary,Q0108,flare22,OAKG,ndcg@10,0.0,412,121,0
flare22-to-other-sources,primary,Q0108,flare22,OAKG-Union,ndcg@10,0.0,412,121,0
flare22-to-other-sources,primary,Q0108,flare22,WL,ndcg@10,0.0,412,121,0
flare22-to-other-sources,primary,Q0108,flare22,ZeroImputation,ndcg@10,0.0,412,121,0
flare22-to-other-sources,primary,Q0110,flare22,MissingnessIndicators,ndcg@10,0.22119341301481266,412,14,0
flare22-to-other-sources,primary,Q0110,flare22,OAKG,ndcg@10,0.22009176629808017,412,14,0
flare22-to-other-sources,primary,Q0110,flare22,OAKG-Union,ndcg@10,0.0,412,14,0
flare22-to-other-sources,primary,Q0110,flare22,WL,ndcg@10,0.0,412,14,0
flare22-to-other-sources,primary,Q0110,flare22,ZeroImputation,ndcg@10,0.0,412,14,0
lits-to-other-sources,primary,Q0068,lits,MissingnessIndicators,ndcg@10,1.0,381,97,0
lits-to-other-sources,primary,Q0068,lits,OAKG,ndcg@10,0.5309999066793252,381,97,0
lits-to-other-sources,primary,Q0068,lits,OAKG-Union,ndcg@10,0.0,381,97,0
lits-to-other-sources,primary,Q0068,lits,WL,ndcg@10,1.0,381,97,0
lits-to-other-sources,primary,Q0068,lits,ZeroImputation,ndcg@10,1.0,381,97,0
lits-to-other-sources,primary,Q0077,lits,MissingnessIndicators,ndcg@10,1.0,381,97,0
lits-to-other-sources,primary,Q0077,lits,OAKG,ndcg@10,0.5309999066793252,381,97,0
lits-to-other-sources,primary,Q0077,lits,OAKG-Union,ndcg@10,0.7877736340270854,381,97,0
lits-to-other-sources,primary,Q0077,lits,WL,ndcg@10,1.0,381,97,0
lits-to-other-sources,primary,Q0077,lits,ZeroImputation,ndcg@10,1.0,381,97,0
lits-to-other-sources,primary,Q0079,lits,MissingnessIndicators,ndcg@10,1.0,381,97,0
lits-to-other-sources,primary,Q0079,lits,OAKG,ndcg@10,1.0,381,97,0
lits-to-other-sources,primary,Q0079,lits,OAKG-Union,ndcg@10,0.06362078819895171,381,97,0
lits-to-other-sources,primary,Q0079,lits,WL,ndcg@10,0.0,381,97,0
lits-to-other-sources,primary,Q0079,lits,ZeroImputation,ndcg@10,1.0,381,97,0
msd_pancreas-to-other-sources,primary,Q0017,msd_pancreas,MissingnessIndicators,ndcg@10,1.0,231,55,0
msd_pancreas-to-other-sources,primary,Q0017,msd_pancreas,OAKG,ndcg@10,1.0,231,55,0
msd_pancreas-to-other-sources,primary,Q0017,msd_pancreas,OAKG-Union,ndcg@10,0.6083169141195838,231,55,0
msd_pancreas-to-other-sources,primary,Q0017,msd_pancreas,WL,ndcg@10,0.0,231,55,0
msd_pancreas-to-other-sources,primary,Q0017,msd_pancreas,ZeroImputation,ndcg@10,1.0,231,55,0
msd_pancreas-to-other-sources,primary,Q0018,msd_pancreas,MissingnessIndicators,ndcg@10,1.0,231,55,0
msd_pancreas-to-other-sources,primary,Q0018,msd_pancreas,OAKG,ndcg@10,1.0,231,55,0
msd_pancreas-to-other-sources,primary,Q0018,msd_pancreas,OAKG-Union,ndcg@10,0.5907272848394973,231,55,0
msd_pancreas-to-other-sources,primary,Q0018,msd_pancreas,WL,ndcg@10,0.0,231,55,0
msd_pancreas-to-other-sources,primary,Q0018,msd_pancreas,ZeroImputation,ndcg@10,1.0,231,55,0
msd_pancreas-to-other-sources,primary,Q0028,msd_pancreas,MissingnessIndicators,ndcg@10,0.804810999209339,231,55,0
msd_pancreas-to-other-sources,primary,Q0028,msd_pancreas,OAKG,ndcg@10,0.0,231,55,0
msd_pancreas-to-other-sources,primary,Q0028,msd_pancreas,OAKG-Union,ndcg@10,0.0,231,55,0
msd_pancreas-to-other-sources,primary,Q0028,msd_pancreas,WL,ndcg@10,0.0,231,55,0
msd_pancreas-to-other-sources,primary,Q0028,msd_pancreas,ZeroImputation,ndcg@10,0.804810999209339,231,55,0
msd_pancreas-to-other-sources,primary,Q0030,msd_pancreas,MissingnessIndicators,ndcg@10,0.2180164145324244,231,55,0
msd_pancreas-to-other-sources,primary,Q0030,msd_pancreas,OAKG,ndcg@10,0.0,231,55,0
msd_pancreas-to-other-sources,primary,Q0030,msd_pancreas,OAKG-Union,ndcg@10,0.0,231,55,0
msd_pancreas-to-other-sources,primary,Q0030,msd_pancreas,WL,ndcg@10,0.0,231,55,0
msd_pancreas-to-other-sources,primary,Q0030,msd_pancreas,ZeroImputation,ndcg@10,0.2180164145324244,231,55,0
msd_pancreas-to-other-sources,primary,Q0031,msd_pancreas,MissingnessIndicators,ndcg@10,1.0,231,55,0
msd_pancreas-to-other-sources,primary,Q0031,msd_pancreas,OAKG,ndcg@10,0.06625422345438903,231,55,0
msd_pancreas-to-other-sources,primary,Q0031,msd_pancreas,OAKG-Union,ndcg@10,0.13886244387355454,231,55,0
msd_pancreas-to-other-sources,primary,Q0031,msd_pancreas,WL,ndcg@10,0.0,231,55,0
msd_pancreas-to-other-sources,primary,Q0031,msd_pancreas,ZeroImputation,ndcg@10,1.0,231,55,0
msd_pancreas-to-other-sources,primary,Q0039,msd_pancreas,MissingnessIndicators,ndcg@10,1.0,231,55,0
msd_pancreas-to-other-sources,primary,Q0039,msd_pancreas,OAKG,ndcg@10,1.0,231,55,0
msd_pancreas-to-other-sources,primary,Q0039,msd_pancreas,OAKG-Union,ndcg@10,0.6083169141195838,231,55,0
msd_pancreas-to-other-sources,primary,Q0039,msd_pancreas,WL,ndcg@10,0.0,231,55,0
msd_pancreas-to-other-sources,primary,Q0039,msd_pancreas,ZeroImputation,ndcg@10,1.0,231,55,0
msd_pancreas-to-other-sources,primary,Q0041,msd_pancreas,MissingnessIndicators,ndcg@10,1.0,231,55,0
msd_pancreas-to-other-sources,primary,Q0041,msd_pancreas,OAKG,ndcg@10,0.0,231,55,0
msd_pancreas-to-other-sources,primary,Q0041,msd_pancreas,OAKG-Union,ndcg@10,0.06362078819895171,231,55,0
msd_pancreas-to-other-sources,primary,Q0041,msd_pancreas,WL,ndcg@10,0.0,231,55,0
msd_pancreas-to-other-sources,primary,Q0041,msd_pancreas,ZeroImputation,ndcg@10,1.0,231,55,0
msd_pancreas-to-other-sources,primary,Q0043,msd_pancreas,MissingnessIndicators,ndcg@10,1.0,231,55,0
msd_pancreas-to-other-sources,primary,Q0043,msd_pancreas,OAKG,ndcg@10,0.0,231,55,0
msd_pancreas-to-other-sources,primary,Q0043,msd_pancreas,OAKG-Union,ndcg@10,0.0,231,55,0
msd_pancreas-to-other-sources,primary,Q0043,msd_pancreas,WL,ndcg@10,0.0,231,55,0
msd_pancreas-to-other-sources,primary,Q0043,msd_pancreas,ZeroImputation,ndcg@10,1.0,231,55,0
msd_pancreas-to-other-sources,primary,Q0044,msd_pancreas,MissingnessIndicators,ndcg@10,1.0,231,55,0
msd_pancreas-to-other-sources,primary,Q0044,msd_pancreas,OAKG,ndcg@10,0.0,231,55,0
msd_pancreas-to-other-sources,primary,Q0044,msd_pancreas,OAKG-Union,ndcg@10,0.13886244387355454,231,55,0
msd_pancreas-to-other-sources,primary,Q0044,msd_pancreas,WL,ndcg@10,0.0,231,55,0
msd_pancreas-to-other-sources,primary,Q0044,msd_pancreas,ZeroImputation,ndcg@10,1.0,231,55,0
msd_pancreas-to-other-sources,primary,Q0045,msd_pancreas,MissingnessIndicators,ndcg@10,1.0,231,55,0
msd_pancreas-to-other-sources,primary,Q0045,msd_pancreas,OAKG,ndcg@10,0.0,231,55,0
msd_pancreas-to-other-sources,primary,Q0045,msd_pancreas,OAKG-Union,ndcg@10,0.0,231,55,0
msd_pancreas-to-other-sources,primary,Q0045,msd_pancreas,WL,ndcg@10,0.0,231,55,0
msd_pancreas-to-other-sources,primary,Q0045,msd_pancreas,ZeroImputation,ndcg@10,1.0,231,55,0
flare22-to-lits,exploratory-source-pairs,Q0094,flare22,MissingnessIndicators,ndcg@10,0.22119341301481266,131,14,0
flare22-to-lits,exploratory-source-pairs,Q0094,flare22,OAKG,ndcg@10,1.0,131,14,0
flare22-to-lits,exploratory-source-pairs,Q0094,flare22,OAKG-Union,ndcg@10,0.0,131,14,0
flare22-to-lits,exploratory-source-pairs,Q0094,flare22,WL,ndcg@10,0.0,131,14,0
flare22-to-lits,exploratory-source-pairs,Q0094,flare22,ZeroImputation,ndcg@10,0.06362078819895171,131,14,0
flare22-to-lits,exploratory-source-pairs,Q0097,flare22,MissingnessIndicators,ndcg@10,0.22119341301481266,131,14,0
flare22-to-lits,exploratory-source-pairs,Q0097,flare22,OAKG,ndcg@10,1.0,131,14,0
flare22-to-lits,exploratory-source-pairs,Q0097,flare22,OAKG-Union,ndcg@10,0.0,131,14,0
flare22-to-lits,exploratory-source-pairs,Q0097,flare22,WL,ndcg@10,0.0,131,14,0
flare22-to-lits,exploratory-source-pairs,Q0097,flare22,ZeroImputation,ndcg@10,0.06362078819895171,131,14,0
flare22-to-lits,exploratory-source-pairs,Q0103,flare22,MissingnessIndicators,ndcg@10,0.23758350840568812,131,14,0
flare22-to-lits,exploratory-source-pairs,Q0103,flare22,OAKG,ndcg@10,1.0,131,14,0
flare22-to-lits,exploratory-source-pairs,Q0103,flare22,OAKG-Union,ndcg@10,0.0,131,14,0
flare22-to-lits,exploratory-source-pairs,Q0103,flare22,WL,ndcg@10,0.0,131,14,0
flare22-to-lits,exploratory-source-pairs,Q0103,flare22,ZeroImputation,ndcg@10,0.06625422345438903,131,14,0
flare22-to-lits,exploratory-source-pairs,Q0107,flare22,MissingnessIndicators,ndcg@10,0.22119341301481266,131,14,0
flare22-to-lits,exploratory-source-pairs,Q0107,flare22,OAKG,ndcg@10,1.0,131,14,0
flare22-to-lits,exploratory-source-pairs,Q0107,flare22,OAKG-Union,ndcg@10,0.0,131,14,0
flare22-to-lits,exploratory-source-pairs,Q0107,flare22,WL,ndcg@10,0.0,131,14,0
flare22-to-lits,exploratory-source-pairs,Q0107,flare22,ZeroImputation,ndcg@10,0.06362078819895171,131,14,0
flare22-to-lits,exploratory-source-pairs,Q0110,flare22,MissingnessIndicators,ndcg@10,0.22119341301481266,131,14,0
flare22-to-lits,exploratory-source-pairs,Q0110,flare22,OAKG,ndcg@10,1.0,131,14,0
flare22-to-lits,exploratory-source-pairs,Q0110,flare22,OAKG-Union,ndcg@10,0.0,131,14,0
flare22-to-lits,exploratory-source-pairs,Q0110,flare22,WL,ndcg@10,0.0,131,14,0
flare22-to-lits,exploratory-source-pairs,Q0110,flare22,ZeroImputation,ndcg@10,0.0,131,14,0
flare22-to-msd_pancreas,exploratory-source-pairs,Q0098,flare22,MissingnessIndicators,ndcg@10,1.0,281,121,0
flare22-to-msd_pancreas,exploratory-source-pairs,Q0098,flare22,OAKG,ndcg@10,0.0,281,121,0
flare22-to-msd_pancreas,exploratory-source-pairs,Q0098,flare22,OAKG-Union,ndcg@10,0.199306233590118,281,121,0
flare22-to-msd_pancreas,exploratory-source-pairs,Q0098,flare22,WL,ndcg@10,0.6402900881481708,281,121,0
flare22-to-msd_pancreas,exploratory-source-pairs,Q0098,flare22,ZeroImputation,ndcg@10,1.0,281,121,0
flare22-to-msd_pancreas,exploratory-source-pairs,Q0102,flare22,MissingnessIndicators,ndcg@10,1.0,281,121,0
flare22-to-msd_pancreas,exploratory-source-pairs,Q0102,flare22,OAKG,ndcg@10,1.0,281,121,0
flare22-to-msd_pancreas,exploratory-source-pairs,Q0102,flare22,OAKG-Union,ndcg@10,0.5637884576902256,281,121,0
flare22-to-msd_pancreas,exploratory-source-pairs,Q0102,flare22,WL,ndcg@10,0.6402900881481708,281,121,0
flare22-to-msd_pancreas,exploratory-source-pairs,Q0102,flare22,ZeroImputation,ndcg@10,1.0,281,121,0
flare22-to-msd_pancreas,exploratory-source-pairs,Q0108,flare22,MissingnessIndicators,ndcg@10,1.0,281,121,0
flare22-to-msd_pancreas,exploratory-source-pairs,Q0108,flare22,OAKG,ndcg@10,0.0,281,121,0
flare22-to-msd_pancreas,exploratory-source-pairs,Q0108,flare22,OAKG-Union,ndcg@10,0.199306233590118,281,121,0
flare22-to-msd_pancreas,exploratory-source-pairs,Q0108,flare22,WL,ndcg@10,0.6402900881481708,281,121,0
flare22-to-msd_pancreas,exploratory-source-pairs,Q0108,flare22,ZeroImputation,ndcg@10,1.0,281,121,0
lits-to-flare22,exploratory-source-pairs,Q0068,lits,MissingnessIndicators,ndcg@10,1.0,100,97,0
lits-to-flare22,exploratory-source-pairs,Q0068,lits,OAKG,ndcg@10,0.5309999066793252,100,97,0
lits-to-flare22,exploratory-source-pairs,Q0068,lits,OAKG-Union,ndcg@10,0.6947651160602989,100,97,0
lits-to-flare22,exploratory-source-pairs,Q0068,lits,WL,ndcg@10,1.0,100,97,0
lits-to-flare22,exploratory-source-pairs,Q0068,lits,ZeroImputation,ndcg@10,1.0,100,97,0
lits-to-flare22,exploratory-source-pairs,Q0077,lits,MissingnessIndicators,ndcg@10,1.0,100,97,0
lits-to-flare22,exploratory-source-pairs,Q0077,lits,OAKG,ndcg@10,0.5309999066793252,100,97,0
lits-to-flare22,exploratory-source-pairs,Q0077,lits,OAKG-Union,ndcg@10,0.7877736340270854,100,97,0
lits-to-flare22,exploratory-source-pairs,Q0077,lits,WL,ndcg@10,1.0,100,97,0
lits-to-flare22,exploratory-source-pairs,Q0077,lits,ZeroImputation,ndcg@10,1.0,100,97,0
lits-to-flare22,exploratory-source-pairs,Q0079,lits,MissingnessIndicators,ndcg@10,1.0,100,97,0
lits-to-flare22,exploratory-source-pairs,Q0079,lits,OAKG,ndcg@10,1.0,100,97,0
lits-to-flare22,exploratory-source-pairs,Q0079,lits,OAKG-Union,ndcg@10,0.8611375561264454,100,97,0
lits-to-flare22,exploratory-source-pairs,Q0079,lits,WL,ndcg@10,1.0,100,97,0
lits-to-flare22,exploratory-source-pairs,Q0079,lits,ZeroImputation,ndcg@10,1.0,100,97,0
msd_pancreas-to-flare22,exploratory-source-pairs,Q0017,msd_pancreas,MissingnessIndicators,ndcg@10,1.0,100,55,0
msd_pancreas-to-flare22,exploratory-source-pairs,Q0017,msd_pancreas,OAKG,ndcg@10,1.0,100,55,0
msd_pancreas-to-flare22,exploratory-source-pairs,Q0017,msd_pancreas,OAKG-Union,ndcg@10,0.6745711375739728,100,55,0
msd_pancreas-to-flare22,exploratory-source-pairs,Q0017,msd_pancreas,WL,ndcg@10,0.6601585067762746,100,55,0
msd_pancreas-to-flare22,exploratory-source-pairs,Q0017,msd_pancreas,ZeroImputation,ndcg@10,1.0,100,55,0
msd_pancreas-to-flare22,exploratory-source-pairs,Q0018,msd_pancreas,MissingnessIndicators,ndcg@10,1.0,100,55,0
msd_pancreas-to-flare22,exploratory-source-pairs,Q0018,msd_pancreas,OAKG,ndcg@10,1.0,100,55,0
msd_pancreas-to-flare22,exploratory-source-pairs,Q0018,msd_pancreas,OAKG-Union,ndcg@10,0.6627919420317119,100,55,0
msd_pancreas-to-flare22,exploratory-source-pairs,Q0018,msd_pancreas,WL,ndcg@10,0.6601585067762746,100,55,0
msd_pancreas-to-flare22,exploratory-source-pairs,Q0018,msd_pancreas,ZeroImputation,ndcg@10,1.0,100,55,0
msd_pancreas-to-flare22,exploratory-source-pairs,Q0028,msd_pancreas,MissingnessIndicators,ndcg@10,1.0,100,55,0
msd_pancreas-to-flare22,exploratory-source-pairs,Q0028,msd_pancreas,OAKG,ndcg@10,0.0,100,55,0
msd_pancreas-to-flare22,exploratory-source-pairs,Q0028,msd_pancreas,OAKG-Union,ndcg@10,0.09478836436955078,100,55,0
msd_pancreas-to-flare22,exploratory-source-pairs,Q0028,msd_pancreas,WL,ndcg@10,0.6601585067762746,100,55,0
msd_pancreas-to-flare22,exploratory-source-pairs,Q0028,msd_pancreas,ZeroImputation,ndcg@10,1.0,100,55,0
msd_pancreas-to-flare22,exploratory-source-pairs,Q0030,msd_pancreas,MissingnessIndicators,ndcg@10,1.0,100,55,0
msd_pancreas-to-flare22,exploratory-source-pairs,Q0030,msd_pancreas,OAKG,ndcg@10,0.0,100,55,0
msd_pancreas-to-flare22,exploratory-source-pairs,Q0030,msd_pancreas,OAKG-Union,ndcg@10,0.09478836436955078,100,55,0
msd_pancreas-to-flare22,exploratory-source-pairs,Q0030,msd_pancreas,WL,ndcg@10,0.6601585067762746,100,55,0
msd_pancreas-to-flare22,exploratory-source-pairs,Q0030,msd_pancreas,ZeroImputation,ndcg@10,1.0,100,55,0
msd_pancreas-to-flare22,exploratory-source-pairs,Q0031,msd_pancreas,MissingnessIndicators,ndcg@10,1.0,100,55,0
msd_pancreas-to-flare22,exploratory-source-pairs,Q0031,msd_pancreas,OAKG,ndcg@10,0.06625422345438903,100,55,0
msd_pancreas-to-flare22,exploratory-source-pairs,Q0031,msd_pancreas,OAKG-Union,ndcg@10,0.22400556151517553,100,55,0
msd_pancreas-to-flare22,exploratory-source-pairs,Q0031,msd_pancreas,WL,ndcg@10,0.6601585067762746,100,55,0
msd_pancreas-to-flare22,exploratory-source-pairs,Q0031,msd_pancreas,ZeroImputation,ndcg@10,1.0,100,55,0
msd_pancreas-to-flare22,exploratory-source-pairs,Q0039,msd_pancreas,MissingnessIndicators,ndcg@10,1.0,100,55,0
msd_pancreas-to-flare22,exploratory-source-pairs,Q0039,msd_pancreas,OAKG,ndcg@10,1.0,100,55,0
msd_pancreas-to-flare22,exploratory-source-pairs,Q0039,msd_pancreas,OAKG-Union,ndcg@10,0.6745711375739728,100,55,0
msd_pancreas-to-flare22,exploratory-source-pairs,Q0039,msd_pancreas,WL,ndcg@10,0.6601585067762746,100,55,0
msd_pancreas-to-flare22,exploratory-source-pairs,Q0039,msd_pancreas,ZeroImputation,ndcg@10,1.0,100,55,0
msd_pancreas-to-flare22,exploratory-source-pairs,Q0041,msd_pancreas,MissingnessIndicators,ndcg@10,1.0,100,55,0
msd_pancreas-to-flare22,exploratory-source-pairs,Q0041,msd_pancreas,OAKG,ndcg@10,0.0,100,55,0
msd_pancreas-to-flare22,exploratory-source-pairs,Q0041,msd_pancreas,OAKG-Union,ndcg@10,0.20248323207250624,100,55,0
msd_pancreas-to-flare22,exploratory-source-pairs,Q0041,msd_pancreas,WL,ndcg@10,0.6601585067762746,100,55,0
msd_pancreas-to-flare22,exploratory-source-pairs,Q0041,msd_pancreas,ZeroImputation,ndcg@10,1.0,100,55,0
msd_pancreas-to-flare22,exploratory-source-pairs,Q0043,msd_pancreas,MissingnessIndicators,ndcg@10,1.0,100,55,0
msd_pancreas-to-flare22,exploratory-source-pairs,Q0043,msd_pancreas,OAKG,ndcg@10,0.0,100,55,0
msd_pancreas-to-flare22,exploratory-source-pairs,Q0043,msd_pancreas,OAKG-Union,ndcg@10,0.09478836436955078,100,55,0
msd_pancreas-to-flare22,exploratory-source-pairs,Q0043,msd_pancreas,WL,ndcg@10,0.6601585067762746,100,55,0
msd_pancreas-to-flare22,exploratory-source-pairs,Q0043,msd_pancreas,ZeroImputation,ndcg@10,1.0,100,55,0
msd_pancreas-to-flare22,exploratory-source-pairs,Q0044,msd_pancreas,MissingnessIndicators,ndcg@10,1.0,100,55,0
msd_pancreas-to-flare22,exploratory-source-pairs,Q0044,msd_pancreas,OAKG,ndcg@10,0.0,100,55,0
msd_pancreas-to-flare22,exploratory-source-pairs,Q0044,msd_pancreas,OAKG-Union,ndcg@10,0.2082936658103318,100,55,0
msd_pancreas-to-flare22,exploratory-source-pairs,Q0044,msd_pancreas,WL,ndcg@10,0.6601585067762746,100,55,0
msd_pancreas-to-flare22,exploratory-source-pairs,Q0044,msd_pancreas,ZeroImputation,ndcg@10,1.0,100,55,0
msd_pancreas-to-flare22,exploratory-source-pairs,Q0045,msd_pancreas,MissingnessIndicators,ndcg@10,1.0,100,55,0
msd_pancreas-to-flare22,exploratory-source-pairs,Q0045,msd_pancreas,OAKG,ndcg@10,0.0,100,55,0
msd_pancreas-to-flare22,exploratory-source-pairs,Q0045,msd_pancreas,OAKG-Union,ndcg@10,0.09478836436955078,100,55,0
msd_pancreas-to-flare22,exploratory-source-pairs,Q0045,msd_pancreas,WL,ndcg@10,0.6601585067762746,100,55,0
msd_pancreas-to-flare22,exploratory-source-pairs,Q0045,msd_pancreas,ZeroImputation,ndcg@10,1.0,100,55,0
